<?xml version="1.0" encoding="UTF-8" standalone="no" ?>
<gpx xmlns="http://www.topografix.com/GPX/1/1" creator="www.plotaroute.com" version="1.1"  xmlns:xsi="http://www.w3.org/2001/XMLSchema-instance" xsi:schemaLocation="http://www.topografix.com/GPX/1/1 http://www.topografix.com/GPX/1/1/gpx.xsd">
<metadata>
<desc>Route created on plotaroute.com</desc>
</metadata>
<trk>
<name>BR100 2026 - V03</name>
<trkseg>
<trkpt lat="41.131165" lon="-81.483716">
<ele>305</ele>
<time>2026-07-20T18:15:00Z</time></trkpt>
<trkpt lat="41.130347" lon="-81.483885">
<ele>305</ele>
<time>2026-07-20T18:15:28Z</time></trkpt>
<trkpt lat="41.130347" lon="-81.483885">
<ele>305</ele>
<time>2026-07-20T18:15:28Z</time></trkpt>
<trkpt lat="41.129658" lon="-81.484291">
<ele>305</ele>
<time>2026-07-20T18:15:53Z</time></trkpt>
<trkpt lat="41.129646" lon="-81.484257">
<ele>305</ele>
<time>2026-07-20T18:15:54Z</time></trkpt>
<trkpt lat="41.129658" lon="-81.484291">
<ele>305</ele>
<time>2026-07-20T18:15:55Z</time></trkpt>
<trkpt lat="41.1279505" lon="-81.4853594">
<ele>306</ele>
<time>2026-07-20T18:17:04Z</time></trkpt>
<trkpt lat="41.127884" lon="-81.485399">
<ele>306</ele>
<time>2026-07-20T18:17:07Z</time></trkpt>
<trkpt lat="41.128348" lon="-81.486702">
<ele>309</ele>
<time>2026-07-20T18:17:51Z</time></trkpt>
<trkpt lat="41.128653" lon="-81.487567">
<ele>314</ele>
<time>2026-07-20T18:18:21Z</time></trkpt>
<trkpt lat="41.12902" lon="-81.488472">
<ele>317</ele>
<time>2026-07-20T18:18:52Z</time></trkpt>
<trkpt lat="41.1291" lon="-81.488741">
<ele>318</ele>
<time>2026-07-20T18:18:59Z</time></trkpt>
<trkpt lat="41.129114" lon="-81.48889">
<ele>319</ele>
<time>2026-07-20T18:19:03Z</time></trkpt>
<trkpt lat="41.129109" lon="-81.489646">
<ele>320</ele>
<time>2026-07-20T18:19:24Z</time></trkpt>
<trkpt lat="41.129109" lon="-81.48971">
<ele>320</ele>
<time>2026-07-20T18:19:24Z</time></trkpt>
<trkpt lat="41.129025" lon="-81.489711">
<ele>320</ele>
<time>2026-07-20T18:19:27Z</time></trkpt>
<trkpt lat="41.127752" lon="-81.489721">
<ele>320</ele>
<time>2026-07-20T18:20:12Z</time></trkpt>
<trkpt lat="41.127603" lon="-81.489799">
<ele>320</ele>
<time>2026-07-20T18:20:18Z</time></trkpt>
<trkpt lat="41.1268757" lon="-81.4898043">
<ele>318</ele>
<time>2026-07-20T18:20:43Z</time></trkpt>
<trkpt lat="41.126084" lon="-81.48981">
<ele>315</ele>
<time>2026-07-20T18:21:08Z</time></trkpt>
<trkpt lat="41.126084" lon="-81.48981">
<ele>315</ele>
<time>2026-07-20T18:21:08Z</time></trkpt>
<trkpt lat="41.1250048" lon="-81.4898145">
<ele>315</ele>
<time>2026-07-20T18:21:44Z</time></trkpt>
<trkpt lat="41.124707" lon="-81.489815">
<ele>315</ele>
<time>2026-07-20T18:21:54Z</time></trkpt>
<trkpt lat="41.124702" lon="-81.489906">
<ele>316</ele>
<time>2026-07-20T18:21:56Z</time></trkpt>
<trkpt lat="41.124694" lon="-81.490227">
<ele>317</ele>
<time>2026-07-20T18:22:04Z</time></trkpt>
<trkpt lat="41.124688" lon="-81.49047">
<ele>317</ele>
<time>2026-07-20T18:22:10Z</time></trkpt>
<trkpt lat="41.124684" lon="-81.490668">
<ele>317</ele>
<time>2026-07-20T18:22:15Z</time></trkpt>
<trkpt lat="41.124682" lon="-81.49075">
<ele>316</ele>
<time>2026-07-20T18:22:17Z</time></trkpt>
<trkpt lat="41.124628" lon="-81.490751">
<ele>317</ele>
<time>2026-07-20T18:22:19Z</time></trkpt>
<trkpt lat="41.124588" lon="-81.491785">
<ele>317</ele>
<time>2026-07-20T18:22:45Z</time></trkpt>
<trkpt lat="41.1245053" lon="-81.4945229">
<ele>317</ele>
<time>2026-07-20T18:23:55Z</time></trkpt>
<trkpt lat="41.1244878" lon="-81.4951279">
<ele>316</ele>
<time>2026-07-20T18:24:09Z</time></trkpt>
<trkpt lat="41.124465" lon="-81.495922">
<ele>314</ele>
<time>2026-07-20T18:24:28Z</time></trkpt>
<trkpt lat="41.124465" lon="-81.495922">
<ele>314</ele>
<time>2026-07-20T18:24:28Z</time></trkpt>
<trkpt lat="41.124455" lon="-81.496337">
<ele>311</ele>
<time>2026-07-20T18:24:37Z</time></trkpt>
<trkpt lat="41.124441" lon="-81.496798">
<ele>309</ele>
<time>2026-07-20T18:24:48Z</time></trkpt>
<trkpt lat="41.12448" lon="-81.496883">
<ele>309</ele>
<time>2026-07-20T18:24:51Z</time></trkpt>
<trkpt lat="41.124552" lon="-81.496929">
<ele>309</ele>
<time>2026-07-20T18:24:53Z</time></trkpt>
<trkpt lat="41.125004" lon="-81.496927">
<ele>309</ele>
<time>2026-07-20T18:25:07Z</time></trkpt>
<trkpt lat="41.125028" lon="-81.499581">
<ele>310</ele>
<time>2026-07-20T18:26:12Z</time></trkpt>
<trkpt lat="41.125028" lon="-81.499581">
<ele>310</ele>
<time>2026-07-20T18:26:12Z</time></trkpt>
<trkpt lat="41.125028" lon="-81.49969">
<ele>309</ele>
<time>2026-07-20T18:26:12Z</time></trkpt>
<trkpt lat="41.12544" lon="-81.500794">
<ele>308</ele>
<time>2026-07-20T18:26:42Z</time></trkpt>
<trkpt lat="41.125522" lon="-81.501164">
<ele>307</ele>
<time>2026-07-20T18:26:51Z</time></trkpt>
<trkpt lat="41.125556" lon="-81.501533">
<ele>306</ele>
<time>2026-07-20T18:27:00Z</time></trkpt>
<trkpt lat="41.125539" lon="-81.501904">
<ele>306</ele>
<time>2026-07-20T18:27:10Z</time></trkpt>
<trkpt lat="41.125505" lon="-81.502151">
<ele>306</ele>
<time>2026-07-20T18:27:16Z</time></trkpt>
<trkpt lat="41.125461" lon="-81.502337">
<ele>306</ele>
<time>2026-07-20T18:27:21Z</time></trkpt>
<trkpt lat="41.12533" lon="-81.502709">
<ele>306</ele>
<time>2026-07-20T18:27:31Z</time></trkpt>
<trkpt lat="41.124815" lon="-81.503827">
<ele>307</ele>
<time>2026-07-20T18:28:04Z</time></trkpt>
<trkpt lat="41.124765" lon="-81.504014">
<ele>307</ele>
<time>2026-07-20T18:28:09Z</time></trkpt>
<trkpt lat="41.12475" lon="-81.504318">
<ele>307</ele>
<time>2026-07-20T18:28:17Z</time></trkpt>
<trkpt lat="41.124751" lon="-81.505111">
<ele>307</ele>
<time>2026-07-20T18:28:36Z</time></trkpt>
<trkpt lat="41.124751" lon="-81.505111">
<ele>307</ele>
<time>2026-07-20T18:28:36Z</time></trkpt>
<trkpt lat="41.124752" lon="-81.506235">
<ele>307</ele>
<time>2026-07-20T18:29:05Z</time></trkpt>
<trkpt lat="41.124783" lon="-81.506482">
<ele>306</ele>
<time>2026-07-20T18:29:12Z</time></trkpt>
<trkpt lat="41.124839" lon="-81.506666">
<ele>307</ele>
<time>2026-07-20T18:29:17Z</time></trkpt>
<trkpt lat="41.124999" lon="-81.50699">
<ele>306</ele>
<time>2026-07-20T18:29:27Z</time></trkpt>
<trkpt lat="41.125113" lon="-81.506968">
<ele>306</ele>
<time>2026-07-20T18:29:31Z</time></trkpt>
<trkpt lat="41.125902" lon="-81.506974">
<ele>308</ele>
<time>2026-07-20T18:29:58Z</time></trkpt>
<trkpt lat="41.125902" lon="-81.506974">
<ele>308</ele>
<time>2026-07-20T18:29:58Z</time></trkpt>
<trkpt lat="41.126609" lon="-81.50698">
<ele>307</ele>
<time>2026-07-20T18:30:21Z</time></trkpt>
<trkpt lat="41.126609" lon="-81.50698">
<ele>307</ele>
<time>2026-07-20T18:30:21Z</time></trkpt>
<trkpt lat="41.126644" lon="-81.50698">
<ele>307</ele>
<time>2026-07-20T18:30:22Z</time></trkpt>
<trkpt lat="41.126567" lon="-81.508382">
<ele>305</ele>
<time>2026-07-20T18:30:56Z</time></trkpt>
<trkpt lat="41.126556" lon="-81.508797">
<ele>304</ele>
<time>2026-07-20T18:31:07Z</time></trkpt>
<trkpt lat="41.126556" lon="-81.508797">
<ele>304</ele>
<time>2026-07-20T18:31:07Z</time></trkpt>
<trkpt lat="41.126543" lon="-81.509681">
<ele>304</ele>
<time>2026-07-20T18:31:28Z</time></trkpt>
<trkpt lat="41.126532" lon="-81.509759">
<ele>304</ele>
<time>2026-07-20T18:31:30Z</time></trkpt>
<trkpt lat="41.1264" lon="-81.510016">
<ele>304</ele>
<time>2026-07-20T18:31:37Z</time></trkpt>
<trkpt lat="41.126332" lon="-81.51019">
<ele>304</ele>
<time>2026-07-20T18:31:42Z</time></trkpt>
<trkpt lat="41.126284" lon="-81.510438">
<ele>304</ele>
<time>2026-07-20T18:31:48Z</time></trkpt>
<trkpt lat="41.126178" lon="-81.51155">
<ele>302</ele>
<time>2026-07-20T18:32:13Z</time></trkpt>
<trkpt lat="41.126202" lon="-81.511841">
<ele>302</ele>
<time>2026-07-20T18:32:20Z</time></trkpt>
<trkpt lat="41.125762" lon="-81.51205">
<ele>298</ele>
<time>2026-07-20T18:32:33Z</time></trkpt>
<trkpt lat="41.125523" lon="-81.512186">
<ele>295</ele>
<time>2026-07-20T18:32:41Z</time></trkpt>
<trkpt lat="41.125381" lon="-81.512315">
<ele>295</ele>
<time>2026-07-20T18:32:46Z</time></trkpt>
<trkpt lat="41.125283" lon="-81.512475">
<ele>294</ele>
<time>2026-07-20T18:32:50Z</time></trkpt>
<trkpt lat="41.125216" lon="-81.512642">
<ele>294</ele>
<time>2026-07-20T18:32:54Z</time></trkpt>
<trkpt lat="41.125191" lon="-81.512799">
<ele>294</ele>
<time>2026-07-20T18:32:58Z</time></trkpt>
<trkpt lat="41.125194" lon="-81.512923">
<ele>293</ele>
<time>2026-07-20T18:33:01Z</time></trkpt>
<trkpt lat="41.125252" lon="-81.513151">
<ele>291</ele>
<time>2026-07-20T18:33:06Z</time></trkpt>
<trkpt lat="41.125346" lon="-81.513417">
<ele>290</ele>
<time>2026-07-20T18:33:12Z</time></trkpt>
<trkpt lat="41.125346" lon="-81.513417">
<ele>290</ele>
<time>2026-07-20T18:33:12Z</time></trkpt>
<trkpt lat="41.126108" lon="-81.515603">
<ele>274</ele>
<time>2026-07-20T18:34:01Z</time></trkpt>
<trkpt lat="41.126144" lon="-81.515747">
<ele>274</ele>
<time>2026-07-20T18:34:04Z</time></trkpt>
<trkpt lat="41.12612" lon="-81.516177">
<ele>273</ele>
<time>2026-07-20T18:34:12Z</time></trkpt>
<trkpt lat="41.126117" lon="-81.516194">
<ele>273</ele>
<time>2026-07-20T18:34:13Z</time></trkpt>
<trkpt lat="41.1261524" lon="-81.5164679">
<ele>272</ele>
<time>2026-07-20T18:34:18Z</time></trkpt>
<trkpt lat="41.1262353" lon="-81.5169856">
<ele>266</ele>
<time>2026-07-20T18:34:29Z</time></trkpt>
<trkpt lat="41.1262959" lon="-81.5171733">
<ele>264</ele>
<time>2026-07-20T18:34:33Z</time></trkpt>
<trkpt lat="41.1264474" lon="-81.5173531">
<ele>263</ele>
<time>2026-07-20T18:34:40Z</time></trkpt>
<trkpt lat="41.1265606" lon="-81.5174121">
<ele>263</ele>
<time>2026-07-20T18:34:46Z</time></trkpt>
<trkpt lat="41.126558" lon="-81.51742">
<ele>262</ele>
<time>2026-07-20T18:34:46Z</time></trkpt>
<trkpt lat="41.126577" lon="-81.51743">
<ele>262</ele>
<time>2026-07-20T18:34:47Z</time></trkpt>
<trkpt lat="41.126847" lon="-81.517567">
<ele>262</ele>
<time>2026-07-20T18:34:59Z</time></trkpt>
<trkpt lat="41.127043" lon="-81.51761">
<ele>263</ele>
<time>2026-07-20T18:35:08Z</time></trkpt>
<trkpt lat="41.12712" lon="-81.517598">
<ele>264</ele>
<time>2026-07-20T18:35:11Z</time></trkpt>
<trkpt lat="41.127443" lon="-81.517341">
<ele>268</ele>
<time>2026-07-20T18:35:27Z</time></trkpt>
<trkpt lat="41.127529" lon="-81.517339">
<ele>268</ele>
<time>2026-07-20T18:35:31Z</time></trkpt>
<trkpt lat="41.127659" lon="-81.517378">
<ele>267</ele>
<time>2026-07-20T18:35:37Z</time></trkpt>
<trkpt lat="41.127659" lon="-81.517378">
<ele>267</ele>
<time>2026-07-20T18:35:37Z</time></trkpt>
<trkpt lat="41.127877" lon="-81.517444">
<ele>266</ele>
<time>2026-07-20T18:35:46Z</time></trkpt>
<trkpt lat="41.127923" lon="-81.517451">
<ele>267</ele>
<time>2026-07-20T18:35:48Z</time></trkpt>
<trkpt lat="41.128116" lon="-81.517473">
<ele>267</ele>
<time>2026-07-20T18:35:56Z</time></trkpt>
<trkpt lat="41.12818" lon="-81.517429">
<ele>268</ele>
<time>2026-07-20T18:35:59Z</time></trkpt>
<trkpt lat="41.128409" lon="-81.517133">
<ele>272</ele>
<time>2026-07-20T18:36:13Z</time></trkpt>
<trkpt lat="41.128502" lon="-81.517051">
<ele>273</ele>
<time>2026-07-20T18:36:18Z</time></trkpt>
<trkpt lat="41.128697" lon="-81.516936">
<ele>275</ele>
<time>2026-07-20T18:36:27Z</time></trkpt>
<trkpt lat="41.128809" lon="-81.516926">
<ele>276</ele>
<time>2026-07-20T18:36:32Z</time></trkpt>
<trkpt lat="41.128809" lon="-81.516926">
<ele>276</ele>
<time>2026-07-20T18:36:32Z</time></trkpt>
<trkpt lat="41.128865" lon="-81.516921">
<ele>276</ele>
<time>2026-07-20T18:36:34Z</time></trkpt>
<trkpt lat="41.129358" lon="-81.516795">
<ele>274</ele>
<time>2026-07-20T18:36:57Z</time></trkpt>
<trkpt lat="41.129401" lon="-81.51679">
<ele>273</ele>
<time>2026-07-20T18:36:59Z</time></trkpt>
<trkpt lat="41.129454" lon="-81.516817">
<ele>272</ele>
<time>2026-07-20T18:37:02Z</time></trkpt>
<trkpt lat="41.129639" lon="-81.517009">
<ele>273</ele>
<time>2026-07-20T18:37:12Z</time></trkpt>
<trkpt lat="41.129734" lon="-81.517035">
<ele>275</ele>
<time>2026-07-20T18:37:17Z</time></trkpt>
<trkpt lat="41.129825" lon="-81.517022">
<ele>277</ele>
<time>2026-07-20T18:37:21Z</time></trkpt>
<trkpt lat="41.129925" lon="-81.516943">
<ele>277</ele>
<time>2026-07-20T18:37:26Z</time></trkpt>
<trkpt lat="41.129992" lon="-81.516865">
<ele>278</ele>
<time>2026-07-20T18:37:30Z</time></trkpt>
<trkpt lat="41.130078" lon="-81.516722">
<ele>279</ele>
<time>2026-07-20T18:37:37Z</time></trkpt>
<trkpt lat="41.130153" lon="-81.516649">
<ele>280</ele>
<time>2026-07-20T18:37:41Z</time></trkpt>
<trkpt lat="41.130229" lon="-81.516619">
<ele>281</ele>
<time>2026-07-20T18:37:45Z</time></trkpt>
<trkpt lat="41.130229" lon="-81.516619">
<ele>281</ele>
<time>2026-07-20T18:37:45Z</time></trkpt>
<trkpt lat="41.130389" lon="-81.516556">
<ele>284</ele>
<time>2026-07-20T18:37:52Z</time></trkpt>
<trkpt lat="41.130469" lon="-81.516508">
<ele>285</ele>
<time>2026-07-20T18:37:56Z</time></trkpt>
<trkpt lat="41.130527" lon="-81.516439">
<ele>286</ele>
<time>2026-07-20T18:38:00Z</time></trkpt>
<trkpt lat="41.13085" lon="-81.515812">
<ele>291</ele>
<time>2026-07-20T18:38:26Z</time></trkpt>
<trkpt lat="41.130944" lon="-81.515713">
<ele>290</ele>
<time>2026-07-20T18:38:32Z</time></trkpt>
<trkpt lat="41.130975" lon="-81.515718">
<ele>290</ele>
<time>2026-07-20T18:38:33Z</time></trkpt>
<trkpt lat="41.13102" lon="-81.515728">
<ele>291</ele>
<time>2026-07-20T18:38:35Z</time></trkpt>
<trkpt lat="41.130877" lon="-81.516047">
<ele>292</ele>
<time>2026-07-20T18:38:48Z</time></trkpt>
<trkpt lat="41.130784" lon="-81.516323">
<ele>292</ele>
<time>2026-07-20T18:38:59Z</time></trkpt>
<trkpt lat="41.130784" lon="-81.516323">
<ele>292</ele>
<time>2026-07-20T18:38:59Z</time></trkpt>
<trkpt lat="41.130399" lon="-81.517583">
<ele>300</ele>
<time>2026-07-20T18:39:35Z</time></trkpt>
<trkpt lat="41.130358" lon="-81.517587">
<ele>300</ele>
<time>2026-07-20T18:39:37Z</time></trkpt>
<trkpt lat="41.130194" lon="-81.518062">
<ele>301</ele>
<time>2026-07-20T18:39:51Z</time></trkpt>
<trkpt lat="41.129984" lon="-81.518518">
<ele>298</ele>
<time>2026-07-20T18:40:05Z</time></trkpt>
<trkpt lat="41.129849" lon="-81.518809">
<ele>297</ele>
<time>2026-07-20T18:40:14Z</time></trkpt>
<trkpt lat="41.129794" lon="-81.518913">
<ele>296</ele>
<time>2026-07-20T18:40:18Z</time></trkpt>
<trkpt lat="41.129674" lon="-81.519133">
<ele>294</ele>
<time>2026-07-20T18:40:25Z</time></trkpt>
<trkpt lat="41.129652" lon="-81.519154">
<ele>294</ele>
<time>2026-07-20T18:40:26Z</time></trkpt>
<trkpt lat="41.129635" lon="-81.519239">
<ele>294</ele>
<time>2026-07-20T18:40:28Z</time></trkpt>
<trkpt lat="41.129632" lon="-81.519244">
<ele>294</ele>
<time>2026-07-20T18:40:28Z</time></trkpt>
<trkpt lat="41.129632" lon="-81.519244">
<ele>294</ele>
<time>2026-07-20T18:40:28Z</time></trkpt>
<trkpt lat="41.129635" lon="-81.519239">
<ele>294</ele>
<time>2026-07-20T18:40:29Z</time></trkpt>
<trkpt lat="41.129413" lon="-81.519071">
<ele>294</ele>
<time>2026-07-20T18:40:38Z</time></trkpt>
<trkpt lat="41.129166" lon="-81.518926">
<ele>295</ele>
<time>2026-07-20T18:40:47Z</time></trkpt>
<trkpt lat="41.12888" lon="-81.518871">
<ele>295</ele>
<time>2026-07-20T18:40:55Z</time></trkpt>
<trkpt lat="41.128745" lon="-81.518884">
<ele>295</ele>
<time>2026-07-20T18:40:59Z</time></trkpt>
<trkpt lat="41.128745" lon="-81.518884">
<ele>295</ele>
<time>2026-07-20T18:40:59Z</time></trkpt>
<trkpt lat="41.127719" lon="-81.519081">
<ele>289</ele>
<time>2026-07-20T18:41:29Z</time></trkpt>
<trkpt lat="41.126676" lon="-81.519091">
<ele>281</ele>
<time>2026-07-20T18:42:00Z</time></trkpt>
<trkpt lat="41.126609" lon="-81.519116">
<ele>281</ele>
<time>2026-07-20T18:42:02Z</time></trkpt>
<trkpt lat="41.126523" lon="-81.519185">
<ele>280</ele>
<time>2026-07-20T18:42:05Z</time></trkpt>
<trkpt lat="41.126448" lon="-81.519289">
<ele>280</ele>
<time>2026-07-20T18:42:08Z</time></trkpt>
<trkpt lat="41.126422" lon="-81.519361">
<ele>280</ele>
<time>2026-07-20T18:42:10Z</time></trkpt>
<trkpt lat="41.126392" lon="-81.51959">
<ele>279</ele>
<time>2026-07-20T18:42:15Z</time></trkpt>
<trkpt lat="41.1263848" lon="-81.5196946">
<ele>279</ele>
<time>2026-07-20T18:42:18Z</time></trkpt>
<trkpt lat="41.126409" lon="-81.5198234">
<ele>279</ele>
<time>2026-07-20T18:42:21Z</time></trkpt>
<trkpt lat="41.1264434" lon="-81.5199709">
<ele>279</ele>
<time>2026-07-20T18:42:25Z</time></trkpt>
<trkpt lat="41.1265282" lon="-81.5202391">
<ele>279</ele>
<time>2026-07-20T18:42:32Z</time></trkpt>
<trkpt lat="41.1265282" lon="-81.5202713">
<ele>279</ele>
<time>2026-07-20T18:42:32Z</time></trkpt>
<trkpt lat="41.126528" lon="-81.520277">
<ele>279</ele>
<time>2026-07-20T18:42:32Z</time></trkpt>
<trkpt lat="41.126186" lon="-81.520292">
<ele>278</ele>
<time>2026-07-20T18:42:43Z</time></trkpt>
<trkpt lat="41.126102" lon="-81.520277">
<ele>278</ele>
<time>2026-07-20T18:42:45Z</time></trkpt>
<trkpt lat="41.125833" lon="-81.520166">
<ele>278</ele>
<time>2026-07-20T18:42:54Z</time></trkpt>
<trkpt lat="41.125643" lon="-81.520051">
<ele>277</ele>
<time>2026-07-20T18:43:01Z</time></trkpt>
<trkpt lat="41.125569" lon="-81.520051">
<ele>277</ele>
<time>2026-07-20T18:43:03Z</time></trkpt>
<trkpt lat="41.125403" lon="-81.520164">
<ele>275</ele>
<time>2026-07-20T18:43:09Z</time></trkpt>
<trkpt lat="41.125403" lon="-81.520164">
<ele>275</ele>
<time>2026-07-20T18:43:09Z</time></trkpt>
<trkpt lat="41.125009" lon="-81.520431">
<ele>275</ele>
<time>2026-07-20T18:43:23Z</time></trkpt>
<trkpt lat="41.124977" lon="-81.520513">
<ele>275</ele>
<time>2026-07-20T18:43:26Z</time></trkpt>
<trkpt lat="41.124973" lon="-81.520565">
<ele>275</ele>
<time>2026-07-20T18:43:27Z</time></trkpt>
<trkpt lat="41.124973" lon="-81.520565">
<ele>275</ele>
<time>2026-07-20T18:43:27Z</time></trkpt>
<trkpt lat="41.124971" lon="-81.520616">
<ele>275</ele>
<time>2026-07-20T18:43:28Z</time></trkpt>
<trkpt lat="41.125139" lon="-81.52082">
<ele>275</ele>
<time>2026-07-20T18:43:35Z</time></trkpt>
<trkpt lat="41.125318" lon="-81.521246">
<ele>275</ele>
<time>2026-07-20T18:43:47Z</time></trkpt>
<trkpt lat="41.125391" lon="-81.521317">
<ele>275</ele>
<time>2026-07-20T18:43:51Z</time></trkpt>
<trkpt lat="41.125505" lon="-81.521314">
<ele>276</ele>
<time>2026-07-20T18:43:55Z</time></trkpt>
<trkpt lat="41.125634" lon="-81.521216">
<ele>276</ele>
<time>2026-07-20T18:44:01Z</time></trkpt>
<trkpt lat="41.12598" lon="-81.52123">
<ele>277</ele>
<time>2026-07-20T18:44:14Z</time></trkpt>
<trkpt lat="41.126071" lon="-81.521303">
<ele>277</ele>
<time>2026-07-20T18:44:18Z</time></trkpt>
<trkpt lat="41.126071" lon="-81.521303">
<ele>277</ele>
<time>2026-07-20T18:44:18Z</time></trkpt>
<trkpt lat="41.126104" lon="-81.521329">
<ele>277</ele>
<time>2026-07-20T18:44:20Z</time></trkpt>
<trkpt lat="41.126362" lon="-81.521283">
<ele>277</ele>
<time>2026-07-20T18:44:30Z</time></trkpt>
<trkpt lat="41.126518" lon="-81.521281">
<ele>277</ele>
<time>2026-07-20T18:44:35Z</time></trkpt>
<trkpt lat="41.126821" lon="-81.521358">
<ele>279</ele>
<time>2026-07-20T18:44:47Z</time></trkpt>
<trkpt lat="41.126963" lon="-81.521458">
<ele>279</ele>
<time>2026-07-20T18:44:53Z</time></trkpt>
<trkpt lat="41.12705" lon="-81.521495">
<ele>279</ele>
<time>2026-07-20T18:44:57Z</time></trkpt>
<trkpt lat="41.127636" lon="-81.521536">
<ele>281</ele>
<time>2026-07-20T18:45:19Z</time></trkpt>
<trkpt lat="41.128035" lon="-81.521631">
<ele>281</ele>
<time>2026-07-20T18:45:35Z</time></trkpt>
<trkpt lat="41.128338" lon="-81.521664">
<ele>282</ele>
<time>2026-07-20T18:45:49Z</time></trkpt>
<trkpt lat="41.12833" lon="-81.521823">
<ele>283</ele>
<time>2026-07-20T18:45:55Z</time></trkpt>
<trkpt lat="41.128372" lon="-81.521914">
<ele>283</ele>
<time>2026-07-20T18:45:59Z</time></trkpt>
<trkpt lat="41.128372" lon="-81.521914">
<ele>283</ele>
<time>2026-07-20T18:45:59Z</time></trkpt>
<trkpt lat="41.128534" lon="-81.522131">
<ele>285</ele>
<time>2026-07-20T18:46:11Z</time></trkpt>
<trkpt lat="41.129209" lon="-81.522204">
<ele>291</ele>
<time>2026-07-20T18:46:46Z</time></trkpt>
<trkpt lat="41.129209" lon="-81.522204">
<ele>291</ele>
<time>2026-07-20T18:46:46Z</time></trkpt>
<trkpt lat="41.131644" lon="-81.522435">
<ele>304</ele>
<time>2026-07-20T18:48:38Z</time></trkpt>
<trkpt lat="41.131644" lon="-81.522435">
<ele>304</ele>
<time>2026-07-20T18:48:38Z</time></trkpt>
<trkpt lat="41.13296" lon="-81.522554">
<ele>300</ele>
<time>2026-07-20T18:49:23Z</time></trkpt>
<trkpt lat="41.133251" lon="-81.522478">
<ele>301</ele>
<time>2026-07-20T18:49:33Z</time></trkpt>
<trkpt lat="41.133897" lon="-81.522243">
<ele>304</ele>
<time>2026-07-20T18:49:56Z</time></trkpt>
<trkpt lat="41.135835" lon="-81.521832">
<ele>304</ele>
<time>2026-07-20T18:51:05Z</time></trkpt>
<trkpt lat="41.135835" lon="-81.521832">
<ele>304</ele>
<time>2026-07-20T18:51:05Z</time></trkpt>
<trkpt lat="41.136062" lon="-81.521796">
<ele>304</ele>
<time>2026-07-20T18:51:13Z</time></trkpt>
<trkpt lat="41.136163" lon="-81.5218">
<ele>305</ele>
<time>2026-07-20T18:51:16Z</time></trkpt>
<trkpt lat="41.136259" lon="-81.521834">
<ele>305</ele>
<time>2026-07-20T18:51:20Z</time></trkpt>
<trkpt lat="41.13644" lon="-81.521967">
<ele>306</ele>
<time>2026-07-20T18:51:27Z</time></trkpt>
<trkpt lat="41.136505" lon="-81.522043">
<ele>306</ele>
<time>2026-07-20T18:51:30Z</time></trkpt>
<trkpt lat="41.136566" lon="-81.522126">
<ele>306</ele>
<time>2026-07-20T18:51:33Z</time></trkpt>
<trkpt lat="41.136713" lon="-81.522395">
<ele>308</ele>
<time>2026-07-20T18:51:42Z</time></trkpt>
<trkpt lat="41.136843" lon="-81.522555">
<ele>309</ele>
<time>2026-07-20T18:51:49Z</time></trkpt>
<trkpt lat="41.136948" lon="-81.522634">
<ele>309</ele>
<time>2026-07-20T18:51:53Z</time></trkpt>
<trkpt lat="41.137171" lon="-81.522729">
<ele>307</ele>
<time>2026-07-20T18:52:02Z</time></trkpt>
<trkpt lat="41.137186" lon="-81.526017">
<ele>311</ele>
<time>2026-07-20T18:53:33Z</time></trkpt>
<trkpt lat="41.137186" lon="-81.526017">
<ele>311</ele>
<time>2026-07-20T18:53:33Z</time></trkpt>
<trkpt lat="41.137193" lon="-81.527614">
<ele>310</ele>
<time>2026-07-20T18:54:12Z</time></trkpt>
<trkpt lat="41.136411" lon="-81.527622">
<ele>310</ele>
<time>2026-07-20T18:54:37Z</time></trkpt>
<trkpt lat="41.136396" lon="-81.527809">
<ele>310</ele>
<time>2026-07-20T18:54:41Z</time></trkpt>
<trkpt lat="41.136396" lon="-81.527809">
<ele>310</ele>
<time>2026-07-20T18:54:41Z</time></trkpt>
<trkpt lat="41.136322" lon="-81.527993">
<ele>309</ele>
<time>2026-07-20T18:54:46Z</time></trkpt>
<trkpt lat="41.136244" lon="-81.528106">
<ele>309</ele>
<time>2026-07-20T18:54:50Z</time></trkpt>
<trkpt lat="41.136163" lon="-81.52833">
<ele>309</ele>
<time>2026-07-20T18:54:56Z</time></trkpt>
<trkpt lat="41.136282" lon="-81.528423">
<ele>308</ele>
<time>2026-07-20T18:55:01Z</time></trkpt>
<trkpt lat="41.136371" lon="-81.52853">
<ele>308</ele>
<time>2026-07-20T18:55:04Z</time></trkpt>
<trkpt lat="41.136416" lon="-81.528635">
<ele>308</ele>
<time>2026-07-20T18:55:07Z</time></trkpt>
<trkpt lat="41.136425" lon="-81.528763">
<ele>307</ele>
<time>2026-07-20T18:55:10Z</time></trkpt>
<trkpt lat="41.136516" lon="-81.52895">
<ele>305</ele>
<time>2026-07-20T18:55:15Z</time></trkpt>
<trkpt lat="41.136521" lon="-81.529299">
<ele>304</ele>
<time>2026-07-20T18:55:23Z</time></trkpt>
<trkpt lat="41.136497" lon="-81.529495">
<ele>303</ele>
<time>2026-07-20T18:55:28Z</time></trkpt>
<trkpt lat="41.136498" lon="-81.529804">
<ele>305</ele>
<time>2026-07-20T18:55:35Z</time></trkpt>
<trkpt lat="41.13648" lon="-81.52986">
<ele>305</ele>
<time>2026-07-20T18:55:36Z</time></trkpt>
<trkpt lat="41.136423" lon="-81.529948">
<ele>305</ele>
<time>2026-07-20T18:55:39Z</time></trkpt>
<trkpt lat="41.136309" lon="-81.530404">
<ele>305</ele>
<time>2026-07-20T18:55:50Z</time></trkpt>
<trkpt lat="41.136269" lon="-81.530513">
<ele>305</ele>
<time>2026-07-20T18:55:52Z</time></trkpt>
<trkpt lat="41.136168" lon="-81.530692">
<ele>305</ele>
<time>2026-07-20T18:55:57Z</time></trkpt>
<trkpt lat="41.136177" lon="-81.530781">
<ele>305</ele>
<time>2026-07-20T18:55:59Z</time></trkpt>
<trkpt lat="41.136177" lon="-81.530781">
<ele>305</ele>
<time>2026-07-20T18:55:59Z</time></trkpt>
<trkpt lat="41.136189" lon="-81.530905">
<ele>305</ele>
<time>2026-07-20T18:56:02Z</time></trkpt>
<trkpt lat="41.136234" lon="-81.531103">
<ele>304</ele>
<time>2026-07-20T18:56:07Z</time></trkpt>
<trkpt lat="41.136229" lon="-81.531254">
<ele>303</ele>
<time>2026-07-20T18:56:10Z</time></trkpt>
<trkpt lat="41.136255" lon="-81.531485">
<ele>302</ele>
<time>2026-07-20T18:56:16Z</time></trkpt>
<trkpt lat="41.136248" lon="-81.531558">
<ele>302</ele>
<time>2026-07-20T18:56:17Z</time></trkpt>
<trkpt lat="41.136232" lon="-81.531604">
<ele>302</ele>
<time>2026-07-20T18:56:19Z</time></trkpt>
<trkpt lat="41.136165" lon="-81.531676">
<ele>301</ele>
<time>2026-07-20T18:56:21Z</time></trkpt>
<trkpt lat="41.135923" lon="-81.531851">
<ele>297</ele>
<time>2026-07-20T18:56:30Z</time></trkpt>
<trkpt lat="41.135891" lon="-81.531956">
<ele>297</ele>
<time>2026-07-20T18:56:32Z</time></trkpt>
<trkpt lat="41.135852" lon="-81.532598">
<ele>298</ele>
<time>2026-07-20T18:56:47Z</time></trkpt>
<trkpt lat="41.135859" lon="-81.532695">
<ele>298</ele>
<time>2026-07-20T18:56:49Z</time></trkpt>
<trkpt lat="41.13588" lon="-81.532755">
<ele>299</ele>
<time>2026-07-20T18:56:50Z</time></trkpt>
<trkpt lat="41.135946" lon="-81.532861">
<ele>299</ele>
<time>2026-07-20T18:56:53Z</time></trkpt>
<trkpt lat="41.135983" lon="-81.532975">
<ele>299</ele>
<time>2026-07-20T18:56:56Z</time></trkpt>
<trkpt lat="41.135999" lon="-81.533282">
<ele>299</ele>
<time>2026-07-20T18:57:03Z</time></trkpt>
<trkpt lat="41.135997" lon="-81.533371">
<ele>299</ele>
<time>2026-07-20T18:57:05Z</time></trkpt>
<trkpt lat="41.135976" lon="-81.533429">
<ele>299</ele>
<time>2026-07-20T18:57:07Z</time></trkpt>
<trkpt lat="41.135918" lon="-81.533487">
<ele>299</ele>
<time>2026-07-20T18:57:09Z</time></trkpt>
<trkpt lat="41.135854" lon="-81.533486">
<ele>299</ele>
<time>2026-07-20T18:57:11Z</time></trkpt>
<trkpt lat="41.135674" lon="-81.533414">
<ele>298</ele>
<time>2026-07-20T18:57:16Z</time></trkpt>
<trkpt lat="41.135631" lon="-81.533416">
<ele>298</ele>
<time>2026-07-20T18:57:18Z</time></trkpt>
<trkpt lat="41.135462" lon="-81.533546">
<ele>297</ele>
<time>2026-07-20T18:57:24Z</time></trkpt>
<trkpt lat="41.135283" lon="-81.533647">
<ele>297</ele>
<time>2026-07-20T18:57:29Z</time></trkpt>
<trkpt lat="41.134838" lon="-81.533768">
<ele>294</ele>
<time>2026-07-20T18:57:43Z</time></trkpt>
<trkpt lat="41.134797" lon="-81.533735">
<ele>293</ele>
<time>2026-07-20T18:57:44Z</time></trkpt>
<trkpt lat="41.134797" lon="-81.533735">
<ele>293</ele>
<time>2026-07-20T18:57:44Z</time></trkpt>
<trkpt lat="41.134746" lon="-81.533645">
<ele>292</ele>
<time>2026-07-20T18:57:47Z</time></trkpt>
<trkpt lat="41.134722" lon="-81.533633">
<ele>292</ele>
<time>2026-07-20T18:57:48Z</time></trkpt>
<trkpt lat="41.134452" lon="-81.533653">
<ele>286</ele>
<time>2026-07-20T18:57:56Z</time></trkpt>
<trkpt lat="41.134241" lon="-81.533848">
<ele>283</ele>
<time>2026-07-20T18:58:03Z</time></trkpt>
<trkpt lat="41.134204" lon="-81.533993">
<ele>282</ele>
<time>2026-07-20T18:58:06Z</time></trkpt>
<trkpt lat="41.134174" lon="-81.534026">
<ele>281</ele>
<time>2026-07-20T18:58:07Z</time></trkpt>
<trkpt lat="41.134136" lon="-81.534035">
<ele>280</ele>
<time>2026-07-20T18:58:09Z</time></trkpt>
<trkpt lat="41.134106" lon="-81.534014">
<ele>280</ele>
<time>2026-07-20T18:58:09Z</time></trkpt>
<trkpt lat="41.134089" lon="-81.533972">
<ele>280</ele>
<time>2026-07-20T18:58:10Z</time></trkpt>
<trkpt lat="41.134065" lon="-81.533785">
<ele>279</ele>
<time>2026-07-20T18:58:14Z</time></trkpt>
<trkpt lat="41.134006" lon="-81.533585">
<ele>276</ele>
<time>2026-07-20T18:58:19Z</time></trkpt>
<trkpt lat="41.133993" lon="-81.533499">
<ele>275</ele>
<time>2026-07-20T18:58:21Z</time></trkpt>
<trkpt lat="41.134045" lon="-81.533262">
<ele>272</ele>
<time>2026-07-20T18:58:26Z</time></trkpt>
<trkpt lat="41.134018" lon="-81.533204">
<ele>271</ele>
<time>2026-07-20T18:58:27Z</time></trkpt>
<trkpt lat="41.133984" lon="-81.533177">
<ele>270</ele>
<time>2026-07-20T18:58:28Z</time></trkpt>
<trkpt lat="41.133929" lon="-81.533155">
<ele>270</ele>
<time>2026-07-20T18:58:30Z</time></trkpt>
<trkpt lat="41.133868" lon="-81.533166">
<ele>269</ele>
<time>2026-07-20T18:58:32Z</time></trkpt>
<trkpt lat="41.133801" lon="-81.533208">
<ele>269</ele>
<time>2026-07-20T18:58:34Z</time></trkpt>
<trkpt lat="41.133688" lon="-81.533353">
<ele>270</ele>
<time>2026-07-20T18:58:38Z</time></trkpt>
<trkpt lat="41.133633" lon="-81.53338">
<ele>269</ele>
<time>2026-07-20T18:58:40Z</time></trkpt>
<trkpt lat="41.133478" lon="-81.533395">
<ele>269</ele>
<time>2026-07-20T18:58:44Z</time></trkpt>
<trkpt lat="41.13334" lon="-81.533378">
<ele>268</ele>
<time>2026-07-20T18:58:48Z</time></trkpt>
<trkpt lat="41.133308" lon="-81.533399">
<ele>267</ele>
<time>2026-07-20T18:58:49Z</time></trkpt>
<trkpt lat="41.133245" lon="-81.533511">
<ele>265</ele>
<time>2026-07-20T18:58:51Z</time></trkpt>
<trkpt lat="41.133158" lon="-81.533793">
<ele>264</ele>
<time>2026-07-20T18:58:58Z</time></trkpt>
<trkpt lat="41.133168" lon="-81.534062">
<ele>264</ele>
<time>2026-07-20T18:59:03Z</time></trkpt>
<trkpt lat="41.13307" lon="-81.534681">
<ele>264</ele>
<time>2026-07-20T18:59:17Z</time></trkpt>
<trkpt lat="41.13308" lon="-81.53477">
<ele>264</ele>
<time>2026-07-20T18:59:18Z</time></trkpt>
<trkpt lat="41.133102" lon="-81.534812">
<ele>264</ele>
<time>2026-07-20T18:59:19Z</time></trkpt>
<trkpt lat="41.133168" lon="-81.534834">
<ele>264</ele>
<time>2026-07-20T18:59:21Z</time></trkpt>
<trkpt lat="41.133389" lon="-81.534786">
<ele>265</ele>
<time>2026-07-20T18:59:27Z</time></trkpt>
<trkpt lat="41.133389" lon="-81.534786">
<ele>265</ele>
<time>2026-07-20T18:59:27Z</time></trkpt>
<trkpt lat="41.133528" lon="-81.534777">
<ele>265</ele>
<time>2026-07-20T18:59:31Z</time></trkpt>
<trkpt lat="41.133111" lon="-81.535226">
<ele>260</ele>
<time>2026-07-20T18:59:44Z</time></trkpt>
<trkpt lat="41.133056" lon="-81.535301">
<ele>258</ele>
<time>2026-07-20T18:59:46Z</time></trkpt>
<trkpt lat="41.133" lon="-81.535421">
<ele>257</ele>
<time>2026-07-20T18:59:49Z</time></trkpt>
<trkpt lat="41.132939" lon="-81.535641">
<ele>254</ele>
<time>2026-07-20T18:59:54Z</time></trkpt>
<trkpt lat="41.132941" lon="-81.535841">
<ele>252</ele>
<time>2026-07-20T18:59:57Z</time></trkpt>
<trkpt lat="41.132854" lon="-81.536117">
<ele>247</ele>
<time>2026-07-20T19:00:03Z</time></trkpt>
<trkpt lat="41.132794" lon="-81.536392">
<ele>243</ele>
<time>2026-07-20T19:00:09Z</time></trkpt>
<trkpt lat="41.132785" lon="-81.536673">
<ele>241</ele>
<time>2026-07-20T19:00:14Z</time></trkpt>
<trkpt lat="41.132702" lon="-81.536925">
<ele>242</ele>
<time>2026-07-20T19:00:19Z</time></trkpt>
<trkpt lat="41.132695" lon="-81.53743">
<ele>237</ele>
<time>2026-07-20T19:00:29Z</time></trkpt>
<trkpt lat="41.13267" lon="-81.5375">
<ele>237</ele>
<time>2026-07-20T19:00:31Z</time></trkpt>
<trkpt lat="41.132634" lon="-81.537547">
<ele>237</ele>
<time>2026-07-20T19:00:32Z</time></trkpt>
<trkpt lat="41.132464" lon="-81.537657">
<ele>236</ele>
<time>2026-07-20T19:00:37Z</time></trkpt>
<trkpt lat="41.132426" lon="-81.5377">
<ele>236</ele>
<time>2026-07-20T19:00:38Z</time></trkpt>
<trkpt lat="41.132394" lon="-81.537785">
<ele>236</ele>
<time>2026-07-20T19:00:41Z</time></trkpt>
<trkpt lat="41.132392" lon="-81.537954">
<ele>235</ele>
<time>2026-07-20T19:00:45Z</time></trkpt>
<trkpt lat="41.132422" lon="-81.538026">
<ele>235</ele>
<time>2026-07-20T19:00:47Z</time></trkpt>
<trkpt lat="41.132544" lon="-81.538115">
<ele>235</ele>
<time>2026-07-20T19:00:51Z</time></trkpt>
<trkpt lat="41.13268" lon="-81.538159">
<ele>234</ele>
<time>2026-07-20T19:00:56Z</time></trkpt>
<trkpt lat="41.132769" lon="-81.53828">
<ele>233</ele>
<time>2026-07-20T19:01:00Z</time></trkpt>
<trkpt lat="41.132802" lon="-81.538364">
<ele>233</ele>
<time>2026-07-20T19:01:03Z</time></trkpt>
<trkpt lat="41.132819" lon="-81.538559">
<ele>231</ele>
<time>2026-07-20T19:01:07Z</time></trkpt>
<trkpt lat="41.132819" lon="-81.538559">
<ele>231</ele>
<time>2026-07-20T19:01:07Z</time></trkpt>
<trkpt lat="41.132821" lon="-81.538722">
<ele>230</ele>
<time>2026-07-20T19:01:11Z</time></trkpt>
<trkpt lat="41.132819" lon="-81.539221">
<ele>229</ele>
<time>2026-07-20T19:01:24Z</time></trkpt>
<trkpt lat="41.132799" lon="-81.539359">
<ele>229</ele>
<time>2026-07-20T19:01:27Z</time></trkpt>
<trkpt lat="41.132746" lon="-81.53954">
<ele>229</ele>
<time>2026-07-20T19:01:32Z</time></trkpt>
<trkpt lat="41.132603" lon="-81.539917">
<ele>231</ele>
<time>2026-07-20T19:01:42Z</time></trkpt>
<trkpt lat="41.132396" lon="-81.539769">
<ele>232</ele>
<time>2026-07-20T19:01:50Z</time></trkpt>
<trkpt lat="41.132295" lon="-81.539759">
<ele>232</ele>
<time>2026-07-20T19:01:53Z</time></trkpt>
<trkpt lat="41.132126" lon="-81.539809">
<ele>232</ele>
<time>2026-07-20T19:01:59Z</time></trkpt>
<trkpt lat="41.132035" lon="-81.539878">
<ele>232</ele>
<time>2026-07-20T19:02:02Z</time></trkpt>
<trkpt lat="41.13192" lon="-81.539951">
<ele>232</ele>
<time>2026-07-20T19:02:07Z</time></trkpt>
<trkpt lat="41.131771" lon="-81.540002">
<ele>233</ele>
<time>2026-07-20T19:02:12Z</time></trkpt>
<trkpt lat="41.131629" lon="-81.540003">
<ele>234</ele>
<time>2026-07-20T19:02:17Z</time></trkpt>
<trkpt lat="41.131494" lon="-81.539967">
<ele>234</ele>
<time>2026-07-20T19:02:24Z</time></trkpt>
<trkpt lat="41.131355" lon="-81.539921">
<ele>234</ele>
<time>2026-07-20T19:02:30Z</time></trkpt>
<trkpt lat="41.131164" lon="-81.54039">
<ele>234</ele>
<time>2026-07-20T19:02:49Z</time></trkpt>
<trkpt lat="41.131153" lon="-81.540508">
<ele>234</ele>
<time>2026-07-20T19:02:53Z</time></trkpt>
<trkpt lat="41.131152" lon="-81.540676">
<ele>235</ele>
<time>2026-07-20T19:02:59Z</time></trkpt>
<trkpt lat="41.131151" lon="-81.540836">
<ele>235</ele>
<time>2026-07-20T19:03:04Z</time></trkpt>
<trkpt lat="41.131179" lon="-81.541163">
<ele>236</ele>
<time>2026-07-20T19:03:16Z</time></trkpt>
<trkpt lat="41.131242" lon="-81.541435">
<ele>236</ele>
<time>2026-07-20T19:03:25Z</time></trkpt>
<trkpt lat="41.131242" lon="-81.541435">
<ele>236</ele>
<time>2026-07-20T19:03:25Z</time></trkpt>
<trkpt lat="41.131264" lon="-81.541528">
<ele>236</ele>
<time>2026-07-20T19:03:29Z</time></trkpt>
<trkpt lat="41.131323" lon="-81.541617">
<ele>235</ele>
<time>2026-07-20T19:03:33Z</time></trkpt>
<trkpt lat="41.131317" lon="-81.541694">
<ele>236</ele>
<time>2026-07-20T19:03:36Z</time></trkpt>
<trkpt lat="41.131273" lon="-81.541775">
<ele>237</ele>
<time>2026-07-20T19:03:39Z</time></trkpt>
<trkpt lat="41.13126" lon="-81.541934">
<ele>240</ele>
<time>2026-07-20T19:03:45Z</time></trkpt>
<trkpt lat="41.131226" lon="-81.542024">
<ele>242</ele>
<time>2026-07-20T19:03:48Z</time></trkpt>
<trkpt lat="41.131233" lon="-81.542099">
<ele>242</ele>
<time>2026-07-20T19:03:51Z</time></trkpt>
<trkpt lat="41.131217" lon="-81.542172">
<ele>243</ele>
<time>2026-07-20T19:03:53Z</time></trkpt>
<trkpt lat="41.131104" lon="-81.542284">
<ele>250</ele>
<time>2026-07-20T19:04:00Z</time></trkpt>
<trkpt lat="41.131109" lon="-81.542364">
<ele>251</ele>
<time>2026-07-20T19:04:03Z</time></trkpt>
<trkpt lat="41.131224" lon="-81.542591">
<ele>245</ele>
<time>2026-07-20T19:04:12Z</time></trkpt>
<trkpt lat="41.131232" lon="-81.542694">
<ele>245</ele>
<time>2026-07-20T19:04:16Z</time></trkpt>
<trkpt lat="41.131218" lon="-81.54276">
<ele>246</ele>
<time>2026-07-20T19:04:18Z</time></trkpt>
<trkpt lat="41.131" lon="-81.543142">
<ele>251</ele>
<time>2026-07-20T19:04:35Z</time></trkpt>
<trkpt lat="41.130819" lon="-81.54373">
<ele>249</ele>
<time>2026-07-20T19:04:59Z</time></trkpt>
<trkpt lat="41.130744" lon="-81.543856">
<ele>248</ele>
<time>2026-07-20T19:05:05Z</time></trkpt>
<trkpt lat="41.130725" lon="-81.54376">
<ele>249</ele>
<time>2026-07-20T19:05:09Z</time></trkpt>
<trkpt lat="41.130725" lon="-81.54376">
<ele>249</ele>
<time>2026-07-20T19:05:09Z</time></trkpt>
<trkpt lat="41.130685" lon="-81.543556">
<ele>251</ele>
<time>2026-07-20T19:05:17Z</time></trkpt>
<trkpt lat="41.130577" lon="-81.543382">
<ele>253</ele>
<time>2026-07-20T19:05:25Z</time></trkpt>
<trkpt lat="41.130496" lon="-81.543292">
<ele>255</ele>
<time>2026-07-20T19:05:31Z</time></trkpt>
<trkpt lat="41.130328" lon="-81.543257">
<ele>256</ele>
<time>2026-07-20T19:05:39Z</time></trkpt>
<trkpt lat="41.130327" lon="-81.543194">
<ele>257</ele>
<time>2026-07-20T19:05:42Z</time></trkpt>
<trkpt lat="41.130375" lon="-81.54304">
<ele>258</ele>
<time>2026-07-20T19:05:48Z</time></trkpt>
<trkpt lat="41.13037" lon="-81.542988">
<ele>258</ele>
<time>2026-07-20T19:05:50Z</time></trkpt>
<trkpt lat="41.130337" lon="-81.542912">
<ele>258</ele>
<time>2026-07-20T19:05:53Z</time></trkpt>
<trkpt lat="41.130275" lon="-81.542878">
<ele>258</ele>
<time>2026-07-20T19:05:56Z</time></trkpt>
<trkpt lat="41.130076" lon="-81.542887">
<ele>260</ele>
<time>2026-07-20T19:06:06Z</time></trkpt>
<trkpt lat="41.129888" lon="-81.542968">
<ele>263</ele>
<time>2026-07-20T19:06:16Z</time></trkpt>
<trkpt lat="41.129754" lon="-81.543146">
<ele>267</ele>
<time>2026-07-20T19:06:26Z</time></trkpt>
<trkpt lat="41.129634" lon="-81.54325">
<ele>269</ele>
<time>2026-07-20T19:06:33Z</time></trkpt>
<trkpt lat="41.129334" lon="-81.543282">
<ele>270</ele>
<time>2026-07-20T19:06:48Z</time></trkpt>
<trkpt lat="41.128998" lon="-81.543414">
<ele>272</ele>
<time>2026-07-20T19:07:06Z</time></trkpt>
<trkpt lat="41.128913" lon="-81.54341">
<ele>272</ele>
<time>2026-07-20T19:07:10Z</time></trkpt>
<trkpt lat="41.128707" lon="-81.543356">
<ele>273</ele>
<time>2026-07-20T19:07:21Z</time></trkpt>
<trkpt lat="41.128546" lon="-81.543363">
<ele>274</ele>
<time>2026-07-20T19:07:29Z</time></trkpt>
<trkpt lat="41.128454" lon="-81.54346">
<ele>275</ele>
<time>2026-07-20T19:07:35Z</time></trkpt>
<trkpt lat="41.128379" lon="-81.543627">
<ele>276</ele>
<time>2026-07-20T19:07:42Z</time></trkpt>
<trkpt lat="41.128376" lon="-81.543687">
<ele>276</ele>
<time>2026-07-20T19:07:45Z</time></trkpt>
<trkpt lat="41.128389" lon="-81.543738">
<ele>276</ele>
<time>2026-07-20T19:07:47Z</time></trkpt>
<trkpt lat="41.128529" lon="-81.543972">
<ele>276</ele>
<time>2026-07-20T19:07:58Z</time></trkpt>
<trkpt lat="41.128563" lon="-81.544257">
<ele>278</ele>
<time>2026-07-20T19:08:09Z</time></trkpt>
<trkpt lat="41.128623" lon="-81.544502">
<ele>278</ele>
<time>2026-07-20T19:08:19Z</time></trkpt>
<trkpt lat="41.128629" lon="-81.544619">
<ele>278</ele>
<time>2026-07-20T19:08:23Z</time></trkpt>
<trkpt lat="41.128577" lon="-81.544703">
<ele>280</ele>
<time>2026-07-20T19:08:28Z</time></trkpt>
<trkpt lat="41.128577" lon="-81.544703">
<ele>280</ele>
<time>2026-07-20T19:08:28Z</time></trkpt>
<trkpt lat="41.128385" lon="-81.545054">
<ele>282</ele>
<time>2026-07-20T19:08:44Z</time></trkpt>
<trkpt lat="41.128304" lon="-81.545245">
<ele>285</ele>
<time>2026-07-20T19:08:53Z</time></trkpt>
<trkpt lat="41.128221" lon="-81.545521">
<ele>285</ele>
<time>2026-07-20T19:09:04Z</time></trkpt>
<trkpt lat="41.128152" lon="-81.545637">
<ele>286</ele>
<time>2026-07-20T19:09:10Z</time></trkpt>
<trkpt lat="41.128114" lon="-81.545665">
<ele>288</ele>
<time>2026-07-20T19:09:12Z</time></trkpt>
<trkpt lat="41.128011" lon="-81.545692">
<ele>291</ele>
<time>2026-07-20T19:09:17Z</time></trkpt>
<trkpt lat="41.127711" lon="-81.545608">
<ele>293</ele>
<time>2026-07-20T19:09:32Z</time></trkpt>
<trkpt lat="41.127573" lon="-81.545621">
<ele>294</ele>
<time>2026-07-20T19:09:37Z</time></trkpt>
<trkpt lat="41.127539" lon="-81.545654">
<ele>295</ele>
<time>2026-07-20T19:09:38Z</time></trkpt>
<trkpt lat="41.127481" lon="-81.545801">
<ele>296</ele>
<time>2026-07-20T19:09:42Z</time></trkpt>
<trkpt lat="41.127477" lon="-81.545926">
<ele>296</ele>
<time>2026-07-20T19:09:46Z</time></trkpt>
<trkpt lat="41.127503" lon="-81.546018">
<ele>296</ele>
<time>2026-07-20T19:09:48Z</time></trkpt>
<trkpt lat="41.127551" lon="-81.546001">
<ele>296</ele>
<time>2026-07-20T19:09:50Z</time></trkpt>
<trkpt lat="41.127619" lon="-81.546011">
<ele>295</ele>
<time>2026-07-20T19:09:52Z</time></trkpt>
<trkpt lat="41.127669" lon="-81.546086">
<ele>295</ele>
<time>2026-07-20T19:09:55Z</time></trkpt>
<trkpt lat="41.127683" lon="-81.546153">
<ele>295</ele>
<time>2026-07-20T19:09:57Z</time></trkpt>
<trkpt lat="41.127666" lon="-81.546249">
<ele>295</ele>
<time>2026-07-20T19:09:59Z</time></trkpt>
<trkpt lat="41.127697" lon="-81.546334">
<ele>294</ele>
<time>2026-07-20T19:10:02Z</time></trkpt>
<trkpt lat="41.127735" lon="-81.546567">
<ele>294</ele>
<time>2026-07-20T19:10:08Z</time></trkpt>
<trkpt lat="41.12778" lon="-81.546708">
<ele>294</ele>
<time>2026-07-20T19:10:12Z</time></trkpt>
<trkpt lat="41.127779" lon="-81.547211">
<ele>294</ele>
<time>2026-07-20T19:10:25Z</time></trkpt>
<trkpt lat="41.127779" lon="-81.547211">
<ele>294</ele>
<time>2026-07-20T19:10:25Z</time></trkpt>
<trkpt lat="41.127792" lon="-81.547361">
<ele>294</ele>
<time>2026-07-20T19:10:29Z</time></trkpt>
<trkpt lat="41.12786" lon="-81.547553">
<ele>295</ele>
<time>2026-07-20T19:10:35Z</time></trkpt>
<trkpt lat="41.127885" lon="-81.547689">
<ele>295</ele>
<time>2026-07-20T19:10:39Z</time></trkpt>
<trkpt lat="41.127917" lon="-81.547961">
<ele>295</ele>
<time>2026-07-20T19:10:46Z</time></trkpt>
<trkpt lat="41.127917" lon="-81.548074">
<ele>295</ele>
<time>2026-07-20T19:10:46Z</time></trkpt>
<trkpt lat="41.127887" lon="-81.548197">
<ele>295</ele>
<time>2026-07-20T19:10:49Z</time></trkpt>
<trkpt lat="41.127854" lon="-81.548237">
<ele>295</ele>
<time>2026-07-20T19:10:51Z</time></trkpt>
<trkpt lat="41.127399" lon="-81.548429">
<ele>295</ele>
<time>2026-07-20T19:11:07Z</time></trkpt>
<trkpt lat="41.127308" lon="-81.548521">
<ele>295</ele>
<time>2026-07-20T19:11:11Z</time></trkpt>
<trkpt lat="41.127276" lon="-81.548586">
<ele>295</ele>
<time>2026-07-20T19:11:13Z</time></trkpt>
<trkpt lat="41.127258" lon="-81.548915">
<ele>295</ele>
<time>2026-07-20T19:11:21Z</time></trkpt>
<trkpt lat="41.127145" lon="-81.54912">
<ele>295</ele>
<time>2026-07-20T19:11:27Z</time></trkpt>
<trkpt lat="41.127116" lon="-81.549262">
<ele>295</ele>
<time>2026-07-20T19:11:30Z</time></trkpt>
<trkpt lat="41.127158" lon="-81.549528">
<ele>295</ele>
<time>2026-07-20T19:11:36Z</time></trkpt>
<trkpt lat="41.127199" lon="-81.54967">
<ele>295</ele>
<time>2026-07-20T19:11:40Z</time></trkpt>
<trkpt lat="41.127209" lon="-81.549782">
<ele>295</ele>
<time>2026-07-20T19:11:43Z</time></trkpt>
<trkpt lat="41.127271" lon="-81.549995">
<ele>296</ele>
<time>2026-07-20T19:11:48Z</time></trkpt>
<trkpt lat="41.127279" lon="-81.550082">
<ele>296</ele>
<time>2026-07-20T19:11:50Z</time></trkpt>
<trkpt lat="41.12725" lon="-81.550306">
<ele>297</ele>
<time>2026-07-20T19:11:55Z</time></trkpt>
<trkpt lat="41.127223" lon="-81.550376">
<ele>297</ele>
<time>2026-07-20T19:11:57Z</time></trkpt>
<trkpt lat="41.127026" lon="-81.550683">
<ele>296</ele>
<time>2026-07-20T19:12:06Z</time></trkpt>
<trkpt lat="41.127026" lon="-81.550683">
<ele>296</ele>
<time>2026-07-20T19:12:06Z</time></trkpt>
<trkpt lat="41.126907" lon="-81.551">
<ele>295</ele>
<time>2026-07-20T19:12:14Z</time></trkpt>
<trkpt lat="41.126903" lon="-81.551093">
<ele>294</ele>
<time>2026-07-20T19:12:16Z</time></trkpt>
<trkpt lat="41.126934" lon="-81.551314">
<ele>293</ele>
<time>2026-07-20T19:12:22Z</time></trkpt>
<trkpt lat="41.126962" lon="-81.5514">
<ele>293</ele>
<time>2026-07-20T19:12:24Z</time></trkpt>
<trkpt lat="41.12701" lon="-81.551466">
<ele>291</ele>
<time>2026-07-20T19:12:26Z</time></trkpt>
<trkpt lat="41.127106" lon="-81.551437">
<ele>291</ele>
<time>2026-07-20T19:12:29Z</time></trkpt>
<trkpt lat="41.127364" lon="-81.551305">
<ele>287</ele>
<time>2026-07-20T19:12:37Z</time></trkpt>
<trkpt lat="41.127513" lon="-81.551151">
<ele>285</ele>
<time>2026-07-20T19:12:43Z</time></trkpt>
<trkpt lat="41.127581" lon="-81.551048">
<ele>286</ele>
<time>2026-07-20T19:12:46Z</time></trkpt>
<trkpt lat="41.127644" lon="-81.550838">
<ele>288</ele>
<time>2026-07-20T19:12:51Z</time></trkpt>
<trkpt lat="41.12767" lon="-81.550565">
<ele>290</ele>
<time>2026-07-20T19:12:58Z</time></trkpt>
<trkpt lat="41.127763" lon="-81.550107">
<ele>291</ele>
<time>2026-07-20T19:13:08Z</time></trkpt>
<trkpt lat="41.127797" lon="-81.549713">
<ele>292</ele>
<time>2026-07-20T19:13:17Z</time></trkpt>
<trkpt lat="41.127831" lon="-81.54965">
<ele>291</ele>
<time>2026-07-20T19:13:19Z</time></trkpt>
<trkpt lat="41.128044" lon="-81.549601">
<ele>291</ele>
<time>2026-07-20T19:13:26Z</time></trkpt>
<trkpt lat="41.128078" lon="-81.54961">
<ele>291</ele>
<time>2026-07-20T19:13:27Z</time></trkpt>
<trkpt lat="41.128137" lon="-81.549666">
<ele>289</ele>
<time>2026-07-20T19:13:29Z</time></trkpt>
<trkpt lat="41.128137" lon="-81.549666">
<ele>289</ele>
<time>2026-07-20T19:13:29Z</time></trkpt>
<trkpt lat="41.128244" lon="-81.549768">
<ele>286</ele>
<time>2026-07-20T19:13:33Z</time></trkpt>
<trkpt lat="41.128266" lon="-81.549755">
<ele>286</ele>
<time>2026-07-20T19:13:34Z</time></trkpt>
<trkpt lat="41.128278" lon="-81.549565">
<ele>287</ele>
<time>2026-07-20T19:13:38Z</time></trkpt>
<trkpt lat="41.128317" lon="-81.549441">
<ele>286</ele>
<time>2026-07-20T19:13:41Z</time></trkpt>
<trkpt lat="41.128349" lon="-81.549413">
<ele>286</ele>
<time>2026-07-20T19:13:42Z</time></trkpt>
<trkpt lat="41.128518" lon="-81.54938">
<ele>283</ele>
<time>2026-07-20T19:13:47Z</time></trkpt>
<trkpt lat="41.128635" lon="-81.549304">
<ele>282</ele>
<time>2026-07-20T19:13:51Z</time></trkpt>
<trkpt lat="41.128699" lon="-81.549285">
<ele>279</ele>
<time>2026-07-20T19:13:53Z</time></trkpt>
<trkpt lat="41.128707" lon="-81.549312">
<ele>279</ele>
<time>2026-07-20T19:13:54Z</time></trkpt>
<trkpt lat="41.128695" lon="-81.549346">
<ele>279</ele>
<time>2026-07-20T19:13:55Z</time></trkpt>
<trkpt lat="41.128612" lon="-81.549519">
<ele>278</ele>
<time>2026-07-20T19:14:00Z</time></trkpt>
<trkpt lat="41.128542" lon="-81.549856">
<ele>276</ele>
<time>2026-07-20T19:14:08Z</time></trkpt>
<trkpt lat="41.128533" lon="-81.549991">
<ele>275</ele>
<time>2026-07-20T19:14:11Z</time></trkpt>
<trkpt lat="41.128544" lon="-81.55017">
<ele>273</ele>
<time>2026-07-20T19:14:14Z</time></trkpt>
<trkpt lat="41.128469" lon="-81.550473">
<ele>272</ele>
<time>2026-07-20T19:14:20Z</time></trkpt>
<trkpt lat="41.128502" lon="-81.551021">
<ele>268</ele>
<time>2026-07-20T19:14:30Z</time></trkpt>
<trkpt lat="41.12853" lon="-81.551054">
<ele>267</ele>
<time>2026-07-20T19:14:31Z</time></trkpt>
<trkpt lat="41.128572" lon="-81.551058">
<ele>266</ele>
<time>2026-07-20T19:14:32Z</time></trkpt>
<trkpt lat="41.128617" lon="-81.551031">
<ele>266</ele>
<time>2026-07-20T19:14:34Z</time></trkpt>
<trkpt lat="41.128771" lon="-81.550791">
<ele>265</ele>
<time>2026-07-20T19:14:39Z</time></trkpt>
<trkpt lat="41.128899" lon="-81.55066">
<ele>264</ele>
<time>2026-07-20T19:14:43Z</time></trkpt>
<trkpt lat="41.129003" lon="-81.55059">
<ele>262</ele>
<time>2026-07-20T19:14:46Z</time></trkpt>
<trkpt lat="41.129003" lon="-81.550589">
<ele>262</ele>
<time>2026-07-20T19:14:46Z</time></trkpt>
<trkpt lat="41.129111" lon="-81.550517">
<ele>260</ele>
<time>2026-07-20T19:14:49Z</time></trkpt>
<trkpt lat="41.129283" lon="-81.550239">
<ele>257</ele>
<time>2026-07-20T19:14:56Z</time></trkpt>
<trkpt lat="41.129327" lon="-81.550116">
<ele>256</ele>
<time>2026-07-20T19:14:58Z</time></trkpt>
<trkpt lat="41.129333" lon="-81.549699">
<ele>254</ele>
<time>2026-07-20T19:15:06Z</time></trkpt>
<trkpt lat="41.129465" lon="-81.549926">
<ele>250</ele>
<time>2026-07-20T19:15:11Z</time></trkpt>
<trkpt lat="41.129588" lon="-81.550027">
<ele>247</ele>
<time>2026-07-20T19:15:15Z</time></trkpt>
<trkpt lat="41.129624" lon="-81.550016">
<ele>246</ele>
<time>2026-07-20T19:15:16Z</time></trkpt>
<trkpt lat="41.129733" lon="-81.549832">
<ele>243</ele>
<time>2026-07-20T19:15:20Z</time></trkpt>
<trkpt lat="41.129784" lon="-81.549795">
<ele>243</ele>
<time>2026-07-20T19:15:22Z</time></trkpt>
<trkpt lat="41.12986" lon="-81.549777">
<ele>242</ele>
<time>2026-07-20T19:15:23Z</time></trkpt>
<trkpt lat="41.129892" lon="-81.550024">
<ele>242</ele>
<time>2026-07-20T19:15:30Z</time></trkpt>
<trkpt lat="41.129954" lon="-81.550441">
<ele>243</ele>
<time>2026-07-20T19:15:42Z</time></trkpt>
<trkpt lat="41.130015" lon="-81.550536">
<ele>244</ele>
<time>2026-07-20T19:15:46Z</time></trkpt>
<trkpt lat="41.130032" lon="-81.550652">
<ele>244</ele>
<time>2026-07-20T19:15:49Z</time></trkpt>
<trkpt lat="41.129947" lon="-81.55068">
<ele>244</ele>
<time>2026-07-20T19:15:53Z</time></trkpt>
<trkpt lat="41.129946" lon="-81.55079">
<ele>245</ele>
<time>2026-07-20T19:15:56Z</time></trkpt>
<trkpt lat="41.129805" lon="-81.550841">
<ele>245</ele>
<time>2026-07-20T19:16:02Z</time></trkpt>
<trkpt lat="41.12981" lon="-81.551115">
<ele>244</ele>
<time>2026-07-20T19:16:10Z</time></trkpt>
<trkpt lat="41.129756" lon="-81.551445">
<ele>245</ele>
<time>2026-07-20T19:16:20Z</time></trkpt>
<trkpt lat="41.129696" lon="-81.551665">
<ele>246</ele>
<time>2026-07-20T19:16:27Z</time></trkpt>
<trkpt lat="41.129696" lon="-81.551665">
<ele>246</ele>
<time>2026-07-20T19:16:27Z</time></trkpt>
<trkpt lat="41.129679" lon="-81.551728">
<ele>246</ele>
<time>2026-07-20T19:16:29Z</time></trkpt>
<trkpt lat="41.129489" lon="-81.552116">
<ele>247</ele>
<time>2026-07-20T19:16:43Z</time></trkpt>
<trkpt lat="41.12928" lon="-81.552423">
<ele>247</ele>
<time>2026-07-20T19:16:55Z</time></trkpt>
<trkpt lat="41.129062" lon="-81.552539">
<ele>248</ele>
<time>2026-07-20T19:17:05Z</time></trkpt>
<trkpt lat="41.128948" lon="-81.552633">
<ele>249</ele>
<time>2026-07-20T19:17:10Z</time></trkpt>
<trkpt lat="41.128704" lon="-81.552694">
<ele>249</ele>
<time>2026-07-20T19:17:20Z</time></trkpt>
<trkpt lat="41.128515" lon="-81.552853">
<ele>251</ele>
<time>2026-07-20T19:17:28Z</time></trkpt>
<trkpt lat="41.12838" lon="-81.552928">
<ele>253</ele>
<time>2026-07-20T19:17:34Z</time></trkpt>
<trkpt lat="41.128374" lon="-81.552995">
<ele>254</ele>
<time>2026-07-20T19:17:36Z</time></trkpt>
<trkpt lat="41.128559" lon="-81.553457">
<ele>254</ele>
<time>2026-07-20T19:17:50Z</time></trkpt>
<trkpt lat="41.128737" lon="-81.553724">
<ele>253</ele>
<time>2026-07-20T19:18:00Z</time></trkpt>
<trkpt lat="41.128833" lon="-81.553957">
<ele>254</ele>
<time>2026-07-20T19:18:07Z</time></trkpt>
<trkpt lat="41.128833" lon="-81.553957">
<ele>254</ele>
<time>2026-07-20T19:18:07Z</time></trkpt>
<trkpt lat="41.128923" lon="-81.554279">
<ele>255</ele>
<time>2026-07-20T19:18:16Z</time></trkpt>
<trkpt lat="41.128929" lon="-81.554422">
<ele>256</ele>
<time>2026-07-20T19:18:20Z</time></trkpt>
<trkpt lat="41.128952" lon="-81.554541">
<ele>257</ele>
<time>2026-07-20T19:18:24Z</time></trkpt>
<trkpt lat="41.129043" lon="-81.554779">
<ele>257</ele>
<time>2026-07-20T19:18:31Z</time></trkpt>
<trkpt lat="41.129158" lon="-81.554985">
<ele>255</ele>
<time>2026-07-20T19:18:38Z</time></trkpt>
<trkpt lat="41.129341" lon="-81.555232">
<ele>256</ele>
<time>2026-07-20T19:18:48Z</time></trkpt>
<trkpt lat="41.129443" lon="-81.555471">
<ele>255</ele>
<time>2026-07-20T19:18:55Z</time></trkpt>
<trkpt lat="41.129493" lon="-81.555541">
<ele>255</ele>
<time>2026-07-20T19:18:58Z</time></trkpt>
<trkpt lat="41.129748" lon="-81.555786">
<ele>254</ele>
<time>2026-07-20T19:19:09Z</time></trkpt>
<trkpt lat="41.129817" lon="-81.555886">
<ele>253</ele>
<time>2026-07-20T19:19:13Z</time></trkpt>
<trkpt lat="41.12986" lon="-81.555981">
<ele>253</ele>
<time>2026-07-20T19:19:16Z</time></trkpt>
<trkpt lat="41.129921" lon="-81.556186">
<ele>251</ele>
<time>2026-07-20T19:19:22Z</time></trkpt>
<trkpt lat="41.129968" lon="-81.55653">
<ele>252</ele>
<time>2026-07-20T19:19:31Z</time></trkpt>
<trkpt lat="41.129975" lon="-81.556804">
<ele>255</ele>
<time>2026-07-20T19:19:38Z</time></trkpt>
<trkpt lat="41.129975" lon="-81.556804">
<ele>255</ele>
<time>2026-07-20T19:19:38Z</time></trkpt>
<trkpt lat="41.12997" lon="-81.556974">
<ele>257</ele>
<time>2026-07-20T19:19:43Z</time></trkpt>
<trkpt lat="41.129865" lon="-81.557169">
<ele>261</ele>
<time>2026-07-20T19:19:49Z</time></trkpt>
<trkpt lat="41.129824" lon="-81.557301">
<ele>262</ele>
<time>2026-07-20T19:19:53Z</time></trkpt>
<trkpt lat="41.129832" lon="-81.557531">
<ele>261</ele>
<time>2026-07-20T19:19:59Z</time></trkpt>
<trkpt lat="41.129806" lon="-81.557704">
<ele>260</ele>
<time>2026-07-20T19:20:03Z</time></trkpt>
<trkpt lat="41.129777" lon="-81.55777">
<ele>259</ele>
<time>2026-07-20T19:20:05Z</time></trkpt>
<trkpt lat="41.129709" lon="-81.557833">
<ele>258</ele>
<time>2026-07-20T19:20:08Z</time></trkpt>
<trkpt lat="41.129261" lon="-81.557938">
<ele>258</ele>
<time>2026-07-20T19:20:24Z</time></trkpt>
<trkpt lat="41.129187" lon="-81.557999">
<ele>257</ele>
<time>2026-07-20T19:20:27Z</time></trkpt>
<trkpt lat="41.129083" lon="-81.558179">
<ele>255</ele>
<time>2026-07-20T19:20:33Z</time></trkpt>
<trkpt lat="41.129044" lon="-81.558301">
<ele>253</ele>
<time>2026-07-20T19:20:36Z</time></trkpt>
<trkpt lat="41.129043" lon="-81.558356">
<ele>253</ele>
<time>2026-07-20T19:20:38Z</time></trkpt>
<trkpt lat="41.129065" lon="-81.558399">
<ele>252</ele>
<time>2026-07-20T19:20:39Z</time></trkpt>
<trkpt lat="41.129177" lon="-81.558514">
<ele>251</ele>
<time>2026-07-20T19:20:44Z</time></trkpt>
<trkpt lat="41.129216" lon="-81.558589">
<ele>252</ele>
<time>2026-07-20T19:20:47Z</time></trkpt>
<trkpt lat="41.129265" lon="-81.558583">
<ele>252</ele>
<time>2026-07-20T19:20:48Z</time></trkpt>
<trkpt lat="41.129689" lon="-81.558724">
<ele>256</ele>
<time>2026-07-20T19:21:04Z</time></trkpt>
<trkpt lat="41.129729" lon="-81.558765">
<ele>256</ele>
<time>2026-07-20T19:21:05Z</time></trkpt>
<trkpt lat="41.129816" lon="-81.558991">
<ele>258</ele>
<time>2026-07-20T19:21:12Z</time></trkpt>
<trkpt lat="41.129884" lon="-81.559107">
<ele>259</ele>
<time>2026-07-20T19:21:16Z</time></trkpt>
<trkpt lat="41.129958" lon="-81.55912">
<ele>258</ele>
<time>2026-07-20T19:21:18Z</time></trkpt>
<trkpt lat="41.130075" lon="-81.559075">
<ele>257</ele>
<time>2026-07-20T19:21:23Z</time></trkpt>
<trkpt lat="41.130243" lon="-81.558964">
<ele>255</ele>
<time>2026-07-20T19:21:29Z</time></trkpt>
<trkpt lat="41.130353" lon="-81.558854">
<ele>253</ele>
<time>2026-07-20T19:21:34Z</time></trkpt>
<trkpt lat="41.130505" lon="-81.558614">
<ele>250</ele>
<time>2026-07-20T19:21:42Z</time></trkpt>
<trkpt lat="41.130559" lon="-81.558571">
<ele>249</ele>
<time>2026-07-20T19:21:45Z</time></trkpt>
<trkpt lat="41.130696" lon="-81.558547">
<ele>251</ele>
<time>2026-07-20T19:21:49Z</time></trkpt>
<trkpt lat="41.130723" lon="-81.558557">
<ele>252</ele>
<time>2026-07-20T19:21:50Z</time></trkpt>
<trkpt lat="41.130738" lon="-81.558603">
<ele>253</ele>
<time>2026-07-20T19:21:52Z</time></trkpt>
<trkpt lat="41.130698" lon="-81.558696">
<ele>255</ele>
<time>2026-07-20T19:21:54Z</time></trkpt>
<trkpt lat="41.130709" lon="-81.558762">
<ele>258</ele>
<time>2026-07-20T19:21:56Z</time></trkpt>
<trkpt lat="41.130749" lon="-81.558791">
<ele>260</ele>
<time>2026-07-20T19:21:58Z</time></trkpt>
<trkpt lat="41.130749" lon="-81.558791">
<ele>260</ele>
<time>2026-07-20T19:21:58Z</time></trkpt>
<trkpt lat="41.130801" lon="-81.558784">
<ele>260</ele>
<time>2026-07-20T19:22:00Z</time></trkpt>
<trkpt lat="41.131119" lon="-81.558517">
<ele>262</ele>
<time>2026-07-20T19:22:13Z</time></trkpt>
<trkpt lat="41.1312" lon="-81.558388">
<ele>257</ele>
<time>2026-07-20T19:22:17Z</time></trkpt>
<trkpt lat="41.131253" lon="-81.558245">
<ele>253</ele>
<time>2026-07-20T19:22:21Z</time></trkpt>
<trkpt lat="41.131276" lon="-81.558358">
<ele>256</ele>
<time>2026-07-20T19:22:24Z</time></trkpt>
<trkpt lat="41.131324" lon="-81.558477">
<ele>258</ele>
<time>2026-07-20T19:22:28Z</time></trkpt>
<trkpt lat="41.131368" lon="-81.558551">
<ele>259</ele>
<time>2026-07-20T19:22:30Z</time></trkpt>
<trkpt lat="41.131433" lon="-81.558582">
<ele>259</ele>
<time>2026-07-20T19:22:33Z</time></trkpt>
<trkpt lat="41.131612" lon="-81.558548">
<ele>258</ele>
<time>2026-07-20T19:22:39Z</time></trkpt>
<trkpt lat="41.13212" lon="-81.558569">
<ele>252</ele>
<time>2026-07-20T19:22:54Z</time></trkpt>
<trkpt lat="41.132286" lon="-81.558604">
<ele>250</ele>
<time>2026-07-20T19:22:59Z</time></trkpt>
<trkpt lat="41.132544" lon="-81.55873">
<ele>249</ele>
<time>2026-07-20T19:23:08Z</time></trkpt>
<trkpt lat="41.132589" lon="-81.558805">
<ele>250</ele>
<time>2026-07-20T19:23:10Z</time></trkpt>
<trkpt lat="41.132624" lon="-81.559118">
<ele>251</ele>
<time>2026-07-20T19:23:17Z</time></trkpt>
<trkpt lat="41.132672" lon="-81.559222">
<ele>250</ele>
<time>2026-07-20T19:23:20Z</time></trkpt>
<trkpt lat="41.132727" lon="-81.559283">
<ele>249</ele>
<time>2026-07-20T19:23:22Z</time></trkpt>
<trkpt lat="41.132796" lon="-81.559312">
<ele>248</ele>
<time>2026-07-20T19:23:24Z</time></trkpt>
<trkpt lat="41.132868" lon="-81.559309">
<ele>248</ele>
<time>2026-07-20T19:23:26Z</time></trkpt>
<trkpt lat="41.132936" lon="-81.559276">
<ele>248</ele>
<time>2026-07-20T19:23:29Z</time></trkpt>
<trkpt lat="41.132997" lon="-81.559178">
<ele>249</ele>
<time>2026-07-20T19:23:32Z</time></trkpt>
<trkpt lat="41.133062" lon="-81.559109">
<ele>249</ele>
<time>2026-07-20T19:23:34Z</time></trkpt>
<trkpt lat="41.133062" lon="-81.559109">
<ele>249</ele>
<time>2026-07-20T19:23:34Z</time></trkpt>
<trkpt lat="41.13321" lon="-81.558982">
<ele>247</ele>
<time>2026-07-20T19:23:39Z</time></trkpt>
<trkpt lat="41.133302" lon="-81.558944">
<ele>246</ele>
<time>2026-07-20T19:23:42Z</time></trkpt>
<trkpt lat="41.133536" lon="-81.558936">
<ele>245</ele>
<time>2026-07-20T19:23:49Z</time></trkpt>
<trkpt lat="41.133577" lon="-81.55897">
<ele>245</ele>
<time>2026-07-20T19:23:51Z</time></trkpt>
<trkpt lat="41.133556" lon="-81.559109">
<ele>246</ele>
<time>2026-07-20T19:23:54Z</time></trkpt>
<trkpt lat="41.133211" lon="-81.559507">
<ele>247</ele>
<time>2026-07-20T19:24:08Z</time></trkpt>
<trkpt lat="41.133211" lon="-81.559507">
<ele>247</ele>
<time>2026-07-20T19:24:08Z</time></trkpt>
<trkpt lat="41.132999" lon="-81.559703">
<ele>249</ele>
<time>2026-07-20T19:24:21Z</time></trkpt>
<trkpt lat="41.132761" lon="-81.559786">
<ele>250</ele>
<time>2026-07-20T19:24:32Z</time></trkpt>
<trkpt lat="41.132715" lon="-81.559835">
<ele>251</ele>
<time>2026-07-20T19:24:35Z</time></trkpt>
<trkpt lat="41.132703" lon="-81.559885">
<ele>251</ele>
<time>2026-07-20T19:24:37Z</time></trkpt>
<trkpt lat="41.132724" lon="-81.55994">
<ele>252</ele>
<time>2026-07-20T19:24:40Z</time></trkpt>
<trkpt lat="41.133123" lon="-81.56039">
<ele>252</ele>
<time>2026-07-20T19:25:05Z</time></trkpt>
<trkpt lat="41.133243" lon="-81.560455">
<ele>253</ele>
<time>2026-07-20T19:25:11Z</time></trkpt>
<trkpt lat="41.133415" lon="-81.5605">
<ele>252</ele>
<time>2026-07-20T19:25:20Z</time></trkpt>
<trkpt lat="41.133571" lon="-81.5605">
<ele>250</ele>
<time>2026-07-20T19:25:27Z</time></trkpt>
<trkpt lat="41.133571" lon="-81.5605">
<ele>250</ele>
<time>2026-07-20T19:25:27Z</time></trkpt>
<trkpt lat="41.133696" lon="-81.560453">
<ele>249</ele>
<time>2026-07-20T19:25:33Z</time></trkpt>
<trkpt lat="41.133929" lon="-81.560254">
<ele>248</ele>
<time>2026-07-20T19:25:47Z</time></trkpt>
<trkpt lat="41.133957" lon="-81.560841">
<ele>258</ele>
<time>2026-07-20T19:26:08Z</time></trkpt>
<trkpt lat="41.133916" lon="-81.561179">
<ele>260</ele>
<time>2026-07-20T19:26:21Z</time></trkpt>
<trkpt lat="41.133927" lon="-81.561494">
<ele>266</ele>
<time>2026-07-20T19:26:33Z</time></trkpt>
<trkpt lat="41.133896" lon="-81.561845">
<ele>273</ele>
<time>2026-07-20T19:26:48Z</time></trkpt>
<trkpt lat="41.133844" lon="-81.561888">
<ele>275</ele>
<time>2026-07-20T19:26:51Z</time></trkpt>
<trkpt lat="41.133809" lon="-81.56188">
<ele>276</ele>
<time>2026-07-20T19:26:53Z</time></trkpt>
<trkpt lat="41.133708" lon="-81.561788">
<ele>275</ele>
<time>2026-07-20T19:27:00Z</time></trkpt>
<trkpt lat="41.133649" lon="-81.561767">
<ele>276</ele>
<time>2026-07-20T19:27:04Z</time></trkpt>
<trkpt lat="41.133581" lon="-81.561779">
<ele>277</ele>
<time>2026-07-20T19:27:08Z</time></trkpt>
<trkpt lat="41.133468" lon="-81.56187">
<ele>281</ele>
<time>2026-07-20T19:27:15Z</time></trkpt>
<trkpt lat="41.133369" lon="-81.561895">
<ele>282</ele>
<time>2026-07-20T19:27:21Z</time></trkpt>
<trkpt lat="41.133348" lon="-81.561919">
<ele>282</ele>
<time>2026-07-20T19:27:23Z</time></trkpt>
<trkpt lat="41.133349" lon="-81.561948">
<ele>283</ele>
<time>2026-07-20T19:27:24Z</time></trkpt>
<trkpt lat="41.133376" lon="-81.561996">
<ele>284</ele>
<time>2026-07-20T19:27:26Z</time></trkpt>
<trkpt lat="41.133379" lon="-81.562047">
<ele>286</ele>
<time>2026-07-20T19:27:29Z</time></trkpt>
<trkpt lat="41.13325" lon="-81.562255">
<ele>288</ele>
<time>2026-07-20T19:27:40Z</time></trkpt>
<trkpt lat="41.133125" lon="-81.56233">
<ele>288</ele>
<time>2026-07-20T19:27:48Z</time></trkpt>
<trkpt lat="41.133104" lon="-81.562382">
<ele>289</ele>
<time>2026-07-20T19:27:51Z</time></trkpt>
<trkpt lat="41.133118" lon="-81.562431">
<ele>290</ele>
<time>2026-07-20T19:27:53Z</time></trkpt>
<trkpt lat="41.133161" lon="-81.562459">
<ele>291</ele>
<time>2026-07-20T19:27:56Z</time></trkpt>
<trkpt lat="41.133294" lon="-81.562485">
<ele>292</ele>
<time>2026-07-20T19:28:03Z</time></trkpt>
<trkpt lat="41.133413" lon="-81.562564">
<ele>294</ele>
<time>2026-07-20T19:28:11Z</time></trkpt>
<trkpt lat="41.133441" lon="-81.562564">
<ele>294</ele>
<time>2026-07-20T19:28:13Z</time></trkpt>
<trkpt lat="41.133441" lon="-81.562564">
<ele>294</ele>
<time>2026-07-20T19:28:13Z</time></trkpt>
<trkpt lat="41.133585" lon="-81.562559">
<ele>296</ele>
<time>2026-07-20T19:28:21Z</time></trkpt>
<trkpt lat="41.133851" lon="-81.562713">
<ele>295</ele>
<time>2026-07-20T19:28:37Z</time></trkpt>
<trkpt lat="41.133881" lon="-81.562776">
<ele>295</ele>
<time>2026-07-20T19:28:41Z</time></trkpt>
<trkpt lat="41.133882" lon="-81.562844">
<ele>295</ele>
<time>2026-07-20T19:28:44Z</time></trkpt>
<trkpt lat="41.13386" lon="-81.562925">
<ele>295</ele>
<time>2026-07-20T19:28:47Z</time></trkpt>
<trkpt lat="41.133606" lon="-81.563223">
<ele>296</ele>
<time>2026-07-20T19:29:07Z</time></trkpt>
<trkpt lat="41.13355" lon="-81.56331">
<ele>296</ele>
<time>2026-07-20T19:29:12Z</time></trkpt>
<trkpt lat="41.133476" lon="-81.563502">
<ele>296</ele>
<time>2026-07-20T19:29:21Z</time></trkpt>
<trkpt lat="41.133413" lon="-81.563869">
<ele>295</ele>
<time>2026-07-20T19:29:32Z</time></trkpt>
<trkpt lat="41.133435" lon="-81.564047">
<ele>295</ele>
<time>2026-07-20T19:29:37Z</time></trkpt>
<trkpt lat="41.133413" lon="-81.564264">
<ele>296</ele>
<time>2026-07-20T19:29:43Z</time></trkpt>
<trkpt lat="41.133416" lon="-81.564371">
<ele>296</ele>
<time>2026-07-20T19:29:46Z</time></trkpt>
<trkpt lat="41.133454" lon="-81.564605">
<ele>297</ele>
<time>2026-07-20T19:29:53Z</time></trkpt>
<trkpt lat="41.133425" lon="-81.564737">
<ele>298</ele>
<time>2026-07-20T19:29:57Z</time></trkpt>
<trkpt lat="41.133268" lon="-81.56512">
<ele>298</ele>
<time>2026-07-20T19:30:10Z</time></trkpt>
<trkpt lat="41.133219" lon="-81.565194">
<ele>298</ele>
<time>2026-07-20T19:30:12Z</time></trkpt>
<trkpt lat="41.133156" lon="-81.565252">
<ele>299</ele>
<time>2026-07-20T19:30:15Z</time></trkpt>
<trkpt lat="41.132937" lon="-81.565334">
<ele>299</ele>
<time>2026-07-20T19:30:24Z</time></trkpt>
<trkpt lat="41.132847" lon="-81.565349">
<ele>299</ele>
<time>2026-07-20T19:30:27Z</time></trkpt>
<trkpt lat="41.132774" lon="-81.565394">
<ele>299</ele>
<time>2026-07-20T19:30:31Z</time></trkpt>
<trkpt lat="41.13269" lon="-81.565524">
<ele>299</ele>
<time>2026-07-20T19:30:35Z</time></trkpt>
<trkpt lat="41.132533" lon="-81.565661">
<ele>300</ele>
<time>2026-07-20T19:30:43Z</time></trkpt>
<trkpt lat="41.132405" lon="-81.565918">
<ele>301</ele>
<time>2026-07-20T19:30:51Z</time></trkpt>
<trkpt lat="41.132325" lon="-81.566009">
<ele>302</ele>
<time>2026-07-20T19:30:55Z</time></trkpt>
<trkpt lat="41.131984" lon="-81.566251">
<ele>303</ele>
<time>2026-07-20T19:31:10Z</time></trkpt>
<trkpt lat="41.131893" lon="-81.566334">
<ele>302</ele>
<time>2026-07-20T19:31:14Z</time></trkpt>
<trkpt lat="41.131893" lon="-81.566334">
<ele>302</ele>
<time>2026-07-20T19:31:14Z</time></trkpt>
<trkpt lat="41.13172" lon="-81.56649">
<ele>302</ele>
<time>2026-07-20T19:31:21Z</time></trkpt>
<trkpt lat="41.131611" lon="-81.566645">
<ele>302</ele>
<time>2026-07-20T19:31:26Z</time></trkpt>
<trkpt lat="41.131397" lon="-81.567109">
<ele>302</ele>
<time>2026-07-20T19:31:39Z</time></trkpt>
<trkpt lat="41.131294" lon="-81.567429">
<ele>302</ele>
<time>2026-07-20T19:31:48Z</time></trkpt>
<trkpt lat="41.131482" lon="-81.567486">
<ele>303</ele>
<time>2026-07-20T19:31:54Z</time></trkpt>
<trkpt lat="41.132005" lon="-81.567564">
<ele>302</ele>
<time>2026-07-20T19:32:11Z</time></trkpt>
<trkpt lat="41.132115" lon="-81.567603">
<ele>302</ele>
<time>2026-07-20T19:32:15Z</time></trkpt>
<trkpt lat="41.132243" lon="-81.567703">
<ele>302</ele>
<time>2026-07-20T19:32:19Z</time></trkpt>
<trkpt lat="41.132344" lon="-81.567876">
<ele>301</ele>
<time>2026-07-20T19:32:25Z</time></trkpt>
<trkpt lat="41.132344" lon="-81.567876">
<ele>301</ele>
<time>2026-07-20T19:32:25Z</time></trkpt>
<trkpt lat="41.13236" lon="-81.567903">
<ele>301</ele>
<time>2026-07-20T19:32:25Z</time></trkpt>
<trkpt lat="41.132353" lon="-81.568096">
<ele>301</ele>
<time>2026-07-20T19:32:30Z</time></trkpt>
<trkpt lat="41.132388" lon="-81.56817">
<ele>300</ele>
<time>2026-07-20T19:32:32Z</time></trkpt>
<trkpt lat="41.132442" lon="-81.568204">
<ele>300</ele>
<time>2026-07-20T19:32:34Z</time></trkpt>
<trkpt lat="41.132511" lon="-81.568192">
<ele>299</ele>
<time>2026-07-20T19:32:36Z</time></trkpt>
<trkpt lat="41.132573" lon="-81.568106">
<ele>299</ele>
<time>2026-07-20T19:32:39Z</time></trkpt>
<trkpt lat="41.132634" lon="-81.56798">
<ele>299</ele>
<time>2026-07-20T19:32:43Z</time></trkpt>
<trkpt lat="41.132703" lon="-81.567919">
<ele>299</ele>
<time>2026-07-20T19:32:46Z</time></trkpt>
<trkpt lat="41.13278" lon="-81.567912">
<ele>299</ele>
<time>2026-07-20T19:32:48Z</time></trkpt>
<trkpt lat="41.132936" lon="-81.567952">
<ele>297</ele>
<time>2026-07-20T19:32:53Z</time></trkpt>
<trkpt lat="41.13298" lon="-81.567918">
<ele>297</ele>
<time>2026-07-20T19:32:54Z</time></trkpt>
<trkpt lat="41.132989" lon="-81.567871">
<ele>297</ele>
<time>2026-07-20T19:32:55Z</time></trkpt>
<trkpt lat="41.132939" lon="-81.567665">
<ele>298</ele>
<time>2026-07-20T19:33:00Z</time></trkpt>
<trkpt lat="41.132949" lon="-81.567597">
<ele>298</ele>
<time>2026-07-20T19:33:02Z</time></trkpt>
<trkpt lat="41.133119" lon="-81.567365">
<ele>295</ele>
<time>2026-07-20T19:33:09Z</time></trkpt>
<trkpt lat="41.133139" lon="-81.567308">
<ele>295</ele>
<time>2026-07-20T19:33:11Z</time></trkpt>
<trkpt lat="41.133133" lon="-81.567207">
<ele>295</ele>
<time>2026-07-20T19:33:13Z</time></trkpt>
<trkpt lat="41.133147" lon="-81.567153">
<ele>294</ele>
<time>2026-07-20T19:33:14Z</time></trkpt>
<trkpt lat="41.133207" lon="-81.567095">
<ele>293</ele>
<time>2026-07-20T19:33:16Z</time></trkpt>
<trkpt lat="41.133342" lon="-81.567017">
<ele>293</ele>
<time>2026-07-20T19:33:21Z</time></trkpt>
<trkpt lat="41.133385" lon="-81.566952">
<ele>293</ele>
<time>2026-07-20T19:33:23Z</time></trkpt>
<trkpt lat="41.133423" lon="-81.566816">
<ele>292</ele>
<time>2026-07-20T19:33:26Z</time></trkpt>
<trkpt lat="41.13344" lon="-81.566682">
<ele>291</ele>
<time>2026-07-20T19:33:29Z</time></trkpt>
<trkpt lat="41.133473" lon="-81.566608">
<ele>291</ele>
<time>2026-07-20T19:33:31Z</time></trkpt>
<trkpt lat="41.133786" lon="-81.566231">
<ele>292</ele>
<time>2026-07-20T19:33:43Z</time></trkpt>
<trkpt lat="41.133984" lon="-81.566098">
<ele>293</ele>
<time>2026-07-20T19:33:50Z</time></trkpt>
<trkpt lat="41.134037" lon="-81.566027">
<ele>292</ele>
<time>2026-07-20T19:33:52Z</time></trkpt>
<trkpt lat="41.134079" lon="-81.565926">
<ele>290</ele>
<time>2026-07-20T19:33:55Z</time></trkpt>
<trkpt lat="41.134124" lon="-81.565876">
<ele>291</ele>
<time>2026-07-20T19:33:57Z</time></trkpt>
<trkpt lat="41.134124" lon="-81.565876">
<ele>291</ele>
<time>2026-07-20T19:33:57Z</time></trkpt>
<trkpt lat="41.134143" lon="-81.565855">
<ele>291</ele>
<time>2026-07-20T19:33:57Z</time></trkpt>
<trkpt lat="41.134342" lon="-81.565805">
<ele>290</ele>
<time>2026-07-20T19:34:03Z</time></trkpt>
<trkpt lat="41.1345" lon="-81.565741">
<ele>289</ele>
<time>2026-07-20T19:34:08Z</time></trkpt>
<trkpt lat="41.134668" lon="-81.565758">
<ele>289</ele>
<time>2026-07-20T19:34:13Z</time></trkpt>
<trkpt lat="41.134783" lon="-81.565711">
<ele>286</ele>
<time>2026-07-20T19:34:17Z</time></trkpt>
<trkpt lat="41.134822" lon="-81.565722">
<ele>285</ele>
<time>2026-07-20T19:34:18Z</time></trkpt>
<trkpt lat="41.134851" lon="-81.565758">
<ele>285</ele>
<time>2026-07-20T19:34:19Z</time></trkpt>
<trkpt lat="41.134921" lon="-81.565954">
<ele>286</ele>
<time>2026-07-20T19:34:24Z</time></trkpt>
<trkpt lat="41.134931" lon="-81.566021">
<ele>287</ele>
<time>2026-07-20T19:34:26Z</time></trkpt>
<trkpt lat="41.134911" lon="-81.566106">
<ele>288</ele>
<time>2026-07-20T19:34:28Z</time></trkpt>
<trkpt lat="41.134831" lon="-81.566263">
<ele>288</ele>
<time>2026-07-20T19:34:32Z</time></trkpt>
<trkpt lat="41.134819" lon="-81.566313">
<ele>288</ele>
<time>2026-07-20T19:34:33Z</time></trkpt>
<trkpt lat="41.134829" lon="-81.566381">
<ele>287</ele>
<time>2026-07-20T19:34:35Z</time></trkpt>
<trkpt lat="41.134948" lon="-81.56662">
<ele>286</ele>
<time>2026-07-20T19:34:41Z</time></trkpt>
<trkpt lat="41.135026" lon="-81.566713">
<ele>284</ele>
<time>2026-07-20T19:34:44Z</time></trkpt>
<trkpt lat="41.135043" lon="-81.566767">
<ele>283</ele>
<time>2026-07-20T19:34:46Z</time></trkpt>
<trkpt lat="41.135036" lon="-81.566822">
<ele>284</ele>
<time>2026-07-20T19:34:47Z</time></trkpt>
<trkpt lat="41.13499" lon="-81.566901">
<ele>286</ele>
<time>2026-07-20T19:34:49Z</time></trkpt>
<trkpt lat="41.13487" lon="-81.56699">
<ele>285</ele>
<time>2026-07-20T19:34:53Z</time></trkpt>
<trkpt lat="41.134622" lon="-81.567003">
<ele>287</ele>
<time>2026-07-20T19:35:01Z</time></trkpt>
<trkpt lat="41.134453" lon="-81.567129">
<ele>287</ele>
<time>2026-07-20T19:35:06Z</time></trkpt>
<trkpt lat="41.134421" lon="-81.567121">
<ele>286</ele>
<time>2026-07-20T19:35:07Z</time></trkpt>
<trkpt lat="41.13433" lon="-81.567014">
<ele>288</ele>
<time>2026-07-20T19:35:11Z</time></trkpt>
<trkpt lat="41.134238" lon="-81.566973">
<ele>288</ele>
<time>2026-07-20T19:35:14Z</time></trkpt>
<trkpt lat="41.133978" lon="-81.566949">
<ele>286</ele>
<time>2026-07-20T19:35:22Z</time></trkpt>
<trkpt lat="41.133978" lon="-81.566949">
<ele>286</ele>
<time>2026-07-20T19:35:22Z</time></trkpt>
<trkpt lat="41.133919" lon="-81.566944">
<ele>285</ele>
<time>2026-07-20T19:35:24Z</time></trkpt>
<trkpt lat="41.133889" lon="-81.566976">
<ele>284</ele>
<time>2026-07-20T19:35:25Z</time></trkpt>
<trkpt lat="41.133857" lon="-81.567158">
<ele>281</ele>
<time>2026-07-20T19:35:29Z</time></trkpt>
<trkpt lat="41.133873" lon="-81.567181">
<ele>280</ele>
<time>2026-07-20T19:35:30Z</time></trkpt>
<trkpt lat="41.133951" lon="-81.567146">
<ele>281</ele>
<time>2026-07-20T19:35:32Z</time></trkpt>
<trkpt lat="41.134041" lon="-81.567252">
<ele>278</ele>
<time>2026-07-20T19:35:36Z</time></trkpt>
<trkpt lat="41.134079" lon="-81.567324">
<ele>276</ele>
<time>2026-07-20T19:35:38Z</time></trkpt>
<trkpt lat="41.13413" lon="-81.567349">
<ele>275</ele>
<time>2026-07-20T19:35:39Z</time></trkpt>
<trkpt lat="41.134212" lon="-81.567347">
<ele>276</ele>
<time>2026-07-20T19:35:42Z</time></trkpt>
<trkpt lat="41.134251" lon="-81.567373">
<ele>276</ele>
<time>2026-07-20T19:35:43Z</time></trkpt>
<trkpt lat="41.134285" lon="-81.567432">
<ele>275</ele>
<time>2026-07-20T19:35:45Z</time></trkpt>
<trkpt lat="41.134319" lon="-81.567577">
<ele>271</ele>
<time>2026-07-20T19:35:48Z</time></trkpt>
<trkpt lat="41.134359" lon="-81.567598">
<ele>270</ele>
<time>2026-07-20T19:35:49Z</time></trkpt>
<trkpt lat="41.134459" lon="-81.567602">
<ele>271</ele>
<time>2026-07-20T19:35:51Z</time></trkpt>
<trkpt lat="41.134509" lon="-81.567632">
<ele>271</ele>
<time>2026-07-20T19:35:53Z</time></trkpt>
<trkpt lat="41.134634" lon="-81.567759">
<ele>270</ele>
<time>2026-07-20T19:35:57Z</time></trkpt>
<trkpt lat="41.134656" lon="-81.567816">
<ele>270</ele>
<time>2026-07-20T19:35:58Z</time></trkpt>
<trkpt lat="41.134672" lon="-81.567924">
<ele>269</ele>
<time>2026-07-20T19:36:00Z</time></trkpt>
<trkpt lat="41.134595" lon="-81.568244">
<ele>265</ele>
<time>2026-07-20T19:36:06Z</time></trkpt>
<trkpt lat="41.134603" lon="-81.568504">
<ele>263</ele>
<time>2026-07-20T19:36:11Z</time></trkpt>
<trkpt lat="41.13458" lon="-81.568772">
<ele>256</ele>
<time>2026-07-20T19:36:16Z</time></trkpt>
<trkpt lat="41.134593" lon="-81.568854">
<ele>254</ele>
<time>2026-07-20T19:36:18Z</time></trkpt>
<trkpt lat="41.134623" lon="-81.568913">
<ele>252</ele>
<time>2026-07-20T19:36:19Z</time></trkpt>
<trkpt lat="41.134658" lon="-81.568933">
<ele>252</ele>
<time>2026-07-20T19:36:20Z</time></trkpt>
<trkpt lat="41.134776" lon="-81.568876">
<ele>253</ele>
<time>2026-07-20T19:36:23Z</time></trkpt>
<trkpt lat="41.134992" lon="-81.568874">
<ele>250</ele>
<time>2026-07-20T19:36:28Z</time></trkpt>
<trkpt lat="41.13508" lon="-81.56891">
<ele>249</ele>
<time>2026-07-20T19:36:31Z</time></trkpt>
<trkpt lat="41.135135" lon="-81.568961">
<ele>249</ele>
<time>2026-07-20T19:36:32Z</time></trkpt>
<trkpt lat="41.135278" lon="-81.56897">
<ele>249</ele>
<time>2026-07-20T19:36:36Z</time></trkpt>
<trkpt lat="41.135368" lon="-81.568996">
<ele>248</ele>
<time>2026-07-20T19:36:38Z</time></trkpt>
<trkpt lat="41.135501" lon="-81.569121">
<ele>246</ele>
<time>2026-07-20T19:36:42Z</time></trkpt>
<trkpt lat="41.135578" lon="-81.569136">
<ele>245</ele>
<time>2026-07-20T19:36:44Z</time></trkpt>
<trkpt lat="41.135721" lon="-81.569096">
<ele>243</ele>
<time>2026-07-20T19:36:48Z</time></trkpt>
<trkpt lat="41.135841" lon="-81.568986">
<ele>241</ele>
<time>2026-07-20T19:36:51Z</time></trkpt>
<trkpt lat="41.135943" lon="-81.568806">
<ele>242</ele>
<time>2026-07-20T19:36:56Z</time></trkpt>
<trkpt lat="41.135943" lon="-81.568806">
<ele>242</ele>
<time>2026-07-20T19:36:56Z</time></trkpt>
<trkpt lat="41.136042" lon="-81.568612">
<ele>242</ele>
<time>2026-07-20T19:37:00Z</time></trkpt>
<trkpt lat="41.136104" lon="-81.568431">
<ele>240</ele>
<time>2026-07-20T19:37:05Z</time></trkpt>
<trkpt lat="41.136136" lon="-81.56821">
<ele>240</ele>
<time>2026-07-20T19:37:10Z</time></trkpt>
<trkpt lat="41.136142" lon="-81.568081">
<ele>240</ele>
<time>2026-07-20T19:37:13Z</time></trkpt>
<trkpt lat="41.136121" lon="-81.567833">
<ele>240</ele>
<time>2026-07-20T19:37:19Z</time></trkpt>
<trkpt lat="41.136155" lon="-81.567576">
<ele>241</ele>
<time>2026-07-20T19:37:26Z</time></trkpt>
<trkpt lat="41.136128" lon="-81.567239">
<ele>241</ele>
<time>2026-07-20T19:37:34Z</time></trkpt>
<trkpt lat="41.136056" lon="-81.567072">
<ele>240</ele>
<time>2026-07-20T19:37:38Z</time></trkpt>
<trkpt lat="41.136039" lon="-81.567001">
<ele>240</ele>
<time>2026-07-20T19:37:40Z</time></trkpt>
<trkpt lat="41.136045" lon="-81.566937">
<ele>239</ele>
<time>2026-07-20T19:37:42Z</time></trkpt>
<trkpt lat="41.136183" lon="-81.566695">
<ele>238</ele>
<time>2026-07-20T19:37:49Z</time></trkpt>
<trkpt lat="41.136223" lon="-81.566598">
<ele>237</ele>
<time>2026-07-20T19:37:52Z</time></trkpt>
<trkpt lat="41.136285" lon="-81.566294">
<ele>238</ele>
<time>2026-07-20T19:37:59Z</time></trkpt>
<trkpt lat="41.136417" lon="-81.566024">
<ele>238</ele>
<time>2026-07-20T19:38:07Z</time></trkpt>
<trkpt lat="41.136459" lon="-81.565906">
<ele>239</ele>
<time>2026-07-20T19:38:10Z</time></trkpt>
<trkpt lat="41.136524" lon="-81.565576">
<ele>238</ele>
<time>2026-07-20T19:38:18Z</time></trkpt>
<trkpt lat="41.136724" lon="-81.565236">
<ele>237</ele>
<time>2026-07-20T19:38:29Z</time></trkpt>
<trkpt lat="41.136897" lon="-81.565121">
<ele>237</ele>
<time>2026-07-20T19:38:35Z</time></trkpt>
<trkpt lat="41.136963" lon="-81.5651754">
<ele>236</ele>
<time>2026-07-20T19:38:37Z</time></trkpt>
<trkpt lat="41.137022" lon="-81.565237">
<ele>235</ele>
<time>2026-07-20T19:38:40Z</time></trkpt>
<trkpt lat="41.13721" lon="-81.564604">
<ele>235</ele>
<time>2026-07-20T19:38:58Z</time></trkpt>
<trkpt lat="41.137484" lon="-81.564608">
<ele>234</ele>
<time>2026-07-20T19:39:08Z</time></trkpt>
<trkpt lat="41.137552" lon="-81.564607">
<ele>233</ele>
<time>2026-07-20T19:39:10Z</time></trkpt>
<trkpt lat="41.137647" lon="-81.56461">
<ele>233</ele>
<time>2026-07-20T19:39:13Z</time></trkpt>
<trkpt lat="41.137827" lon="-81.564611">
<ele>232</ele>
<time>2026-07-20T19:39:19Z</time></trkpt>
<trkpt lat="41.137829" lon="-81.564738">
<ele>232</ele>
<time>2026-07-20T19:39:23Z</time></trkpt>
<trkpt lat="41.137831" lon="-81.564797">
<ele>232</ele>
<time>2026-07-20T19:39:24Z</time></trkpt>
<trkpt lat="41.137807" lon="-81.564859">
<ele>232</ele>
<time>2026-07-20T19:39:26Z</time></trkpt>
<trkpt lat="41.137649" lon="-81.565091">
<ele>233</ele>
<time>2026-07-20T19:39:34Z</time></trkpt>
<trkpt lat="41.137589" lon="-81.565217">
<ele>232</ele>
<time>2026-07-20T19:39:38Z</time></trkpt>
<trkpt lat="41.137494" lon="-81.565483">
<ele>233</ele>
<time>2026-07-20T19:39:46Z</time></trkpt>
<trkpt lat="41.137285" lon="-81.565968">
<ele>235</ele>
<time>2026-07-20T19:40:01Z</time></trkpt>
<trkpt lat="41.137176" lon="-81.566275">
<ele>237</ele>
<time>2026-07-20T19:40:10Z</time></trkpt>
<trkpt lat="41.137137" lon="-81.566479">
<ele>239</ele>
<time>2026-07-20T19:40:15Z</time></trkpt>
<trkpt lat="41.13703" lon="-81.566775">
<ele>239</ele>
<time>2026-07-20T19:40:24Z</time></trkpt>
<trkpt lat="41.137058" lon="-81.567123">
<ele>242</ele>
<time>2026-07-20T19:40:34Z</time></trkpt>
<trkpt lat="41.136678" lon="-81.567837">
<ele>238</ele>
<time>2026-07-20T19:40:58Z</time></trkpt>
<trkpt lat="41.136614" lon="-81.568001">
<ele>238</ele>
<time>2026-07-20T19:41:03Z</time></trkpt>
<trkpt lat="41.136551" lon="-81.568283">
<ele>240</ele>
<time>2026-07-20T19:41:11Z</time></trkpt>
<trkpt lat="41.136541" lon="-81.568413">
<ele>240</ele>
<time>2026-07-20T19:41:14Z</time></trkpt>
<trkpt lat="41.136561" lon="-81.568654">
<ele>241</ele>
<time>2026-07-20T19:41:21Z</time></trkpt>
<trkpt lat="41.136625" lon="-81.568929">
<ele>243</ele>
<time>2026-07-20T19:41:29Z</time></trkpt>
<trkpt lat="41.13663" lon="-81.569027">
<ele>244</ele>
<time>2026-07-20T19:41:32Z</time></trkpt>
<trkpt lat="41.136589" lon="-81.569185">
<ele>244</ele>
<time>2026-07-20T19:41:36Z</time></trkpt>
<trkpt lat="41.136486" lon="-81.569409">
<ele>245</ele>
<time>2026-07-20T19:41:44Z</time></trkpt>
<trkpt lat="41.136392" lon="-81.569485">
<ele>245</ele>
<time>2026-07-20T19:41:48Z</time></trkpt>
<trkpt lat="41.136201" lon="-81.569699">
<ele>244</ele>
<time>2026-07-20T19:41:57Z</time></trkpt>
<trkpt lat="41.13581" lon="-81.569965">
<ele>242</ele>
<time>2026-07-20T19:42:13Z</time></trkpt>
<trkpt lat="41.135605" lon="-81.570079">
<ele>242</ele>
<time>2026-07-20T19:42:22Z</time></trkpt>
<trkpt lat="41.135526" lon="-81.570116">
<ele>242</ele>
<time>2026-07-20T19:42:25Z</time></trkpt>
<trkpt lat="41.135472" lon="-81.570128">
<ele>242</ele>
<time>2026-07-20T19:42:28Z</time></trkpt>
<trkpt lat="41.1354068" lon="-81.570175">
<ele>242</ele>
<time>2026-07-20T19:42:31Z</time></trkpt>
<trkpt lat="41.135354" lon="-81.570213">
<ele>242</ele>
<time>2026-07-20T19:42:33Z</time></trkpt>
<trkpt lat="41.135164" lon="-81.570427">
<ele>245</ele>
<time>2026-07-20T19:42:43Z</time></trkpt>
<trkpt lat="41.134829" lon="-81.570918">
<ele>247</ele>
<time>2026-07-20T19:43:03Z</time></trkpt>
<trkpt lat="41.134754" lon="-81.571049">
<ele>246</ele>
<time>2026-07-20T19:43:07Z</time></trkpt>
<trkpt lat="41.134651" lon="-81.571284">
<ele>247</ele>
<time>2026-07-20T19:43:16Z</time></trkpt>
<trkpt lat="41.134483" lon="-81.571525">
<ele>248</ele>
<time>2026-07-20T19:43:25Z</time></trkpt>
<trkpt lat="41.134218" lon="-81.571817">
<ele>249</ele>
<time>2026-07-20T19:43:39Z</time></trkpt>
<trkpt lat="41.133955" lon="-81.572182">
<ele>251</ele>
<time>2026-07-20T19:43:54Z</time></trkpt>
<trkpt lat="41.133568" lon="-81.572555">
<ele>252</ele>
<time>2026-07-20T19:44:13Z</time></trkpt>
<trkpt lat="41.13334" lon="-81.572848">
<ele>252</ele>
<time>2026-07-20T19:44:25Z</time></trkpt>
<trkpt lat="41.133087" lon="-81.573359">
<ele>254</ele>
<time>2026-07-20T19:44:42Z</time></trkpt>
<trkpt lat="41.133033" lon="-81.573715">
<ele>257</ele>
<time>2026-07-20T19:44:53Z</time></trkpt>
<trkpt lat="41.132997" lon="-81.573839">
<ele>256</ele>
<time>2026-07-20T19:44:57Z</time></trkpt>
<trkpt lat="41.132802" lon="-81.574238">
<ele>255</ele>
<time>2026-07-20T19:45:10Z</time></trkpt>
<trkpt lat="41.132743" lon="-81.574464">
<ele>254</ele>
<time>2026-07-20T19:45:17Z</time></trkpt>
<trkpt lat="41.132705" lon="-81.574685">
<ele>255</ele>
<time>2026-07-20T19:45:24Z</time></trkpt>
<trkpt lat="41.132687" lon="-81.575133">
<ele>257</ele>
<time>2026-07-20T19:45:36Z</time></trkpt>
<trkpt lat="41.132635" lon="-81.575284">
<ele>256</ele>
<time>2026-07-20T19:45:41Z</time></trkpt>
<trkpt lat="41.132613" lon="-81.5754">
<ele>256</ele>
<time>2026-07-20T19:45:45Z</time></trkpt>
<trkpt lat="41.13261" lon="-81.575687">
<ele>256</ele>
<time>2026-07-20T19:45:53Z</time></trkpt>
<trkpt lat="41.13263" lon="-81.575868">
<ele>257</ele>
<time>2026-07-20T19:45:59Z</time></trkpt>
<trkpt lat="41.132885" lon="-81.576991">
<ele>258</ele>
<time>2026-07-20T19:46:41Z</time></trkpt>
<trkpt lat="41.133053" lon="-81.577477">
<ele>258</ele>
<time>2026-07-20T19:47:01Z</time></trkpt>
<trkpt lat="41.133227" lon="-81.577784">
<ele>259</ele>
<time>2026-07-20T19:47:15Z</time></trkpt>
<trkpt lat="41.133227" lon="-81.577784">
<ele>259</ele>
<time>2026-07-20T19:47:15Z</time></trkpt>
<trkpt lat="41.133265" lon="-81.577874">
<ele>260</ele>
<time>2026-07-20T19:47:19Z</time></trkpt>
<trkpt lat="41.133308" lon="-81.577877">
<ele>260</ele>
<time>2026-07-20T19:47:21Z</time></trkpt>
<trkpt lat="41.133384" lon="-81.577934">
<ele>261</ele>
<time>2026-07-20T19:47:25Z</time></trkpt>
<trkpt lat="41.13342" lon="-81.577942">
<ele>262</ele>
<time>2026-07-20T19:47:27Z</time></trkpt>
<trkpt lat="41.133522" lon="-81.577915">
<ele>265</ele>
<time>2026-07-20T19:47:32Z</time></trkpt>
<trkpt lat="41.133636" lon="-81.577925">
<ele>267</ele>
<time>2026-07-20T19:47:37Z</time></trkpt>
<trkpt lat="41.133528" lon="-81.577579">
<ele>271</ele>
<time>2026-07-20T19:47:51Z</time></trkpt>
<trkpt lat="41.133449" lon="-81.577448">
<ele>272</ele>
<time>2026-07-20T19:47:57Z</time></trkpt>
<trkpt lat="41.133351" lon="-81.577353">
<ele>271</ele>
<time>2026-07-20T19:48:03Z</time></trkpt>
<trkpt lat="41.133322" lon="-81.577243">
<ele>272</ele>
<time>2026-07-20T19:48:07Z</time></trkpt>
<trkpt lat="41.133334" lon="-81.577121">
<ele>273</ele>
<time>2026-07-20T19:48:12Z</time></trkpt>
<trkpt lat="41.133477" lon="-81.576551">
<ele>283</ele>
<time>2026-07-20T19:48:33Z</time></trkpt>
<trkpt lat="41.133469" lon="-81.576451">
<ele>284</ele>
<time>2026-07-20T19:48:37Z</time></trkpt>
<trkpt lat="41.133409" lon="-81.576223">
<ele>286</ele>
<time>2026-07-20T19:48:45Z</time></trkpt>
<trkpt lat="41.133411" lon="-81.576148">
<ele>287</ele>
<time>2026-07-20T19:48:48Z</time></trkpt>
<trkpt lat="41.133508" lon="-81.57589">
<ele>291</ele>
<time>2026-07-20T19:48:58Z</time></trkpt>
<trkpt lat="41.133532" lon="-81.575772">
<ele>292</ele>
<time>2026-07-20T19:49:02Z</time></trkpt>
<trkpt lat="41.133547" lon="-81.575561">
<ele>292</ele>
<time>2026-07-20T19:49:10Z</time></trkpt>
<trkpt lat="41.133595" lon="-81.575491">
<ele>295</ele>
<time>2026-07-20T19:49:13Z</time></trkpt>
<trkpt lat="41.133652" lon="-81.575492">
<ele>295</ele>
<time>2026-07-20T19:49:16Z</time></trkpt>
<trkpt lat="41.133683" lon="-81.575525">
<ele>295</ele>
<time>2026-07-20T19:49:18Z</time></trkpt>
<trkpt lat="41.13376" lon="-81.575687">
<ele>295</ele>
<time>2026-07-20T19:49:25Z</time></trkpt>
<trkpt lat="41.133828" lon="-81.57578">
<ele>296</ele>
<time>2026-07-20T19:49:29Z</time></trkpt>
<trkpt lat="41.133973" lon="-81.575872">
<ele>297</ele>
<time>2026-07-20T19:49:37Z</time></trkpt>
<trkpt lat="41.134001" lon="-81.575867">
<ele>297</ele>
<time>2026-07-20T19:49:38Z</time></trkpt>
<trkpt lat="41.134017" lon="-81.57584">
<ele>296</ele>
<time>2026-07-20T19:49:39Z</time></trkpt>
<trkpt lat="41.134024" lon="-81.575794">
<ele>296</ele>
<time>2026-07-20T19:49:41Z</time></trkpt>
<trkpt lat="41.133972" lon="-81.575583">
<ele>296</ele>
<time>2026-07-20T19:49:49Z</time></trkpt>
<trkpt lat="41.133969" lon="-81.575513">
<ele>295</ele>
<time>2026-07-20T19:49:51Z</time></trkpt>
<trkpt lat="41.133994" lon="-81.575265">
<ele>295</ele>
<time>2026-07-20T19:50:00Z</time></trkpt>
<trkpt lat="41.133971" lon="-81.574967">
<ele>294</ele>
<time>2026-07-20T19:50:11Z</time></trkpt>
<trkpt lat="41.133985" lon="-81.574824">
<ele>294</ele>
<time>2026-07-20T19:50:16Z</time></trkpt>
<trkpt lat="41.13403" lon="-81.574708">
<ele>294</ele>
<time>2026-07-20T19:50:20Z</time></trkpt>
<trkpt lat="41.134117" lon="-81.574621">
<ele>294</ele>
<time>2026-07-20T19:50:25Z</time></trkpt>
<trkpt lat="41.134189" lon="-81.574622">
<ele>294</ele>
<time>2026-07-20T19:50:29Z</time></trkpt>
<trkpt lat="41.134189" lon="-81.574622">
<ele>294</ele>
<time>2026-07-20T19:50:29Z</time></trkpt>
<trkpt lat="41.134302" lon="-81.574625">
<ele>294</ele>
<time>2026-07-20T19:50:34Z</time></trkpt>
<trkpt lat="41.134421" lon="-81.57454">
<ele>293</ele>
<time>2026-07-20T19:50:40Z</time></trkpt>
<trkpt lat="41.134502" lon="-81.57445">
<ele>293</ele>
<time>2026-07-20T19:50:44Z</time></trkpt>
<trkpt lat="41.134516" lon="-81.574408">
<ele>293</ele>
<time>2026-07-20T19:50:45Z</time></trkpt>
<trkpt lat="41.134512" lon="-81.574357">
<ele>293</ele>
<time>2026-07-20T19:50:46Z</time></trkpt>
<trkpt lat="41.134455" lon="-81.574175">
<ele>294</ele>
<time>2026-07-20T19:50:52Z</time></trkpt>
<trkpt lat="41.134455" lon="-81.574042">
<ele>294</ele>
<time>2026-07-20T19:50:52Z</time></trkpt>
<trkpt lat="41.134619" lon="-81.573552">
<ele>295</ele>
<time>2026-07-20T19:51:06Z</time></trkpt>
<trkpt lat="41.134771" lon="-81.57328">
<ele>293</ele>
<time>2026-07-20T19:51:15Z</time></trkpt>
<trkpt lat="41.134834" lon="-81.573107">
<ele>292</ele>
<time>2026-07-20T19:51:20Z</time></trkpt>
<trkpt lat="41.135093" lon="-81.572862">
<ele>291</ele>
<time>2026-07-20T19:51:32Z</time></trkpt>
<trkpt lat="41.1351744" lon="-81.5727133">
<ele>291</ele>
<time>2026-07-20T19:51:37Z</time></trkpt>
<trkpt lat="41.135237" lon="-81.572637">
<ele>292</ele>
<time>2026-07-20T19:51:40Z</time></trkpt>
<trkpt lat="41.135253" lon="-81.572696">
<ele>292</ele>
<time>2026-07-20T19:51:41Z</time></trkpt>
<trkpt lat="41.135165" lon="-81.572998">
<ele>293</ele>
<time>2026-07-20T19:51:50Z</time></trkpt>
<trkpt lat="41.135176" lon="-81.573245">
<ele>295</ele>
<time>2026-07-20T19:51:57Z</time></trkpt>
<trkpt lat="41.135029" lon="-81.57358">
<ele>296</ele>
<time>2026-07-20T19:52:07Z</time></trkpt>
<trkpt lat="41.134969" lon="-81.573817">
<ele>296</ele>
<time>2026-07-20T19:52:14Z</time></trkpt>
<trkpt lat="41.13493" lon="-81.574086">
<ele>296</ele>
<time>2026-07-20T19:52:21Z</time></trkpt>
<trkpt lat="41.134973" lon="-81.574235">
<ele>296</ele>
<time>2026-07-20T19:52:25Z</time></trkpt>
<trkpt lat="41.135188" lon="-81.574523">
<ele>299</ele>
<time>2026-07-20T19:52:35Z</time></trkpt>
<trkpt lat="41.135235" lon="-81.574554">
<ele>300</ele>
<time>2026-07-20T19:52:37Z</time></trkpt>
<trkpt lat="41.135276" lon="-81.574556">
<ele>300</ele>
<time>2026-07-20T19:52:38Z</time></trkpt>
<trkpt lat="41.135378" lon="-81.574489">
<ele>300</ele>
<time>2026-07-20T19:52:42Z</time></trkpt>
<trkpt lat="41.135452" lon="-81.574513">
<ele>300</ele>
<time>2026-07-20T19:52:44Z</time></trkpt>
<trkpt lat="41.135487" lon="-81.574534">
<ele>300</ele>
<time>2026-07-20T19:52:46Z</time></trkpt>
<trkpt lat="41.135666" lon="-81.574782">
<ele>299</ele>
<time>2026-07-20T19:52:54Z</time></trkpt>
<trkpt lat="41.13572" lon="-81.574642">
<ele>297</ele>
<time>2026-07-20T19:52:58Z</time></trkpt>
<trkpt lat="41.135748" lon="-81.574327">
<ele>294</ele>
<time>2026-07-20T19:53:06Z</time></trkpt>
<trkpt lat="41.135746" lon="-81.57421">
<ele>293</ele>
<time>2026-07-20T19:53:08Z</time></trkpt>
<trkpt lat="41.135702" lon="-81.573985">
<ele>290</ele>
<time>2026-07-20T19:53:14Z</time></trkpt>
<trkpt lat="41.135727" lon="-81.573741">
<ele>286</ele>
<time>2026-07-20T19:53:20Z</time></trkpt>
<trkpt lat="41.13574" lon="-81.573729">
<ele>286</ele>
<time>2026-07-20T19:53:21Z</time></trkpt>
<trkpt lat="41.1357849" lon="-81.5736922">
<ele>283</ele>
<time>2026-07-20T19:53:22Z</time></trkpt>
<trkpt lat="41.135996" lon="-81.573519">
<ele>285</ele>
<time>2026-07-20T19:53:30Z</time></trkpt>
<trkpt lat="41.136052" lon="-81.573506">
<ele>286</ele>
<time>2026-07-20T19:53:32Z</time></trkpt>
<trkpt lat="41.136158" lon="-81.573565">
<ele>290</ele>
<time>2026-07-20T19:53:36Z</time></trkpt>
<trkpt lat="41.136185" lon="-81.57356">
<ele>290</ele>
<time>2026-07-20T19:53:37Z</time></trkpt>
<trkpt lat="41.136272" lon="-81.573412">
<ele>291</ele>
<time>2026-07-20T19:53:41Z</time></trkpt>
<trkpt lat="41.136335" lon="-81.57336">
<ele>292</ele>
<time>2026-07-20T19:53:44Z</time></trkpt>
<trkpt lat="41.136518" lon="-81.573292">
<ele>294</ele>
<time>2026-07-20T19:53:50Z</time></trkpt>
<trkpt lat="41.136688" lon="-81.573113">
<ele>293</ele>
<time>2026-07-20T19:53:57Z</time></trkpt>
<trkpt lat="41.136768" lon="-81.573103">
<ele>293</ele>
<time>2026-07-20T19:54:00Z</time></trkpt>
<trkpt lat="41.136965" lon="-81.573199">
<ele>294</ele>
<time>2026-07-20T19:54:06Z</time></trkpt>
<trkpt lat="41.136987" lon="-81.573234">
<ele>294</ele>
<time>2026-07-20T19:54:08Z</time></trkpt>
<trkpt lat="41.136997" lon="-81.573381">
<ele>296</ele>
<time>2026-07-20T19:54:11Z</time></trkpt>
<trkpt lat="41.136997" lon="-81.573381">
<ele>296</ele>
<time>2026-07-20T19:54:11Z</time></trkpt>
<trkpt lat="41.137001" lon="-81.573424">
<ele>296</ele>
<time>2026-07-20T19:54:12Z</time></trkpt>
<trkpt lat="41.137062" lon="-81.573494">
<ele>297</ele>
<time>2026-07-20T19:54:15Z</time></trkpt>
<trkpt lat="41.137163" lon="-81.573521">
<ele>298</ele>
<time>2026-07-20T19:54:18Z</time></trkpt>
<trkpt lat="41.13729" lon="-81.573414">
<ele>298</ele>
<time>2026-07-20T19:54:23Z</time></trkpt>
<trkpt lat="41.13737" lon="-81.573396">
<ele>298</ele>
<time>2026-07-20T19:54:26Z</time></trkpt>
<trkpt lat="41.137423" lon="-81.573418">
<ele>298</ele>
<time>2026-07-20T19:54:27Z</time></trkpt>
<trkpt lat="41.137483" lon="-81.57351">
<ele>300</ele>
<time>2026-07-20T19:54:30Z</time></trkpt>
<trkpt lat="41.137518" lon="-81.573636">
<ele>301</ele>
<time>2026-07-20T19:54:34Z</time></trkpt>
<trkpt lat="41.137557" lon="-81.573713">
<ele>301</ele>
<time>2026-07-20T19:54:36Z</time></trkpt>
<trkpt lat="41.137679" lon="-81.573827">
<ele>301</ele>
<time>2026-07-20T19:54:41Z</time></trkpt>
<trkpt lat="41.137842" lon="-81.573782">
<ele>300</ele>
<time>2026-07-20T19:54:46Z</time></trkpt>
<trkpt lat="41.137877" lon="-81.573688">
<ele>300</ele>
<time>2026-07-20T19:54:48Z</time></trkpt>
<trkpt lat="41.137817" lon="-81.573595">
<ele>299</ele>
<time>2026-07-20T19:54:51Z</time></trkpt>
<trkpt lat="41.137811" lon="-81.573504">
<ele>298</ele>
<time>2026-07-20T19:54:54Z</time></trkpt>
<trkpt lat="41.137824" lon="-81.573448">
<ele>297</ele>
<time>2026-07-20T19:54:55Z</time></trkpt>
<trkpt lat="41.137901" lon="-81.573334">
<ele>296</ele>
<time>2026-07-20T19:54:59Z</time></trkpt>
<trkpt lat="41.137903" lon="-81.573278">
<ele>295</ele>
<time>2026-07-20T19:55:00Z</time></trkpt>
<trkpt lat="41.137903" lon="-81.573278">
<ele>295</ele>
<time>2026-07-20T19:55:00Z</time></trkpt>
<trkpt lat="41.137883" lon="-81.573137">
<ele>294</ele>
<time>2026-07-20T19:55:04Z</time></trkpt>
<trkpt lat="41.137784" lon="-81.572976">
<ele>293</ele>
<time>2026-07-20T19:55:09Z</time></trkpt>
<trkpt lat="41.137772" lon="-81.572929">
<ele>293</ele>
<time>2026-07-20T19:55:10Z</time></trkpt>
<trkpt lat="41.137775" lon="-81.572715">
<ele>290</ele>
<time>2026-07-20T19:55:15Z</time></trkpt>
<trkpt lat="41.137799" lon="-81.572609">
<ele>289</ele>
<time>2026-07-20T19:55:18Z</time></trkpt>
<trkpt lat="41.137848" lon="-81.572516">
<ele>288</ele>
<time>2026-07-20T19:55:21Z</time></trkpt>
<trkpt lat="41.137892" lon="-81.572514">
<ele>288</ele>
<time>2026-07-20T19:55:22Z</time></trkpt>
<trkpt lat="41.137924" lon="-81.572548">
<ele>288</ele>
<time>2026-07-20T19:55:23Z</time></trkpt>
<trkpt lat="41.137978" lon="-81.572594">
<ele>289</ele>
<time>2026-07-20T19:55:25Z</time></trkpt>
<trkpt lat="41.138065" lon="-81.572507">
<ele>288</ele>
<time>2026-07-20T19:55:29Z</time></trkpt>
<trkpt lat="41.138085" lon="-81.572423">
<ele>289</ele>
<time>2026-07-20T19:55:31Z</time></trkpt>
<trkpt lat="41.138077" lon="-81.572219">
<ele>289</ele>
<time>2026-07-20T19:55:36Z</time></trkpt>
<trkpt lat="41.138058" lon="-81.572164">
<ele>290</ele>
<time>2026-07-20T19:55:37Z</time></trkpt>
<trkpt lat="41.137881" lon="-81.571984">
<ele>290</ele>
<time>2026-07-20T19:55:45Z</time></trkpt>
<trkpt lat="41.137724" lon="-81.571914">
<ele>289</ele>
<time>2026-07-20T19:55:50Z</time></trkpt>
<trkpt lat="41.137611" lon="-81.571587">
<ele>289</ele>
<time>2026-07-20T19:55:59Z</time></trkpt>
<trkpt lat="41.137579" lon="-81.57147">
<ele>289</ele>
<time>2026-07-20T19:56:02Z</time></trkpt>
<trkpt lat="41.137584" lon="-81.571399">
<ele>290</ele>
<time>2026-07-20T19:56:04Z</time></trkpt>
<trkpt lat="41.137597" lon="-81.571359">
<ele>290</ele>
<time>2026-07-20T19:56:05Z</time></trkpt>
<trkpt lat="41.137695" lon="-81.571324">
<ele>289</ele>
<time>2026-07-20T19:56:08Z</time></trkpt>
<trkpt lat="41.137808" lon="-81.571138">
<ele>289</ele>
<time>2026-07-20T19:56:14Z</time></trkpt>
<trkpt lat="41.137818" lon="-81.571042">
<ele>290</ele>
<time>2026-07-20T19:56:16Z</time></trkpt>
<trkpt lat="41.137784" lon="-81.570877">
<ele>291</ele>
<time>2026-07-20T19:56:21Z</time></trkpt>
<trkpt lat="41.137795" lon="-81.570826">
<ele>292</ele>
<time>2026-07-20T19:56:22Z</time></trkpt>
<trkpt lat="41.137861" lon="-81.570724">
<ele>292</ele>
<time>2026-07-20T19:56:25Z</time></trkpt>
<trkpt lat="41.137929" lon="-81.570667">
<ele>292</ele>
<time>2026-07-20T19:56:28Z</time></trkpt>
<trkpt lat="41.138126" lon="-81.570598">
<ele>292</ele>
<time>2026-07-20T19:56:35Z</time></trkpt>
<trkpt lat="41.138242" lon="-81.57058">
<ele>292</ele>
<time>2026-07-20T19:56:38Z</time></trkpt>
<trkpt lat="41.138291" lon="-81.570548">
<ele>292</ele>
<time>2026-07-20T19:56:40Z</time></trkpt>
<trkpt lat="41.13833" lon="-81.570484">
<ele>292</ele>
<time>2026-07-20T19:56:42Z</time></trkpt>
<trkpt lat="41.138349" lon="-81.570424">
<ele>292</ele>
<time>2026-07-20T19:56:44Z</time></trkpt>
<trkpt lat="41.138348" lon="-81.570325">
<ele>292</ele>
<time>2026-07-20T19:56:46Z</time></trkpt>
<trkpt lat="41.138309" lon="-81.57025">
<ele>292</ele>
<time>2026-07-20T19:56:49Z</time></trkpt>
<trkpt lat="41.1381" lon="-81.570117">
<ele>290</ele>
<time>2026-07-20T19:56:56Z</time></trkpt>
<trkpt lat="41.138035" lon="-81.570023">
<ele>289</ele>
<time>2026-07-20T19:56:59Z</time></trkpt>
<trkpt lat="41.138011" lon="-81.56992">
<ele>288</ele>
<time>2026-07-20T19:57:02Z</time></trkpt>
<trkpt lat="41.13802" lon="-81.569789">
<ele>288</ele>
<time>2026-07-20T19:57:05Z</time></trkpt>
<trkpt lat="41.138071" lon="-81.569657">
<ele>287</ele>
<time>2026-07-20T19:57:09Z</time></trkpt>
<trkpt lat="41.13815" lon="-81.569535">
<ele>287</ele>
<time>2026-07-20T19:57:13Z</time></trkpt>
<trkpt lat="41.138252" lon="-81.569326">
<ele>286</ele>
<time>2026-07-20T19:57:18Z</time></trkpt>
<trkpt lat="41.138342" lon="-81.568897">
<ele>287</ele>
<time>2026-07-20T19:57:27Z</time></trkpt>
<trkpt lat="41.13837" lon="-81.568835">
<ele>287</ele>
<time>2026-07-20T19:57:29Z</time></trkpt>
<trkpt lat="41.138423" lon="-81.568809">
<ele>286</ele>
<time>2026-07-20T19:57:30Z</time></trkpt>
<trkpt lat="41.138423" lon="-81.568809">
<ele>286</ele>
<time>2026-07-20T19:57:30Z</time></trkpt>
<trkpt lat="41.138509" lon="-81.568766">
<ele>285</ele>
<time>2026-07-20T19:57:33Z</time></trkpt>
<trkpt lat="41.138691" lon="-81.568579">
<ele>285</ele>
<time>2026-07-20T19:57:39Z</time></trkpt>
<trkpt lat="41.138812" lon="-81.568384">
<ele>283</ele>
<time>2026-07-20T19:57:44Z</time></trkpt>
<trkpt lat="41.138901" lon="-81.568364">
<ele>281</ele>
<time>2026-07-20T19:57:47Z</time></trkpt>
<trkpt lat="41.139085" lon="-81.568432">
<ele>278</ele>
<time>2026-07-20T19:57:52Z</time></trkpt>
<trkpt lat="41.139108" lon="-81.568381">
<ele>277</ele>
<time>2026-07-20T19:57:53Z</time></trkpt>
<trkpt lat="41.139101" lon="-81.568236">
<ele>277</ele>
<time>2026-07-20T19:57:56Z</time></trkpt>
<trkpt lat="41.139144" lon="-81.568013">
<ele>275</ele>
<time>2026-07-20T19:58:01Z</time></trkpt>
<trkpt lat="41.13923" lon="-81.567822">
<ele>274</ele>
<time>2026-07-20T19:58:06Z</time></trkpt>
<trkpt lat="41.139206" lon="-81.567723">
<ele>273</ele>
<time>2026-07-20T19:58:08Z</time></trkpt>
<trkpt lat="41.139238" lon="-81.567612">
<ele>272</ele>
<time>2026-07-20T19:58:10Z</time></trkpt>
<trkpt lat="41.139237" lon="-81.567475">
<ele>272</ele>
<time>2026-07-20T19:58:13Z</time></trkpt>
<trkpt lat="41.139174" lon="-81.567244">
<ele>272</ele>
<time>2026-07-20T19:58:18Z</time></trkpt>
<trkpt lat="41.139168" lon="-81.56706">
<ele>271</ele>
<time>2026-07-20T19:58:22Z</time></trkpt>
<trkpt lat="41.139192" lon="-81.566872">
<ele>269</ele>
<time>2026-07-20T19:58:26Z</time></trkpt>
<trkpt lat="41.139297" lon="-81.566661">
<ele>267</ele>
<time>2026-07-20T19:58:31Z</time></trkpt>
<trkpt lat="41.139275" lon="-81.566586">
<ele>266</ele>
<time>2026-07-20T19:58:33Z</time></trkpt>
<trkpt lat="41.139195" lon="-81.566567">
<ele>266</ele>
<time>2026-07-20T19:58:35Z</time></trkpt>
<trkpt lat="41.139021" lon="-81.566609">
<ele>266</ele>
<time>2026-07-20T19:58:40Z</time></trkpt>
<trkpt lat="41.138896" lon="-81.56661">
<ele>265</ele>
<time>2026-07-20T19:58:43Z</time></trkpt>
<trkpt lat="41.138882" lon="-81.566591">
<ele>265</ele>
<time>2026-07-20T19:58:44Z</time></trkpt>
<trkpt lat="41.138903" lon="-81.566543">
<ele>264</ele>
<time>2026-07-20T19:58:45Z</time></trkpt>
<trkpt lat="41.139022" lon="-81.566479">
<ele>262</ele>
<time>2026-07-20T19:58:48Z</time></trkpt>
<trkpt lat="41.13905" lon="-81.566432">
<ele>261</ele>
<time>2026-07-20T19:58:50Z</time></trkpt>
<trkpt lat="41.138915" lon="-81.56638">
<ele>259</ele>
<time>2026-07-20T19:58:53Z</time></trkpt>
<trkpt lat="41.138788" lon="-81.566264">
<ele>256</ele>
<time>2026-07-20T19:58:58Z</time></trkpt>
<trkpt lat="41.138703" lon="-81.566141">
<ele>254</ele>
<time>2026-07-20T19:59:01Z</time></trkpt>
<trkpt lat="41.138658" lon="-81.566149">
<ele>254</ele>
<time>2026-07-20T19:59:02Z</time></trkpt>
<trkpt lat="41.138554" lon="-81.56628">
<ele>256</ele>
<time>2026-07-20T19:59:06Z</time></trkpt>
<trkpt lat="41.138501" lon="-81.56626">
<ele>255</ele>
<time>2026-07-20T19:59:08Z</time></trkpt>
<trkpt lat="41.138436" lon="-81.566145">
<ele>252</ele>
<time>2026-07-20T19:59:10Z</time></trkpt>
<trkpt lat="41.138286" lon="-81.566163">
<ele>251</ele>
<time>2026-07-20T19:59:14Z</time></trkpt>
<trkpt lat="41.138286" lon="-81.566163">
<ele>251</ele>
<time>2026-07-20T19:59:14Z</time></trkpt>
<trkpt lat="41.138106" lon="-81.566183">
<ele>249</ele>
<time>2026-07-20T19:59:19Z</time></trkpt>
<trkpt lat="41.138128" lon="-81.566049">
<ele>247</ele>
<time>2026-07-20T19:59:22Z</time></trkpt>
<trkpt lat="41.13819" lon="-81.565962">
<ele>246</ele>
<time>2026-07-20T19:59:25Z</time></trkpt>
<trkpt lat="41.138341" lon="-81.565805">
<ele>245</ele>
<time>2026-07-20T19:59:30Z</time></trkpt>
<trkpt lat="41.138418" lon="-81.565658">
<ele>242</ele>
<time>2026-07-20T19:59:33Z</time></trkpt>
<trkpt lat="41.138499" lon="-81.565613">
<ele>242</ele>
<time>2026-07-20T19:59:36Z</time></trkpt>
<trkpt lat="41.138573" lon="-81.565598">
<ele>242</ele>
<time>2026-07-20T19:59:38Z</time></trkpt>
<trkpt lat="41.138573" lon="-81.565598">
<ele>242</ele>
<time>2026-07-20T19:59:38Z</time></trkpt>
<trkpt lat="41.138686" lon="-81.565574">
<ele>243</ele>
<time>2026-07-20T19:59:41Z</time></trkpt>
<trkpt lat="41.138723" lon="-81.5655">
<ele>242</ele>
<time>2026-07-20T19:59:43Z</time></trkpt>
<trkpt lat="41.138838" lon="-81.565528">
<ele>243</ele>
<time>2026-07-20T19:59:46Z</time></trkpt>
<trkpt lat="41.138931" lon="-81.565529">
<ele>243</ele>
<time>2026-07-20T19:59:48Z</time></trkpt>
<trkpt lat="41.138963" lon="-81.565421">
<ele>243</ele>
<time>2026-07-20T19:59:51Z</time></trkpt>
<trkpt lat="41.1390535" lon="-81.5652037">
<ele>243</ele>
<time>2026-07-20T19:59:56Z</time></trkpt>
<trkpt lat="41.1391181" lon="-81.5650481">
<ele>242</ele>
<time>2026-07-20T20:00:00Z</time></trkpt>
<trkpt lat="41.1392434" lon="-81.5649408">
<ele>241</ele>
<time>2026-07-20T20:00:04Z</time></trkpt>
<trkpt lat="41.1392999" lon="-81.5649945">
<ele>241</ele>
<time>2026-07-20T20:00:06Z</time></trkpt>
<trkpt lat="41.1393201" lon="-81.5651661">
<ele>243</ele>
<time>2026-07-20T20:00:10Z</time></trkpt>
<trkpt lat="41.139377" lon="-81.565287">
<ele>245</ele>
<time>2026-07-20T20:00:13Z</time></trkpt>
<trkpt lat="41.139474" lon="-81.565297">
<ele>244</ele>
<time>2026-07-20T20:00:16Z</time></trkpt>
<trkpt lat="41.139518" lon="-81.565254">
<ele>243</ele>
<time>2026-07-20T20:00:17Z</time></trkpt>
<trkpt lat="41.139518" lon="-81.565254">
<ele>243</ele>
<time>2026-07-20T20:00:17Z</time></trkpt>
<trkpt lat="41.139559" lon="-81.565212">
<ele>242</ele>
<time>2026-07-20T20:00:19Z</time></trkpt>
<trkpt lat="41.139543" lon="-81.565025">
<ele>238</ele>
<time>2026-07-20T20:00:23Z</time></trkpt>
<trkpt lat="41.139549" lon="-81.564999">
<ele>237</ele>
<time>2026-07-20T20:00:24Z</time></trkpt>
<trkpt lat="41.139571" lon="-81.564988">
<ele>237</ele>
<time>2026-07-20T20:00:24Z</time></trkpt>
<trkpt lat="41.139879" lon="-81.565201">
<ele>237</ele>
<time>2026-07-20T20:00:35Z</time></trkpt>
<trkpt lat="41.140057" lon="-81.565262">
<ele>235</ele>
<time>2026-07-20T20:00:40Z</time></trkpt>
<trkpt lat="41.140116" lon="-81.565256">
<ele>235</ele>
<time>2026-07-20T20:00:42Z</time></trkpt>
<trkpt lat="41.140325" lon="-81.565163">
<ele>233</ele>
<time>2026-07-20T20:00:48Z</time></trkpt>
<trkpt lat="41.140529" lon="-81.565165">
<ele>233</ele>
<time>2026-07-20T20:00:54Z</time></trkpt>
<trkpt lat="41.140681" lon="-81.565084">
<ele>232</ele>
<time>2026-07-20T20:00:59Z</time></trkpt>
<trkpt lat="41.140841" lon="-81.565133">
<ele>232</ele>
<time>2026-07-20T20:01:04Z</time></trkpt>
<trkpt lat="41.140841" lon="-81.565107">
<ele>232</ele>
<time>2026-07-20T20:01:04Z</time></trkpt>
<trkpt lat="41.140841" lon="-81.565107">
<ele>232</ele>
<time>2026-07-20T20:01:04Z</time></trkpt>
<trkpt lat="41.140836" lon="-81.564917">
<ele>231</ele>
<time>2026-07-20T20:01:08Z</time></trkpt>
<trkpt lat="41.140836" lon="-81.564892">
<ele>231</ele>
<time>2026-07-20T20:01:08Z</time></trkpt>
<trkpt lat="41.140871" lon="-81.564599">
<ele>229</ele>
<time>2026-07-20T20:01:14Z</time></trkpt>
<trkpt lat="41.140857" lon="-81.564472">
<ele>228</ele>
<time>2026-07-20T20:01:17Z</time></trkpt>
<trkpt lat="41.140757" lon="-81.564202">
<ele>228</ele>
<time>2026-07-20T20:01:24Z</time></trkpt>
<trkpt lat="41.140786" lon="-81.564179">
<ele>228</ele>
<time>2026-07-20T20:01:25Z</time></trkpt>
<trkpt lat="41.140809" lon="-81.564159">
<ele>228</ele>
<time>2026-07-20T20:01:26Z</time></trkpt>
<trkpt lat="41.140828" lon="-81.564132">
<ele>228</ele>
<time>2026-07-20T20:01:27Z</time></trkpt>
<trkpt lat="41.140839" lon="-81.564102">
<ele>228</ele>
<time>2026-07-20T20:01:28Z</time></trkpt>
<trkpt lat="41.140852" lon="-81.564064">
<ele>228</ele>
<time>2026-07-20T20:01:29Z</time></trkpt>
<trkpt lat="41.140851" lon="-81.56399">
<ele>228</ele>
<time>2026-07-20T20:01:31Z</time></trkpt>
<trkpt lat="41.14078" lon="-81.563875">
<ele>228</ele>
<time>2026-07-20T20:01:34Z</time></trkpt>
<trkpt lat="41.140793" lon="-81.563831">
<ele>228</ele>
<time>2026-07-20T20:01:36Z</time></trkpt>
<trkpt lat="41.140913" lon="-81.563666">
<ele>227</ele>
<time>2026-07-20T20:01:41Z</time></trkpt>
<trkpt lat="41.140949" lon="-81.563594">
<ele>227</ele>
<time>2026-07-20T20:01:43Z</time></trkpt>
<trkpt lat="41.14148" lon="-81.564049">
<ele>227</ele>
<time>2026-07-20T20:02:04Z</time></trkpt>
<trkpt lat="41.141686" lon="-81.564197">
<ele>226</ele>
<time>2026-07-20T20:02:12Z</time></trkpt>
<trkpt lat="41.141959" lon="-81.564354">
<ele>226</ele>
<time>2026-07-20T20:02:22Z</time></trkpt>
<trkpt lat="41.142181" lon="-81.564407">
<ele>226</ele>
<time>2026-07-20T20:02:29Z</time></trkpt>
<trkpt lat="41.142181" lon="-81.564407">
<ele>226</ele>
<time>2026-07-20T20:02:29Z</time></trkpt>
<trkpt lat="41.142453" lon="-81.564472">
<ele>225</ele>
<time>2026-07-20T20:02:38Z</time></trkpt>
<trkpt lat="41.142896" lon="-81.564688">
<ele>226</ele>
<time>2026-07-20T20:02:54Z</time></trkpt>
<trkpt lat="41.143216" lon="-81.564907">
<ele>227</ele>
<time>2026-07-20T20:03:06Z</time></trkpt>
<trkpt lat="41.143913" lon="-81.565128">
<ele>226</ele>
<time>2026-07-20T20:03:29Z</time></trkpt>
<trkpt lat="41.144248" lon="-81.565266">
<ele>226</ele>
<time>2026-07-20T20:03:41Z</time></trkpt>
<trkpt lat="41.144477" lon="-81.565386">
<ele>226</ele>
<time>2026-07-20T20:03:49Z</time></trkpt>
<trkpt lat="41.145084" lon="-81.565513">
<ele>227</ele>
<time>2026-07-20T20:04:09Z</time></trkpt>
<trkpt lat="41.145462" lon="-81.565542">
<ele>226</ele>
<time>2026-07-20T20:04:21Z</time></trkpt>
<trkpt lat="41.145707" lon="-81.56563">
<ele>225</ele>
<time>2026-07-20T20:04:30Z</time></trkpt>
<trkpt lat="41.145954" lon="-81.56578">
<ele>225</ele>
<time>2026-07-20T20:04:38Z</time></trkpt>
<trkpt lat="41.146103" lon="-81.565983">
<ele>226</ele>
<time>2026-07-20T20:04:46Z</time></trkpt>
<trkpt lat="41.146171" lon="-81.56604">
<ele>226</ele>
<time>2026-07-20T20:04:48Z</time></trkpt>
<trkpt lat="41.146607" lon="-81.566263">
<ele>226</ele>
<time>2026-07-20T20:05:04Z</time></trkpt>
<trkpt lat="41.146779" lon="-81.566377">
<ele>227</ele>
<time>2026-07-20T20:05:10Z</time></trkpt>
<trkpt lat="41.147108" lon="-81.566525">
<ele>226</ele>
<time>2026-07-20T20:05:22Z</time></trkpt>
<trkpt lat="41.147595" lon="-81.566701">
<ele>226</ele>
<time>2026-07-20T20:05:39Z</time></trkpt>
<trkpt lat="41.147595" lon="-81.566701">
<ele>226</ele>
<time>2026-07-20T20:05:39Z</time></trkpt>
<trkpt lat="41.148234" lon="-81.566932">
<ele>225</ele>
<time>2026-07-20T20:06:01Z</time></trkpt>
<trkpt lat="41.149454" lon="-81.567611">
<ele>226</ele>
<time>2026-07-20T20:06:45Z</time></trkpt>
<trkpt lat="41.149848" lon="-81.567906">
<ele>226</ele>
<time>2026-07-20T20:07:01Z</time></trkpt>
<trkpt lat="41.149922" lon="-81.567943">
<ele>226</ele>
<time>2026-07-20T20:07:03Z</time></trkpt>
<trkpt lat="41.150504" lon="-81.568045">
<ele>226</ele>
<time>2026-07-20T20:07:23Z</time></trkpt>
<trkpt lat="41.151437" lon="-81.568116">
<ele>226</ele>
<time>2026-07-20T20:07:55Z</time></trkpt>
<trkpt lat="41.152025" lon="-81.568197">
<ele>226</ele>
<time>2026-07-20T20:08:15Z</time></trkpt>
<trkpt lat="41.152241" lon="-81.568284">
<ele>226</ele>
<time>2026-07-20T20:08:22Z</time></trkpt>
<trkpt lat="41.152402" lon="-81.568316">
<ele>226</ele>
<time>2026-07-20T20:08:27Z</time></trkpt>
<trkpt lat="41.152479" lon="-81.568296">
<ele>226</ele>
<time>2026-07-20T20:08:30Z</time></trkpt>
<trkpt lat="41.152663" lon="-81.568196">
<ele>225</ele>
<time>2026-07-20T20:08:36Z</time></trkpt>
<trkpt lat="41.152763" lon="-81.568186">
<ele>224</ele>
<time>2026-07-20T20:08:40Z</time></trkpt>
<trkpt lat="41.152948" lon="-81.568273">
<ele>225</ele>
<time>2026-07-20T20:08:46Z</time></trkpt>
<trkpt lat="41.153385" lon="-81.568532">
<ele>225</ele>
<time>2026-07-20T20:09:02Z</time></trkpt>
<trkpt lat="41.153484" lon="-81.568619">
<ele>225</ele>
<time>2026-07-20T20:09:06Z</time></trkpt>
<trkpt lat="41.153484" lon="-81.568619">
<ele>225</ele>
<time>2026-07-20T20:09:06Z</time></trkpt>
<trkpt lat="41.153622" lon="-81.568739">
<ele>225</ele>
<time>2026-07-20T20:09:11Z</time></trkpt>
<trkpt lat="41.153751" lon="-81.568804">
<ele>224</ele>
<time>2026-07-20T20:09:16Z</time></trkpt>
<trkpt lat="41.153856" lon="-81.568885">
<ele>224</ele>
<time>2026-07-20T20:09:20Z</time></trkpt>
<trkpt lat="41.153899" lon="-81.568937">
<ele>224</ele>
<time>2026-07-20T20:09:21Z</time></trkpt>
<trkpt lat="41.15397" lon="-81.569096">
<ele>224</ele>
<time>2026-07-20T20:09:26Z</time></trkpt>
<trkpt lat="41.154042" lon="-81.569211">
<ele>224</ele>
<time>2026-07-20T20:09:30Z</time></trkpt>
<trkpt lat="41.154285" lon="-81.56944">
<ele>225</ele>
<time>2026-07-20T20:09:40Z</time></trkpt>
<trkpt lat="41.154978" lon="-81.570383">
<ele>224</ele>
<time>2026-07-20T20:10:13Z</time></trkpt>
<trkpt lat="41.15558" lon="-81.57132">
<ele>224</ele>
<time>2026-07-20T20:10:43Z</time></trkpt>
<trkpt lat="41.156011" lon="-81.571744">
<ele>224</ele>
<time>2026-07-20T20:11:01Z</time></trkpt>
<trkpt lat="41.156102" lon="-81.57188">
<ele>224</ele>
<time>2026-07-20T20:11:06Z</time></trkpt>
<trkpt lat="41.156123" lon="-81.572026">
<ele>224</ele>
<time>2026-07-20T20:11:10Z</time></trkpt>
<trkpt lat="41.156118" lon="-81.572189">
<ele>224</ele>
<time>2026-07-20T20:11:14Z</time></trkpt>
<trkpt lat="41.155989" lon="-81.572617">
<ele>225</ele>
<time>2026-07-20T20:11:26Z</time></trkpt>
<trkpt lat="41.155996" lon="-81.572742">
<ele>225</ele>
<time>2026-07-20T20:11:29Z</time></trkpt>
<trkpt lat="41.156027" lon="-81.572814">
<ele>225</ele>
<time>2026-07-20T20:11:31Z</time></trkpt>
<trkpt lat="41.156149" lon="-81.572932">
<ele>225</ele>
<time>2026-07-20T20:11:37Z</time></trkpt>
<trkpt lat="41.156265" lon="-81.57298">
<ele>226</ele>
<time>2026-07-20T20:11:41Z</time></trkpt>
<trkpt lat="41.15715" lon="-81.573152">
<ele>226</ele>
<time>2026-07-20T20:12:12Z</time></trkpt>
<trkpt lat="41.157499" lon="-81.573183">
<ele>225</ele>
<time>2026-07-20T20:12:24Z</time></trkpt>
<trkpt lat="41.158296" lon="-81.573191">
<ele>226</ele>
<time>2026-07-20T20:12:52Z</time></trkpt>
<trkpt lat="41.158333" lon="-81.573221">
<ele>226</ele>
<time>2026-07-20T20:12:54Z</time></trkpt>
<trkpt lat="41.158353" lon="-81.573268">
<ele>226</ele>
<time>2026-07-20T20:12:55Z</time></trkpt>
<trkpt lat="41.158362" lon="-81.573521">
<ele>226</ele>
<time>2026-07-20T20:13:02Z</time></trkpt>
<trkpt lat="41.158379" lon="-81.57361">
<ele>226</ele>
<time>2026-07-20T20:13:04Z</time></trkpt>
<trkpt lat="41.158448" lon="-81.573662">
<ele>226</ele>
<time>2026-07-20T20:13:07Z</time></trkpt>
<trkpt lat="41.158605" lon="-81.573649">
<ele>226</ele>
<time>2026-07-20T20:13:13Z</time></trkpt>
<trkpt lat="41.158605" lon="-81.573649">
<ele>226</ele>
<time>2026-07-20T20:13:13Z</time></trkpt>
<trkpt lat="41.158938" lon="-81.573713">
<ele>226</ele>
<time>2026-07-20T20:13:25Z</time></trkpt>
<trkpt lat="41.159045" lon="-81.573763">
<ele>227</ele>
<time>2026-07-20T20:13:29Z</time></trkpt>
<trkpt lat="41.159124" lon="-81.573875">
<ele>227</ele>
<time>2026-07-20T20:13:33Z</time></trkpt>
<trkpt lat="41.159189" lon="-81.574204">
<ele>227</ele>
<time>2026-07-20T20:13:42Z</time></trkpt>
<trkpt lat="41.159289" lon="-81.57435">
<ele>227</ele>
<time>2026-07-20T20:13:47Z</time></trkpt>
<trkpt lat="41.159412" lon="-81.574435">
<ele>228</ele>
<time>2026-07-20T20:13:52Z</time></trkpt>
<trkpt lat="41.159565" lon="-81.574496">
<ele>228</ele>
<time>2026-07-20T20:13:58Z</time></trkpt>
<trkpt lat="41.159761" lon="-81.57467">
<ele>228</ele>
<time>2026-07-20T20:14:06Z</time></trkpt>
<trkpt lat="41.159929" lon="-81.574875">
<ele>228</ele>
<time>2026-07-20T20:14:14Z</time></trkpt>
<trkpt lat="41.159999" lon="-81.574894">
<ele>228</ele>
<time>2026-07-20T20:14:17Z</time></trkpt>
<trkpt lat="41.160346" lon="-81.574787">
<ele>228</ele>
<time>2026-07-20T20:14:30Z</time></trkpt>
<trkpt lat="41.16047" lon="-81.574796">
<ele>228</ele>
<time>2026-07-20T20:14:34Z</time></trkpt>
<trkpt lat="41.160537" lon="-81.574836">
<ele>228</ele>
<time>2026-07-20T20:14:37Z</time></trkpt>
<trkpt lat="41.160742" lon="-81.575093">
<ele>229</ele>
<time>2026-07-20T20:14:46Z</time></trkpt>
<trkpt lat="41.161073" lon="-81.575299">
<ele>229</ele>
<time>2026-07-20T20:14:59Z</time></trkpt>
<trkpt lat="41.161303" lon="-81.575378">
<ele>229</ele>
<time>2026-07-20T20:15:06Z</time></trkpt>
<trkpt lat="41.161758" lon="-81.575576">
<ele>228</ele>
<time>2026-07-20T20:15:22Z</time></trkpt>
<trkpt lat="41.16205" lon="-81.575634">
<ele>228</ele>
<time>2026-07-20T20:15:32Z</time></trkpt>
<trkpt lat="41.161949" lon="-81.57838">
<ele>229</ele>
<time>2026-07-20T20:16:43Z</time></trkpt>
<trkpt lat="41.161952" lon="-81.579264">
<ele>230</ele>
<time>2026-07-20T20:17:07Z</time></trkpt>
<trkpt lat="41.161952" lon="-81.579264">
<ele>230</ele>
<time>2026-07-20T20:17:07Z</time></trkpt>
<trkpt lat="41.161988" lon="-81.581166">
<ele>233</ele>
<time>2026-07-20T20:18:00Z</time></trkpt>
<trkpt lat="41.162253" lon="-81.58166">
<ele>233</ele>
<time>2026-07-20T20:18:15Z</time></trkpt>
<trkpt lat="41.162439" lon="-81.582075">
<ele>232</ele>
<time>2026-07-20T20:18:28Z</time></trkpt>
<trkpt lat="41.162622" lon="-81.582569">
<ele>232</ele>
<time>2026-07-20T20:18:41Z</time></trkpt>
<trkpt lat="41.162876" lon="-81.58342">
<ele>232</ele>
<time>2026-07-20T20:19:04Z</time></trkpt>
<trkpt lat="41.162988" lon="-81.583918">
<ele>232</ele>
<time>2026-07-20T20:19:17Z</time></trkpt>
<trkpt lat="41.163268" lon="-81.586154">
<ele>237</ele>
<time>2026-07-20T20:20:15Z</time></trkpt>
<trkpt lat="41.163396" lon="-81.587052">
<ele>236</ele>
<time>2026-07-20T20:20:38Z</time></trkpt>
<trkpt lat="41.163472" lon="-81.587842">
<ele>238</ele>
<time>2026-07-20T20:20:59Z</time></trkpt>
<trkpt lat="41.163472" lon="-81.587842">
<ele>238</ele>
<time>2026-07-20T20:20:59Z</time></trkpt>
<trkpt lat="41.163473" lon="-81.58786">
<ele>238</ele>
<time>2026-07-20T20:20:59Z</time></trkpt>
<trkpt lat="41.163356" lon="-81.587862">
<ele>237</ele>
<time>2026-07-20T20:21:03Z</time></trkpt>
<trkpt lat="41.163305" lon="-81.587845">
<ele>237</ele>
<time>2026-07-20T20:21:05Z</time></trkpt>
<trkpt lat="41.163109" lon="-81.58767">
<ele>235</ele>
<time>2026-07-20T20:21:13Z</time></trkpt>
<trkpt lat="41.16302" lon="-81.587615">
<ele>234</ele>
<time>2026-07-20T20:21:16Z</time></trkpt>
<trkpt lat="41.162922" lon="-81.587627">
<ele>233</ele>
<time>2026-07-20T20:21:20Z</time></trkpt>
<trkpt lat="41.162865" lon="-81.587691">
<ele>234</ele>
<time>2026-07-20T20:21:22Z</time></trkpt>
<trkpt lat="41.162815" lon="-81.587926">
<ele>234</ele>
<time>2026-07-20T20:21:29Z</time></trkpt>
<trkpt lat="41.162837" lon="-81.588327">
<ele>234</ele>
<time>2026-07-20T20:21:40Z</time></trkpt>
<trkpt lat="41.162793" lon="-81.588672">
<ele>235</ele>
<time>2026-07-20T20:21:50Z</time></trkpt>
<trkpt lat="41.162821" lon="-81.588753">
<ele>235</ele>
<time>2026-07-20T20:21:53Z</time></trkpt>
<trkpt lat="41.162988" lon="-81.589017">
<ele>235</ele>
<time>2026-07-20T20:22:03Z</time></trkpt>
<trkpt lat="41.163029" lon="-81.589159">
<ele>235</ele>
<time>2026-07-20T20:22:07Z</time></trkpt>
<trkpt lat="41.16304" lon="-81.589301">
<ele>235</ele>
<time>2026-07-20T20:22:11Z</time></trkpt>
<trkpt lat="41.16306" lon="-81.589333">
<ele>235</ele>
<time>2026-07-20T20:22:12Z</time></trkpt>
<trkpt lat="41.163128" lon="-81.589341">
<ele>235</ele>
<time>2026-07-20T20:22:15Z</time></trkpt>
<trkpt lat="41.163376" lon="-81.589178">
<ele>236</ele>
<time>2026-07-20T20:22:25Z</time></trkpt>
<trkpt lat="41.163477" lon="-81.589173">
<ele>237</ele>
<time>2026-07-20T20:22:29Z</time></trkpt>
<trkpt lat="41.163477" lon="-81.589172">
<ele>237</ele>
<time>2026-07-20T20:22:29Z</time></trkpt>
<trkpt lat="41.163672" lon="-81.589364">
<ele>237</ele>
<time>2026-07-20T20:22:39Z</time></trkpt>
<trkpt lat="41.163862" lon="-81.589392">
<ele>238</ele>
<time>2026-07-20T20:22:46Z</time></trkpt>
<trkpt lat="41.163896" lon="-81.589418">
<ele>238</ele>
<time>2026-07-20T20:22:47Z</time></trkpt>
<trkpt lat="41.163919" lon="-81.589522">
<ele>238</ele>
<time>2026-07-20T20:22:50Z</time></trkpt>
<trkpt lat="41.163923" lon="-81.58968">
<ele>238</ele>
<time>2026-07-20T20:22:55Z</time></trkpt>
<trkpt lat="41.163977" lon="-81.589876">
<ele>239</ele>
<time>2026-07-20T20:23:01Z</time></trkpt>
<trkpt lat="41.163962" lon="-81.590206">
<ele>239</ele>
<time>2026-07-20T20:23:10Z</time></trkpt>
<trkpt lat="41.163974" lon="-81.590313">
<ele>240</ele>
<time>2026-07-20T20:23:14Z</time></trkpt>
<trkpt lat="41.16402" lon="-81.590482">
<ele>240</ele>
<time>2026-07-20T20:23:19Z</time></trkpt>
<trkpt lat="41.164093" lon="-81.590657">
<ele>240</ele>
<time>2026-07-20T20:23:25Z</time></trkpt>
<trkpt lat="41.164128" lon="-81.590694">
<ele>240</ele>
<time>2026-07-20T20:23:27Z</time></trkpt>
<trkpt lat="41.16418" lon="-81.590694">
<ele>241</ele>
<time>2026-07-20T20:23:29Z</time></trkpt>
<trkpt lat="41.164296" lon="-81.590635">
<ele>241</ele>
<time>2026-07-20T20:23:34Z</time></trkpt>
<trkpt lat="41.164343" lon="-81.590666">
<ele>241</ele>
<time>2026-07-20T20:23:36Z</time></trkpt>
<trkpt lat="41.16445" lon="-81.590833">
<ele>241</ele>
<time>2026-07-20T20:23:43Z</time></trkpt>
<trkpt lat="41.164544" lon="-81.591097">
<ele>241</ele>
<time>2026-07-20T20:23:52Z</time></trkpt>
<trkpt lat="41.164594" lon="-81.591153">
<ele>241</ele>
<time>2026-07-20T20:23:55Z</time></trkpt>
<trkpt lat="41.164653" lon="-81.591157">
<ele>242</ele>
<time>2026-07-20T20:23:57Z</time></trkpt>
<trkpt lat="41.164673" lon="-81.591142">
<ele>242</ele>
<time>2026-07-20T20:23:58Z</time></trkpt>
<trkpt lat="41.164913" lon="-81.59085">
<ele>243</ele>
<time>2026-07-20T20:24:12Z</time></trkpt>
<trkpt lat="41.165023" lon="-81.590766">
<ele>243</ele>
<time>2026-07-20T20:24:17Z</time></trkpt>
<trkpt lat="41.16522" lon="-81.590755">
<ele>243</ele>
<time>2026-07-20T20:24:25Z</time></trkpt>
<trkpt lat="41.16528" lon="-81.590793">
<ele>243</ele>
<time>2026-07-20T20:24:28Z</time></trkpt>
<trkpt lat="41.165353" lon="-81.590872">
<ele>243</ele>
<time>2026-07-20T20:24:32Z</time></trkpt>
<trkpt lat="41.165472" lon="-81.590911">
<ele>244</ele>
<time>2026-07-20T20:24:37Z</time></trkpt>
<trkpt lat="41.165532" lon="-81.590898">
<ele>244</ele>
<time>2026-07-20T20:24:39Z</time></trkpt>
<trkpt lat="41.165601" lon="-81.590851">
<ele>245</ele>
<time>2026-07-20T20:24:42Z</time></trkpt>
<trkpt lat="41.165601" lon="-81.590851">
<ele>245</ele>
<time>2026-07-20T20:24:42Z</time></trkpt>
<trkpt lat="41.165798" lon="-81.590734">
<ele>247</ele>
<time>2026-07-20T20:24:51Z</time></trkpt>
<trkpt lat="41.165862" lon="-81.590724">
<ele>247</ele>
<time>2026-07-20T20:24:54Z</time></trkpt>
<trkpt lat="41.166052" lon="-81.590794">
<ele>247</ele>
<time>2026-07-20T20:25:02Z</time></trkpt>
<trkpt lat="41.166536" lon="-81.590832">
<ele>250</ele>
<time>2026-07-20T20:25:22Z</time></trkpt>
<trkpt lat="41.166925" lon="-81.590949">
<ele>250</ele>
<time>2026-07-20T20:25:42Z</time></trkpt>
<trkpt lat="41.167071" lon="-81.59103">
<ele>251</ele>
<time>2026-07-20T20:25:50Z</time></trkpt>
<trkpt lat="41.167179" lon="-81.591121">
<ele>250</ele>
<time>2026-07-20T20:25:56Z</time></trkpt>
<trkpt lat="41.167607" lon="-81.591666">
<ele>256</ele>
<time>2026-07-20T20:26:26Z</time></trkpt>
<trkpt lat="41.167637" lon="-81.591682">
<ele>257</ele>
<time>2026-07-20T20:26:28Z</time></trkpt>
<trkpt lat="41.16766" lon="-81.591672">
<ele>257</ele>
<time>2026-07-20T20:26:29Z</time></trkpt>
<trkpt lat="41.167667" lon="-81.591644">
<ele>258</ele>
<time>2026-07-20T20:26:30Z</time></trkpt>
<trkpt lat="41.167627" lon="-81.591552">
<ele>259</ele>
<time>2026-07-20T20:26:34Z</time></trkpt>
<trkpt lat="41.167636" lon="-81.591526">
<ele>259</ele>
<time>2026-07-20T20:26:35Z</time></trkpt>
<trkpt lat="41.167865" lon="-81.591524">
<ele>263</ele>
<time>2026-07-20T20:26:47Z</time></trkpt>
<trkpt lat="41.167865" lon="-81.591524">
<ele>263</ele>
<time>2026-07-20T20:26:47Z</time></trkpt>
<trkpt lat="41.168152" lon="-81.591592">
<ele>265</ele>
<time>2026-07-20T20:27:01Z</time></trkpt>
<trkpt lat="41.168237" lon="-81.591637">
<ele>266</ele>
<time>2026-07-20T20:27:06Z</time></trkpt>
<trkpt lat="41.168479" lon="-81.591891">
<ele>266</ele>
<time>2026-07-20T20:27:21Z</time></trkpt>
<trkpt lat="41.168566" lon="-81.592008">
<ele>265</ele>
<time>2026-07-20T20:27:27Z</time></trkpt>
<trkpt lat="41.168598" lon="-81.592018">
<ele>265</ele>
<time>2026-07-20T20:27:29Z</time></trkpt>
<trkpt lat="41.168622" lon="-81.592">
<ele>266</ele>
<time>2026-07-20T20:27:30Z</time></trkpt>
<trkpt lat="41.168627" lon="-81.591973">
<ele>266</ele>
<time>2026-07-20T20:27:31Z</time></trkpt>
<trkpt lat="41.168564" lon="-81.591676">
<ele>271</ele>
<time>2026-07-20T20:27:43Z</time></trkpt>
<trkpt lat="41.168504" lon="-81.591613">
<ele>271</ele>
<time>2026-07-20T20:27:47Z</time></trkpt>
<trkpt lat="41.168429" lon="-81.59158">
<ele>271</ele>
<time>2026-07-20T20:27:51Z</time></trkpt>
<trkpt lat="41.168399" lon="-81.591469">
<ele>272</ele>
<time>2026-07-20T20:27:55Z</time></trkpt>
<trkpt lat="41.16831" lon="-81.591295">
<ele>273</ele>
<time>2026-07-20T20:28:02Z</time></trkpt>
<trkpt lat="41.168226" lon="-81.591185">
<ele>274</ele>
<time>2026-07-20T20:28:08Z</time></trkpt>
<trkpt lat="41.16799" lon="-81.59096">
<ele>274</ele>
<time>2026-07-20T20:28:21Z</time></trkpt>
<trkpt lat="41.167968" lon="-81.590919">
<ele>274</ele>
<time>2026-07-20T20:28:23Z</time></trkpt>
<trkpt lat="41.167945" lon="-81.590729">
<ele>277</ele>
<time>2026-07-20T20:28:30Z</time></trkpt>
<trkpt lat="41.167923" lon="-81.59069">
<ele>278</ele>
<time>2026-07-20T20:28:32Z</time></trkpt>
<trkpt lat="41.167928" lon="-81.590645">
<ele>279</ele>
<time>2026-07-20T20:28:33Z</time></trkpt>
<trkpt lat="41.167988" lon="-81.590591">
<ele>281</ele>
<time>2026-07-20T20:28:37Z</time></trkpt>
<trkpt lat="41.16816" lon="-81.590535">
<ele>284</ele>
<time>2026-07-20T20:28:45Z</time></trkpt>
<trkpt lat="41.168208" lon="-81.59054">
<ele>284</ele>
<time>2026-07-20T20:28:47Z</time></trkpt>
<trkpt lat="41.168419" lon="-81.590709">
<ele>284</ele>
<time>2026-07-20T20:28:59Z</time></trkpt>
<trkpt lat="41.168488" lon="-81.590729">
<ele>285</ele>
<time>2026-07-20T20:29:02Z</time></trkpt>
<trkpt lat="41.168499" lon="-81.590702">
<ele>285</ele>
<time>2026-07-20T20:29:03Z</time></trkpt>
<trkpt lat="41.168488" lon="-81.590661">
<ele>286</ele>
<time>2026-07-20T20:29:05Z</time></trkpt>
<trkpt lat="41.168413" lon="-81.590519">
<ele>287</ele>
<time>2026-07-20T20:29:11Z</time></trkpt>
<trkpt lat="41.168368" lon="-81.590485">
<ele>287</ele>
<time>2026-07-20T20:29:13Z</time></trkpt>
<trkpt lat="41.168071" lon="-81.590385">
<ele>285</ele>
<time>2026-07-20T20:29:28Z</time></trkpt>
<trkpt lat="41.168027" lon="-81.590345">
<ele>284</ele>
<time>2026-07-20T20:29:30Z</time></trkpt>
<trkpt lat="41.16801" lon="-81.590276">
<ele>284</ele>
<time>2026-07-20T20:29:33Z</time></trkpt>
<trkpt lat="41.16802" lon="-81.590129">
<ele>284</ele>
<time>2026-07-20T20:29:38Z</time></trkpt>
<trkpt lat="41.168075" lon="-81.59006">
<ele>285</ele>
<time>2026-07-20T20:29:41Z</time></trkpt>
<trkpt lat="41.168151" lon="-81.590006">
<ele>286</ele>
<time>2026-07-20T20:29:45Z</time></trkpt>
<trkpt lat="41.168219" lon="-81.589987">
<ele>287</ele>
<time>2026-07-20T20:29:49Z</time></trkpt>
<trkpt lat="41.16836" lon="-81.589988">
<ele>288</ele>
<time>2026-07-20T20:29:55Z</time></trkpt>
<trkpt lat="41.168432" lon="-81.590051">
<ele>288</ele>
<time>2026-07-20T20:29:59Z</time></trkpt>
<trkpt lat="41.168471" lon="-81.590189">
<ele>288</ele>
<time>2026-07-20T20:30:05Z</time></trkpt>
<trkpt lat="41.168507" lon="-81.590251">
<ele>288</ele>
<time>2026-07-20T20:30:07Z</time></trkpt>
<trkpt lat="41.168817" lon="-81.590517">
<ele>290</ele>
<time>2026-07-20T20:30:22Z</time></trkpt>
<trkpt lat="41.168941" lon="-81.590651">
<ele>289</ele>
<time>2026-07-20T20:30:28Z</time></trkpt>
<trkpt lat="41.168975" lon="-81.590663">
<ele>289</ele>
<time>2026-07-20T20:30:29Z</time></trkpt>
<trkpt lat="41.16904" lon="-81.590643">
<ele>289</ele>
<time>2026-07-20T20:30:32Z</time></trkpt>
<trkpt lat="41.169212" lon="-81.590445">
<ele>290</ele>
<time>2026-07-20T20:30:40Z</time></trkpt>
<trkpt lat="41.169254" lon="-81.590425">
<ele>291</ele>
<time>2026-07-20T20:30:42Z</time></trkpt>
<trkpt lat="41.169335" lon="-81.590453">
<ele>291</ele>
<time>2026-07-20T20:30:45Z</time></trkpt>
<trkpt lat="41.1694" lon="-81.590512">
<ele>291</ele>
<time>2026-07-20T20:30:48Z</time></trkpt>
<trkpt lat="41.169434" lon="-81.590567">
<ele>291</ele>
<time>2026-07-20T20:30:50Z</time></trkpt>
<trkpt lat="41.169439" lon="-81.590698">
<ele>291</ele>
<time>2026-07-20T20:30:54Z</time></trkpt>
<trkpt lat="41.169347" lon="-81.590931">
<ele>290</ele>
<time>2026-07-20T20:31:01Z</time></trkpt>
<trkpt lat="41.169346" lon="-81.59098">
<ele>290</ele>
<time>2026-07-20T20:31:03Z</time></trkpt>
<trkpt lat="41.16938" lon="-81.591068">
<ele>290</ele>
<time>2026-07-20T20:31:06Z</time></trkpt>
<trkpt lat="41.169443" lon="-81.591375">
<ele>290</ele>
<time>2026-07-20T20:31:15Z</time></trkpt>
<trkpt lat="41.169531" lon="-81.591551">
<ele>292</ele>
<time>2026-07-20T20:31:21Z</time></trkpt>
<trkpt lat="41.169619" lon="-81.591656">
<ele>292</ele>
<time>2026-07-20T20:31:25Z</time></trkpt>
<trkpt lat="41.169681" lon="-81.591689">
<ele>292</ele>
<time>2026-07-20T20:31:28Z</time></trkpt>
<trkpt lat="41.169944" lon="-81.591737">
<ele>292</ele>
<time>2026-07-20T20:31:38Z</time></trkpt>
<trkpt lat="41.170035" lon="-81.591777">
<ele>292</ele>
<time>2026-07-20T20:31:42Z</time></trkpt>
<trkpt lat="41.170035" lon="-81.591777">
<ele>292</ele>
<time>2026-07-20T20:31:42Z</time></trkpt>
<trkpt lat="41.1701" lon="-81.591806">
<ele>291</ele>
<time>2026-07-20T20:31:44Z</time></trkpt>
<trkpt lat="41.170196" lon="-81.591807">
<ele>292</ele>
<time>2026-07-20T20:31:48Z</time></trkpt>
<trkpt lat="41.17025" lon="-81.591745">
<ele>292</ele>
<time>2026-07-20T20:31:51Z</time></trkpt>
<trkpt lat="41.170402" lon="-81.591444">
<ele>294</ele>
<time>2026-07-20T20:32:01Z</time></trkpt>
<trkpt lat="41.170528" lon="-81.591271">
<ele>293</ele>
<time>2026-07-20T20:32:08Z</time></trkpt>
<trkpt lat="41.170548" lon="-81.591229">
<ele>293</ele>
<time>2026-07-20T20:32:09Z</time></trkpt>
<trkpt lat="41.170548" lon="-81.591186">
<ele>292</ele>
<time>2026-07-20T20:32:09Z</time></trkpt>
<trkpt lat="41.170497" lon="-81.591002">
<ele>292</ele>
<time>2026-07-20T20:32:14Z</time></trkpt>
<trkpt lat="41.170481" lon="-81.590841">
<ele>292</ele>
<time>2026-07-20T20:32:18Z</time></trkpt>
<trkpt lat="41.170494" lon="-81.590665">
<ele>290</ele>
<time>2026-07-20T20:32:23Z</time></trkpt>
<trkpt lat="41.170518" lon="-81.590571">
<ele>290</ele>
<time>2026-07-20T20:32:26Z</time></trkpt>
<trkpt lat="41.170428" lon="-81.590086">
<ele>290</ele>
<time>2026-07-20T20:32:39Z</time></trkpt>
<trkpt lat="41.170344" lon="-81.589845">
<ele>291</ele>
<time>2026-07-20T20:32:46Z</time></trkpt>
<trkpt lat="41.170269" lon="-81.589724">
<ele>292</ele>
<time>2026-07-20T20:32:51Z</time></trkpt>
<trkpt lat="41.169994" lon="-81.589401">
<ele>296</ele>
<time>2026-07-20T20:33:04Z</time></trkpt>
<trkpt lat="41.169952" lon="-81.589325">
<ele>297</ele>
<time>2026-07-20T20:33:06Z</time></trkpt>
<trkpt lat="41.169858" lon="-81.589048">
<ele>298</ele>
<time>2026-07-20T20:33:14Z</time></trkpt>
<trkpt lat="41.169919" lon="-81.588857">
<ele>299</ele>
<time>2026-07-20T20:33:20Z</time></trkpt>
<trkpt lat="41.169916" lon="-81.588564">
<ele>298</ele>
<time>2026-07-20T20:33:28Z</time></trkpt>
<trkpt lat="41.169939" lon="-81.588372">
<ele>298</ele>
<time>2026-07-20T20:33:33Z</time></trkpt>
<trkpt lat="41.169899" lon="-81.588261">
<ele>297</ele>
<time>2026-07-20T20:33:36Z</time></trkpt>
<trkpt lat="41.169899" lon="-81.588261">
<ele>297</ele>
<time>2026-07-20T20:33:36Z</time></trkpt>
<trkpt lat="41.169864" lon="-81.588191">
<ele>297</ele>
<time>2026-07-20T20:33:39Z</time></trkpt>
<trkpt lat="41.169849" lon="-81.588122">
<ele>297</ele>
<time>2026-07-20T20:33:41Z</time></trkpt>
<trkpt lat="41.169844" lon="-81.587644">
<ele>296</ele>
<time>2026-07-20T20:33:53Z</time></trkpt>
<trkpt lat="41.169813" lon="-81.587102">
<ele>295</ele>
<time>2026-07-20T20:34:05Z</time></trkpt>
<trkpt lat="41.169789" lon="-81.587081">
<ele>295</ele>
<time>2026-07-20T20:34:06Z</time></trkpt>
<trkpt lat="41.169522" lon="-81.587061">
<ele>293</ele>
<time>2026-07-20T20:34:14Z</time></trkpt>
<trkpt lat="41.169265" lon="-81.586959">
<ele>291</ele>
<time>2026-07-20T20:34:23Z</time></trkpt>
<trkpt lat="41.169222" lon="-81.586961">
<ele>291</ele>
<time>2026-07-20T20:34:24Z</time></trkpt>
<trkpt lat="41.169186" lon="-81.586999">
<ele>291</ele>
<time>2026-07-20T20:34:25Z</time></trkpt>
<trkpt lat="41.169131" lon="-81.58715">
<ele>291</ele>
<time>2026-07-20T20:34:29Z</time></trkpt>
<trkpt lat="41.169099" lon="-81.587178">
<ele>291</ele>
<time>2026-07-20T20:34:30Z</time></trkpt>
<trkpt lat="41.16906" lon="-81.587169">
<ele>290</ele>
<time>2026-07-20T20:34:32Z</time></trkpt>
<trkpt lat="41.168863" lon="-81.586956">
<ele>288</ele>
<time>2026-07-20T20:34:39Z</time></trkpt>
<trkpt lat="41.168844" lon="-81.586902">
<ele>288</ele>
<time>2026-07-20T20:34:41Z</time></trkpt>
<trkpt lat="41.168843" lon="-81.586845">
<ele>287</ele>
<time>2026-07-20T20:34:42Z</time></trkpt>
<trkpt lat="41.16888" lon="-81.586775">
<ele>288</ele>
<time>2026-07-20T20:34:44Z</time></trkpt>
<trkpt lat="41.16895" lon="-81.586713">
<ele>289</ele>
<time>2026-07-20T20:34:47Z</time></trkpt>
<trkpt lat="41.169064" lon="-81.586649">
<ele>289</ele>
<time>2026-07-20T20:34:50Z</time></trkpt>
<trkpt lat="41.169268" lon="-81.586604">
<ele>290</ele>
<time>2026-07-20T20:34:57Z</time></trkpt>
<trkpt lat="41.169308" lon="-81.586573">
<ele>290</ele>
<time>2026-07-20T20:34:58Z</time></trkpt>
<trkpt lat="41.169352" lon="-81.586467">
<ele>289</ele>
<time>2026-07-20T20:35:01Z</time></trkpt>
<trkpt lat="41.169353" lon="-81.586417">
<ele>289</ele>
<time>2026-07-20T20:35:02Z</time></trkpt>
<trkpt lat="41.169324" lon="-81.586325">
<ele>289</ele>
<time>2026-07-20T20:35:05Z</time></trkpt>
<trkpt lat="41.169236" lon="-81.586119">
<ele>288</ele>
<time>2026-07-20T20:35:10Z</time></trkpt>
<trkpt lat="41.169218" lon="-81.585998">
<ele>288</ele>
<time>2026-07-20T20:35:13Z</time></trkpt>
<trkpt lat="41.169225" lon="-81.585806">
<ele>288</ele>
<time>2026-07-20T20:35:17Z</time></trkpt>
<trkpt lat="41.169211" lon="-81.585741">
<ele>287</ele>
<time>2026-07-20T20:35:19Z</time></trkpt>
<trkpt lat="41.169133" lon="-81.585582">
<ele>285</ele>
<time>2026-07-20T20:35:24Z</time></trkpt>
<trkpt lat="41.169116" lon="-81.585483">
<ele>284</ele>
<time>2026-07-20T20:35:26Z</time></trkpt>
<trkpt lat="41.169116" lon="-81.585359">
<ele>283</ele>
<time>2026-07-20T20:35:26Z</time></trkpt>
<trkpt lat="41.169143" lon="-81.5852">
<ele>284</ele>
<time>2026-07-20T20:35:30Z</time></trkpt>
<trkpt lat="41.169143" lon="-81.5852">
<ele>284</ele>
<time>2026-07-20T20:35:30Z</time></trkpt>
<trkpt lat="41.169173" lon="-81.585137">
<ele>285</ele>
<time>2026-07-20T20:35:32Z</time></trkpt>
<trkpt lat="41.169208" lon="-81.585125">
<ele>286</ele>
<time>2026-07-20T20:35:33Z</time></trkpt>
<trkpt lat="41.169343" lon="-81.585156">
<ele>288</ele>
<time>2026-07-20T20:35:38Z</time></trkpt>
<trkpt lat="41.169377" lon="-81.585151">
<ele>289</ele>
<time>2026-07-20T20:35:39Z</time></trkpt>
<trkpt lat="41.169404" lon="-81.585123">
<ele>289</ele>
<time>2026-07-20T20:35:40Z</time></trkpt>
<trkpt lat="41.169428" lon="-81.585064">
<ele>289</ele>
<time>2026-07-20T20:35:42Z</time></trkpt>
<trkpt lat="41.169446" lon="-81.584849">
<ele>288</ele>
<time>2026-07-20T20:35:47Z</time></trkpt>
<trkpt lat="41.169505" lon="-81.584776">
<ele>289</ele>
<time>2026-07-20T20:35:50Z</time></trkpt>
<trkpt lat="41.169587" lon="-81.584746">
<ele>289</ele>
<time>2026-07-20T20:35:53Z</time></trkpt>
<trkpt lat="41.169804" lon="-81.584771">
<ele>288</ele>
<time>2026-07-20T20:36:00Z</time></trkpt>
<trkpt lat="41.169835" lon="-81.584798">
<ele>287</ele>
<time>2026-07-20T20:36:01Z</time></trkpt>
<trkpt lat="41.169949" lon="-81.584981">
<ele>287</ele>
<time>2026-07-20T20:36:07Z</time></trkpt>
<trkpt lat="41.170011" lon="-81.585191">
<ele>288</ele>
<time>2026-07-20T20:36:13Z</time></trkpt>
<trkpt lat="41.17018" lon="-81.585479">
<ele>284</ele>
<time>2026-07-20T20:36:22Z</time></trkpt>
<trkpt lat="41.170227" lon="-81.585744">
<ele>286</ele>
<time>2026-07-20T20:36:29Z</time></trkpt>
<trkpt lat="41.170277" lon="-81.585825">
<ele>286</ele>
<time>2026-07-20T20:36:32Z</time></trkpt>
<trkpt lat="41.170347" lon="-81.585902">
<ele>286</ele>
<time>2026-07-20T20:36:35Z</time></trkpt>
<trkpt lat="41.170545" lon="-81.585948">
<ele>286</ele>
<time>2026-07-20T20:36:41Z</time></trkpt>
<trkpt lat="41.170589" lon="-81.585984">
<ele>286</ele>
<time>2026-07-20T20:36:43Z</time></trkpt>
<trkpt lat="41.170691" lon="-81.586139">
<ele>288</ele>
<time>2026-07-20T20:36:48Z</time></trkpt>
<trkpt lat="41.170733" lon="-81.586165">
<ele>288</ele>
<time>2026-07-20T20:36:50Z</time></trkpt>
<trkpt lat="41.170782" lon="-81.586157">
<ele>288</ele>
<time>2026-07-20T20:36:51Z</time></trkpt>
<trkpt lat="41.170811" lon="-81.586107">
<ele>288</ele>
<time>2026-07-20T20:36:53Z</time></trkpt>
<trkpt lat="41.170803" lon="-81.585979">
<ele>288</ele>
<time>2026-07-20T20:36:56Z</time></trkpt>
<trkpt lat="41.170698" lon="-81.585731">
<ele>287</ele>
<time>2026-07-20T20:37:04Z</time></trkpt>
<trkpt lat="41.170665" lon="-81.585589">
<ele>288</ele>
<time>2026-07-20T20:37:08Z</time></trkpt>
<trkpt lat="41.170654" lon="-81.585279">
<ele>288</ele>
<time>2026-07-20T20:37:16Z</time></trkpt>
<trkpt lat="41.170673" lon="-81.58516">
<ele>287</ele>
<time>2026-07-20T20:37:20Z</time></trkpt>
<trkpt lat="41.170722" lon="-81.585031">
<ele>287</ele>
<time>2026-07-20T20:37:24Z</time></trkpt>
<trkpt lat="41.170734" lon="-81.584935">
<ele>286</ele>
<time>2026-07-20T20:37:26Z</time></trkpt>
<trkpt lat="41.170704" lon="-81.584495">
<ele>284</ele>
<time>2026-07-20T20:37:39Z</time></trkpt>
<trkpt lat="41.170799" lon="-81.584196">
<ele>285</ele>
<time>2026-07-20T20:37:47Z</time></trkpt>
<trkpt lat="41.170798" lon="-81.584196">
<ele>285</ele>
<time>2026-07-20T20:37:47Z</time></trkpt>
<trkpt lat="41.17087" lon="-81.58397">
<ele>285</ele>
<time>2026-07-20T20:37:54Z</time></trkpt>
<trkpt lat="41.171142" lon="-81.583472">
<ele>286</ele>
<time>2026-07-20T20:38:11Z</time></trkpt>
<trkpt lat="41.171186" lon="-81.58345">
<ele>286</ele>
<time>2026-07-20T20:38:13Z</time></trkpt>
<trkpt lat="41.171286" lon="-81.583481">
<ele>287</ele>
<time>2026-07-20T20:38:17Z</time></trkpt>
<trkpt lat="41.171322" lon="-81.583527">
<ele>287</ele>
<time>2026-07-20T20:38:18Z</time></trkpt>
<trkpt lat="41.171362" lon="-81.583649">
<ele>288</ele>
<time>2026-07-20T20:38:22Z</time></trkpt>
<trkpt lat="41.171352" lon="-81.583866">
<ele>288</ele>
<time>2026-07-20T20:38:28Z</time></trkpt>
<trkpt lat="41.171187" lon="-81.584432">
<ele>292</ele>
<time>2026-07-20T20:38:45Z</time></trkpt>
<trkpt lat="41.171188" lon="-81.58457">
<ele>293</ele>
<time>2026-07-20T20:38:48Z</time></trkpt>
<trkpt lat="41.171212" lon="-81.584632">
<ele>293</ele>
<time>2026-07-20T20:38:50Z</time></trkpt>
<trkpt lat="41.171246" lon="-81.584661">
<ele>293</ele>
<time>2026-07-20T20:38:51Z</time></trkpt>
<trkpt lat="41.171435" lon="-81.584643">
<ele>292</ele>
<time>2026-07-20T20:38:57Z</time></trkpt>
<trkpt lat="41.171483" lon="-81.584658">
<ele>291</ele>
<time>2026-07-20T20:38:59Z</time></trkpt>
<trkpt lat="41.171514" lon="-81.584691">
<ele>291</ele>
<time>2026-07-20T20:39:00Z</time></trkpt>
<trkpt lat="41.171586" lon="-81.584871">
<ele>290</ele>
<time>2026-07-20T20:39:05Z</time></trkpt>
<trkpt lat="41.171592" lon="-81.584933">
<ele>290</ele>
<time>2026-07-20T20:39:07Z</time></trkpt>
<trkpt lat="41.17156" lon="-81.58503">
<ele>290</ele>
<time>2026-07-20T20:39:10Z</time></trkpt>
<trkpt lat="41.171377" lon="-81.585272">
<ele>296</ele>
<time>2026-07-20T20:39:18Z</time></trkpt>
<trkpt lat="41.171352" lon="-81.585337">
<ele>296</ele>
<time>2026-07-20T20:39:20Z</time></trkpt>
<trkpt lat="41.17136" lon="-81.585649">
<ele>297</ele>
<time>2026-07-20T20:39:28Z</time></trkpt>
<trkpt lat="41.171379" lon="-81.585723">
<ele>298</ele>
<time>2026-07-20T20:39:30Z</time></trkpt>
<trkpt lat="41.171477" lon="-81.585919">
<ele>296</ele>
<time>2026-07-20T20:39:36Z</time></trkpt>
<trkpt lat="41.171532" lon="-81.585994">
<ele>296</ele>
<time>2026-07-20T20:39:38Z</time></trkpt>
<trkpt lat="41.171774" lon="-81.586172">
<ele>297</ele>
<time>2026-07-20T20:39:47Z</time></trkpt>
<trkpt lat="41.17202" lon="-81.586297">
<ele>296</ele>
<time>2026-07-20T20:39:56Z</time></trkpt>
<trkpt lat="41.172155" lon="-81.586307">
<ele>296</ele>
<time>2026-07-20T20:40:00Z</time></trkpt>
<trkpt lat="41.17244" lon="-81.586175">
<ele>296</ele>
<time>2026-07-20T20:40:10Z</time></trkpt>
<trkpt lat="41.172504" lon="-81.586165">
<ele>296</ele>
<time>2026-07-20T20:40:12Z</time></trkpt>
<trkpt lat="41.172721" lon="-81.586227">
<ele>293</ele>
<time>2026-07-20T20:40:20Z</time></trkpt>
<trkpt lat="41.172946" lon="-81.586253">
<ele>289</ele>
<time>2026-07-20T20:40:27Z</time></trkpt>
<trkpt lat="41.172998" lon="-81.586306">
<ele>289</ele>
<time>2026-07-20T20:40:29Z</time></trkpt>
<trkpt lat="41.172998" lon="-81.586306">
<ele>289</ele>
<time>2026-07-20T20:40:29Z</time></trkpt>
<trkpt lat="41.173013" lon="-81.586359">
<ele>290</ele>
<time>2026-07-20T20:40:31Z</time></trkpt>
<trkpt lat="41.173023" lon="-81.586614">
<ele>290</ele>
<time>2026-07-20T20:40:37Z</time></trkpt>
<trkpt lat="41.17306" lon="-81.586685">
<ele>290</ele>
<time>2026-07-20T20:40:39Z</time></trkpt>
<trkpt lat="41.173186" lon="-81.586843">
<ele>288</ele>
<time>2026-07-20T20:40:44Z</time></trkpt>
<trkpt lat="41.173295" lon="-81.586953">
<ele>290</ele>
<time>2026-07-20T20:40:48Z</time></trkpt>
<trkpt lat="41.173341" lon="-81.586969">
<ele>290</ele>
<time>2026-07-20T20:40:50Z</time></trkpt>
<trkpt lat="41.173479" lon="-81.586949">
<ele>290</ele>
<time>2026-07-20T20:40:54Z</time></trkpt>
<trkpt lat="41.173726" lon="-81.586968">
<ele>289</ele>
<time>2026-07-20T20:41:02Z</time></trkpt>
<trkpt lat="41.174074" lon="-81.586947">
<ele>288</ele>
<time>2026-07-20T20:41:13Z</time></trkpt>
<trkpt lat="41.174149" lon="-81.586965">
<ele>288</ele>
<time>2026-07-20T20:41:16Z</time></trkpt>
<trkpt lat="41.174214" lon="-81.587034">
<ele>288</ele>
<time>2026-07-20T20:41:18Z</time></trkpt>
<trkpt lat="41.174281" lon="-81.587142">
<ele>289</ele>
<time>2026-07-20T20:41:22Z</time></trkpt>
<trkpt lat="41.174465" lon="-81.587575">
<ele>289</ele>
<time>2026-07-20T20:41:33Z</time></trkpt>
<trkpt lat="41.174827" lon="-81.58772">
<ele>286</ele>
<time>2026-07-20T20:41:45Z</time></trkpt>
<trkpt lat="41.175098" lon="-81.587661">
<ele>286</ele>
<time>2026-07-20T20:41:54Z</time></trkpt>
<trkpt lat="41.175369" lon="-81.587733">
<ele>285</ele>
<time>2026-07-20T20:42:02Z</time></trkpt>
<trkpt lat="41.175369" lon="-81.587733">
<ele>285</ele>
<time>2026-07-20T20:42:02Z</time></trkpt>
<trkpt lat="41.175666" lon="-81.58786">
<ele>283</ele>
<time>2026-07-20T20:42:12Z</time></trkpt>
<trkpt lat="41.175775" lon="-81.58795">
<ele>281</ele>
<time>2026-07-20T20:42:15Z</time></trkpt>
<trkpt lat="41.175924" lon="-81.587997">
<ele>280</ele>
<time>2026-07-20T20:42:20Z</time></trkpt>
<trkpt lat="41.176031" lon="-81.588214">
<ele>277</ele>
<time>2026-07-20T20:42:26Z</time></trkpt>
<trkpt lat="41.176172" lon="-81.588262">
<ele>276</ele>
<time>2026-07-20T20:42:30Z</time></trkpt>
<trkpt lat="41.176368" lon="-81.588411">
<ele>277</ele>
<time>2026-07-20T20:42:37Z</time></trkpt>
<trkpt lat="41.176448" lon="-81.588574">
<ele>276</ele>
<time>2026-07-20T20:42:41Z</time></trkpt>
<trkpt lat="41.176545" lon="-81.588723">
<ele>275</ele>
<time>2026-07-20T20:42:45Z</time></trkpt>
<trkpt lat="41.176604" lon="-81.588781">
<ele>275</ele>
<time>2026-07-20T20:42:47Z</time></trkpt>
<trkpt lat="41.176679" lon="-81.588824">
<ele>277</ele>
<time>2026-07-20T20:42:50Z</time></trkpt>
<trkpt lat="41.176736" lon="-81.588845">
<ele>277</ele>
<time>2026-07-20T20:42:51Z</time></trkpt>
<trkpt lat="41.176885" lon="-81.588856">
<ele>276</ele>
<time>2026-07-20T20:42:56Z</time></trkpt>
<trkpt lat="41.177338" lon="-81.588862">
<ele>276</ele>
<time>2026-07-20T20:43:09Z</time></trkpt>
<trkpt lat="41.177643" lon="-81.589012">
<ele>272</ele>
<time>2026-07-20T20:43:19Z</time></trkpt>
<trkpt lat="41.177762" lon="-81.589044">
<ele>271</ele>
<time>2026-07-20T20:43:22Z</time></trkpt>
<trkpt lat="41.177928" lon="-81.588969">
<ele>270</ele>
<time>2026-07-20T20:43:28Z</time></trkpt>
<trkpt lat="41.178026" lon="-81.58889">
<ele>270</ele>
<time>2026-07-20T20:43:31Z</time></trkpt>
<trkpt lat="41.178116" lon="-81.588763">
<ele>269</ele>
<time>2026-07-20T20:43:35Z</time></trkpt>
<trkpt lat="41.178155" lon="-81.588732">
<ele>269</ele>
<time>2026-07-20T20:43:36Z</time></trkpt>
<trkpt lat="41.178371" lon="-81.588626">
<ele>268</ele>
<time>2026-07-20T20:43:43Z</time></trkpt>
<trkpt lat="41.17843" lon="-81.588519">
<ele>268</ele>
<time>2026-07-20T20:43:46Z</time></trkpt>
<trkpt lat="41.178491" lon="-81.588282">
<ele>269</ele>
<time>2026-07-20T20:43:52Z</time></trkpt>
<trkpt lat="41.178536" lon="-81.588202">
<ele>269</ele>
<time>2026-07-20T20:43:54Z</time></trkpt>
<trkpt lat="41.178624" lon="-81.588144">
<ele>269</ele>
<time>2026-07-20T20:43:57Z</time></trkpt>
<trkpt lat="41.178795" lon="-81.588095">
<ele>268</ele>
<time>2026-07-20T20:44:02Z</time></trkpt>
<trkpt lat="41.178951" lon="-81.588076">
<ele>267</ele>
<time>2026-07-20T20:44:07Z</time></trkpt>
<trkpt lat="41.179037" lon="-81.588021">
<ele>267</ele>
<time>2026-07-20T20:44:09Z</time></trkpt>
<trkpt lat="41.179126" lon="-81.587782">
<ele>267</ele>
<time>2026-07-20T20:44:15Z</time></trkpt>
<trkpt lat="41.179099" lon="-81.587574">
<ele>267</ele>
<time>2026-07-20T20:44:20Z</time></trkpt>
<trkpt lat="41.179115" lon="-81.587404">
<ele>266</ele>
<time>2026-07-20T20:44:24Z</time></trkpt>
<trkpt lat="41.17923" lon="-81.587156">
<ele>263</ele>
<time>2026-07-20T20:44:30Z</time></trkpt>
<trkpt lat="41.179252" lon="-81.587139">
<ele>263</ele>
<time>2026-07-20T20:44:31Z</time></trkpt>
<trkpt lat="41.179531" lon="-81.587128">
<ele>263</ele>
<time>2026-07-20T20:44:40Z</time></trkpt>
<trkpt lat="41.179591" lon="-81.587108">
<ele>263</ele>
<time>2026-07-20T20:44:41Z</time></trkpt>
<trkpt lat="41.179623" lon="-81.587044">
<ele>262</ele>
<time>2026-07-20T20:44:43Z</time></trkpt>
<trkpt lat="41.179614" lon="-81.586942">
<ele>260</ele>
<time>2026-07-20T20:44:45Z</time></trkpt>
<trkpt lat="41.179625" lon="-81.586918">
<ele>260</ele>
<time>2026-07-20T20:44:46Z</time></trkpt>
<trkpt lat="41.179668" lon="-81.586905">
<ele>260</ele>
<time>2026-07-20T20:44:47Z</time></trkpt>
<trkpt lat="41.180265" lon="-81.58693">
<ele>248</ele>
<time>2026-07-20T20:45:03Z</time></trkpt>
<trkpt lat="41.180389" lon="-81.58685">
<ele>245</ele>
<time>2026-07-20T20:45:07Z</time></trkpt>
<trkpt lat="41.180389" lon="-81.58685">
<ele>245</ele>
<time>2026-07-20T20:45:07Z</time></trkpt>
<trkpt lat="41.180445" lon="-81.586737">
<ele>243</ele>
<time>2026-07-20T20:45:09Z</time></trkpt>
<trkpt lat="41.180477" lon="-81.586263">
<ele>240</ele>
<time>2026-07-20T20:45:18Z</time></trkpt>
<trkpt lat="41.180502" lon="-81.586202">
<ele>239</ele>
<time>2026-07-20T20:45:20Z</time></trkpt>
<trkpt lat="41.180529" lon="-81.586168">
<ele>238</ele>
<time>2026-07-20T20:45:21Z</time></trkpt>
<trkpt lat="41.180647" lon="-81.58614">
<ele>235</ele>
<time>2026-07-20T20:45:24Z</time></trkpt>
<trkpt lat="41.18074" lon="-81.585996">
<ele>232</ele>
<time>2026-07-20T20:45:27Z</time></trkpt>
<trkpt lat="41.180873" lon="-81.585919">
<ele>229</ele>
<time>2026-07-20T20:45:31Z</time></trkpt>
<trkpt lat="41.180974" lon="-81.585726">
<ele>226</ele>
<time>2026-07-20T20:45:35Z</time></trkpt>
<trkpt lat="41.180998" lon="-81.585705">
<ele>226</ele>
<time>2026-07-20T20:45:36Z</time></trkpt>
<trkpt lat="41.181127" lon="-81.585721">
<ele>225</ele>
<time>2026-07-20T20:45:39Z</time></trkpt>
<trkpt lat="41.181154" lon="-81.585747">
<ele>225</ele>
<time>2026-07-20T20:45:40Z</time></trkpt>
<trkpt lat="41.181246" lon="-81.585964">
<ele>225</ele>
<time>2026-07-20T20:45:45Z</time></trkpt>
<trkpt lat="41.181246" lon="-81.586134">
<ele>226</ele>
<time>2026-07-20T20:45:45Z</time></trkpt>
<trkpt lat="41.181331" lon="-81.586305">
<ele>227</ele>
<time>2026-07-20T20:45:49Z</time></trkpt>
<trkpt lat="41.181507" lon="-81.586293">
<ele>227</ele>
<time>2026-07-20T20:45:53Z</time></trkpt>
<trkpt lat="41.181541" lon="-81.586453">
<ele>228</ele>
<time>2026-07-20T20:45:56Z</time></trkpt>
<trkpt lat="41.181623" lon="-81.586549">
<ele>228</ele>
<time>2026-07-20T20:45:59Z</time></trkpt>
<trkpt lat="41.182232" lon="-81.586924">
<ele>231</ele>
<time>2026-07-20T20:46:20Z</time></trkpt>
<trkpt lat="41.182446" lon="-81.587107">
<ele>232</ele>
<time>2026-07-20T20:46:29Z</time></trkpt>
<trkpt lat="41.184692" lon="-81.589164">
<ele>232</ele>
<time>2026-07-20T20:48:05Z</time></trkpt>
<trkpt lat="41.184692" lon="-81.589164">
<ele>232</ele>
<time>2026-07-20T20:48:05Z</time></trkpt>
<trkpt lat="41.185111" lon="-81.589548">
<ele>233</ele>
<time>2026-07-20T20:48:26Z</time></trkpt>
<trkpt lat="41.185626" lon="-81.590109">
<ele>235</ele>
<time>2026-07-20T20:48:52Z</time></trkpt>
<trkpt lat="41.186894" lon="-81.591553">
<ele>240</ele>
<time>2026-07-20T20:49:57Z</time></trkpt>
<trkpt lat="41.187237" lon="-81.591882">
<ele>241</ele>
<time>2026-07-20T20:50:12Z</time></trkpt>
<trkpt lat="41.187615" lon="-81.592187">
<ele>241</ele>
<time>2026-07-20T20:50:28Z</time></trkpt>
<trkpt lat="41.187615" lon="-81.592187">
<ele>241</ele>
<time>2026-07-20T20:50:28Z</time></trkpt>
<trkpt lat="41.187842" lon="-81.592316">
<ele>242</ele>
<time>2026-07-20T20:50:37Z</time></trkpt>
<trkpt lat="41.188019" lon="-81.59236">
<ele>242</ele>
<time>2026-07-20T20:50:43Z</time></trkpt>
<trkpt lat="41.188308" lon="-81.592342">
<ele>241</ele>
<time>2026-07-20T20:50:54Z</time></trkpt>
<trkpt lat="41.189443" lon="-81.592078">
<ele>242</ele>
<time>2026-07-20T20:51:35Z</time></trkpt>
<trkpt lat="41.190506" lon="-81.591901">
<ele>239</ele>
<time>2026-07-20T20:52:09Z</time></trkpt>
<trkpt lat="41.191845" lon="-81.591727">
<ele>238</ele>
<time>2026-07-20T20:52:53Z</time></trkpt>
<trkpt lat="41.191835" lon="-81.591451">
<ele>238</ele>
<time>2026-07-20T20:53:00Z</time></trkpt>
<trkpt lat="41.191816" lon="-81.591357">
<ele>238</ele>
<time>2026-07-20T20:53:02Z</time></trkpt>
<trkpt lat="41.191793" lon="-81.591316">
<ele>238</ele>
<time>2026-07-20T20:53:03Z</time></trkpt>
<trkpt lat="41.191793" lon="-81.591316">
<ele>238</ele>
<time>2026-07-20T20:53:03Z</time></trkpt>
<trkpt lat="41.191714" lon="-81.591181">
<ele>239</ele>
<time>2026-07-20T20:53:08Z</time></trkpt>
<trkpt lat="41.191573" lon="-81.591005">
<ele>240</ele>
<time>2026-07-20T20:53:15Z</time></trkpt>
<trkpt lat="41.191523" lon="-81.590881">
<ele>240</ele>
<time>2026-07-20T20:53:20Z</time></trkpt>
<trkpt lat="41.191481" lon="-81.590402">
<ele>244</ele>
<time>2026-07-20T20:53:35Z</time></trkpt>
<trkpt lat="41.191517" lon="-81.590144">
<ele>247</ele>
<time>2026-07-20T20:53:43Z</time></trkpt>
<trkpt lat="41.191624" lon="-81.589948">
<ele>248</ele>
<time>2026-07-20T20:53:51Z</time></trkpt>
<trkpt lat="41.19171" lon="-81.58984">
<ele>249</ele>
<time>2026-07-20T20:53:56Z</time></trkpt>
<trkpt lat="41.192172" lon="-81.589406">
<ele>254</ele>
<time>2026-07-20T20:54:20Z</time></trkpt>
<trkpt lat="41.192697" lon="-81.588876">
<ele>254</ele>
<time>2026-07-20T20:54:47Z</time></trkpt>
<trkpt lat="41.192865" lon="-81.58868">
<ele>253</ele>
<time>2026-07-20T20:54:57Z</time></trkpt>
<trkpt lat="41.19405" lon="-81.586692">
<ele>244</ele>
<time>2026-07-20T20:55:59Z</time></trkpt>
<trkpt lat="41.194672" lon="-81.585699">
<ele>239</ele>
<time>2026-07-20T20:56:28Z</time></trkpt>
<trkpt lat="41.194763" lon="-81.585518">
<ele>238</ele>
<time>2026-07-20T20:56:32Z</time></trkpt>
<trkpt lat="41.19489" lon="-81.585126">
<ele>237</ele>
<time>2026-07-20T20:56:42Z</time></trkpt>
<trkpt lat="41.194916" lon="-81.584662">
<ele>237</ele>
<time>2026-07-20T20:56:53Z</time></trkpt>
<trkpt lat="41.194911" lon="-81.584312">
<ele>237</ele>
<time>2026-07-20T20:57:01Z</time></trkpt>
<trkpt lat="41.194891" lon="-81.584075">
<ele>236</ele>
<time>2026-07-20T20:57:07Z</time></trkpt>
<trkpt lat="41.194818" lon="-81.583823">
<ele>235</ele>
<time>2026-07-20T20:57:14Z</time></trkpt>
<trkpt lat="41.194653" lon="-81.583573">
<ele>236</ele>
<time>2026-07-20T20:57:22Z</time></trkpt>
<trkpt lat="41.193988" lon="-81.582672">
<ele>235</ele>
<time>2026-07-20T20:57:52Z</time></trkpt>
<trkpt lat="41.193863" lon="-81.582404">
<ele>235</ele>
<time>2026-07-20T20:57:59Z</time></trkpt>
<trkpt lat="41.193863" lon="-81.582404">
<ele>235</ele>
<time>2026-07-20T20:57:59Z</time></trkpt>
<trkpt lat="41.193839" lon="-81.582337">
<ele>234</ele>
<time>2026-07-20T20:58:01Z</time></trkpt>
<trkpt lat="41.193809" lon="-81.581794">
<ele>232</ele>
<time>2026-07-20T20:58:14Z</time></trkpt>
<trkpt lat="41.193867" lon="-81.581626">
<ele>231</ele>
<time>2026-07-20T20:58:19Z</time></trkpt>
<trkpt lat="41.193922" lon="-81.581548">
<ele>231</ele>
<time>2026-07-20T20:58:21Z</time></trkpt>
<trkpt lat="41.194162" lon="-81.581363">
<ele>227</ele>
<time>2026-07-20T20:58:30Z</time></trkpt>
<trkpt lat="41.194226" lon="-81.581276">
<ele>226</ele>
<time>2026-07-20T20:58:33Z</time></trkpt>
<trkpt lat="41.194277" lon="-81.581162">
<ele>225</ele>
<time>2026-07-20T20:58:36Z</time></trkpt>
<trkpt lat="41.194302" lon="-81.581021">
<ele>225</ele>
<time>2026-07-20T20:58:39Z</time></trkpt>
<trkpt lat="41.19412" lon="-81.579974">
<ele>223</ele>
<time>2026-07-20T20:59:04Z</time></trkpt>
<trkpt lat="41.194008" lon="-81.579752">
<ele>223</ele>
<time>2026-07-20T20:59:10Z</time></trkpt>
<trkpt lat="41.19397" lon="-81.579614">
<ele>224</ele>
<time>2026-07-20T20:59:14Z</time></trkpt>
<trkpt lat="41.193952" lon="-81.579425">
<ele>225</ele>
<time>2026-07-20T20:59:18Z</time></trkpt>
<trkpt lat="41.193865" lon="-81.57941">
<ele>225</ele>
<time>2026-07-20T20:59:21Z</time></trkpt>
<trkpt lat="41.193876" lon="-81.579348">
<ele>225</ele>
<time>2026-07-20T20:59:22Z</time></trkpt>
<trkpt lat="41.19382" lon="-81.579227">
<ele>226</ele>
<time>2026-07-20T20:59:25Z</time></trkpt>
<trkpt lat="41.193808" lon="-81.579073">
<ele>225</ele>
<time>2026-07-20T20:59:29Z</time></trkpt>
<trkpt lat="41.1938614" lon="-81.5788318">
<ele>224</ele>
<time>2026-07-20T20:59:35Z</time></trkpt>
<trkpt lat="41.193925" lon="-81.578545">
<ele>223</ele>
<time>2026-07-20T20:59:42Z</time></trkpt>
<trkpt lat="41.193998" lon="-81.57853">
<ele>223</ele>
<time>2026-07-20T20:59:44Z</time></trkpt>
<trkpt lat="41.19411" lon="-81.578467">
<ele>223</ele>
<time>2026-07-20T20:59:48Z</time></trkpt>
<trkpt lat="41.19419" lon="-81.578359">
<ele>223</ele>
<time>2026-07-20T20:59:51Z</time></trkpt>
<trkpt lat="41.194232" lon="-81.578213">
<ele>223</ele>
<time>2026-07-20T20:59:55Z</time></trkpt>
<trkpt lat="41.194232" lon="-81.578127">
<ele>223</ele>
<time>2026-07-20T20:59:55Z</time></trkpt>
<trkpt lat="41.1941625" lon="-81.5778986">
<ele>223</ele>
<time>2026-07-20T21:00:01Z</time></trkpt>
<trkpt lat="41.1940714" lon="-81.577545">
<ele>222</ele>
<time>2026-07-20T21:00:11Z</time></trkpt>
<trkpt lat="41.194227" lon="-81.5773958">
<ele>222</ele>
<time>2026-07-20T21:00:17Z</time></trkpt>
<trkpt lat="41.195131" lon="-81.576529">
<ele>222</ele>
<time>2026-07-20T21:00:54Z</time></trkpt>
<trkpt lat="41.195484" lon="-81.576223">
<ele>222</ele>
<time>2026-07-20T21:01:08Z</time></trkpt>
<trkpt lat="41.196001" lon="-81.575836">
<ele>222</ele>
<time>2026-07-20T21:01:27Z</time></trkpt>
<trkpt lat="41.196639" lon="-81.575447">
<ele>221</ele>
<time>2026-07-20T21:01:50Z</time></trkpt>
<trkpt lat="41.196639" lon="-81.575447">
<ele>221</ele>
<time>2026-07-20T21:01:50Z</time></trkpt>
<trkpt lat="41.196838" lon="-81.575325">
<ele>222</ele>
<time>2026-07-20T21:01:57Z</time></trkpt>
<trkpt lat="41.200421" lon="-81.573811">
<ele>220</ele>
<time>2026-07-20T21:04:01Z</time></trkpt>
<trkpt lat="41.201805" lon="-81.573203">
<ele>220</ele>
<time>2026-07-20T21:04:50Z</time></trkpt>
<trkpt lat="41.201826" lon="-81.57328">
<ele>220</ele>
<time>2026-07-20T21:04:52Z</time></trkpt>
<trkpt lat="41.20189" lon="-81.573359">
<ele>221</ele>
<time>2026-07-20T21:04:55Z</time></trkpt>
<trkpt lat="41.201995" lon="-81.573391">
<ele>221</ele>
<time>2026-07-20T21:04:59Z</time></trkpt>
<trkpt lat="41.202146" lon="-81.573391">
<ele>220</ele>
<time>2026-07-20T21:05:04Z</time></trkpt>
<trkpt lat="41.202225" lon="-81.573461">
<ele>220</ele>
<time>2026-07-20T21:05:07Z</time></trkpt>
<trkpt lat="41.202262" lon="-81.573529">
<ele>221</ele>
<time>2026-07-20T21:05:09Z</time></trkpt>
<trkpt lat="41.202328" lon="-81.573749">
<ele>221</ele>
<time>2026-07-20T21:05:15Z</time></trkpt>
<trkpt lat="41.202357" lon="-81.57391">
<ele>221</ele>
<time>2026-07-20T21:05:20Z</time></trkpt>
<trkpt lat="41.202357" lon="-81.57391">
<ele>221</ele>
<time>2026-07-20T21:05:20Z</time></trkpt>
<trkpt lat="41.2024" lon="-81.574154">
<ele>221</ele>
<time>2026-07-20T21:05:26Z</time></trkpt>
<trkpt lat="41.202427" lon="-81.574204">
<ele>221</ele>
<time>2026-07-20T21:05:28Z</time></trkpt>
<trkpt lat="41.202469" lon="-81.574225">
<ele>221</ele>
<time>2026-07-20T21:05:29Z</time></trkpt>
<trkpt lat="41.202624" lon="-81.574225">
<ele>221</ele>
<time>2026-07-20T21:05:35Z</time></trkpt>
<trkpt lat="41.203405" lon="-81.57395">
<ele>221</ele>
<time>2026-07-20T21:06:02Z</time></trkpt>
<trkpt lat="41.204139" lon="-81.573731">
<ele>221</ele>
<time>2026-07-20T21:06:28Z</time></trkpt>
<trkpt lat="41.204282" lon="-81.573705">
<ele>221</ele>
<time>2026-07-20T21:06:33Z</time></trkpt>
<trkpt lat="41.204352" lon="-81.573724">
<ele>222</ele>
<time>2026-07-20T21:06:36Z</time></trkpt>
<trkpt lat="41.204396" lon="-81.573761">
<ele>222</ele>
<time>2026-07-20T21:06:38Z</time></trkpt>
<trkpt lat="41.204433" lon="-81.573845">
<ele>222</ele>
<time>2026-07-20T21:06:40Z</time></trkpt>
<trkpt lat="41.204444" lon="-81.573936">
<ele>222</ele>
<time>2026-07-20T21:06:43Z</time></trkpt>
<trkpt lat="41.204448" lon="-81.574628">
<ele>222</ele>
<time>2026-07-20T21:07:02Z</time></trkpt>
<trkpt lat="41.204437" lon="-81.574827">
<ele>222</ele>
<time>2026-07-20T21:07:07Z</time></trkpt>
<trkpt lat="41.204437" lon="-81.574827">
<ele>222</ele>
<time>2026-07-20T21:07:07Z</time></trkpt>
<trkpt lat="41.204428" lon="-81.574994">
<ele>223</ele>
<time>2026-07-20T21:07:12Z</time></trkpt>
<trkpt lat="41.20441" lon="-81.575065">
<ele>223</ele>
<time>2026-07-20T21:07:14Z</time></trkpt>
<trkpt lat="41.20434" lon="-81.575206">
<ele>224</ele>
<time>2026-07-20T21:07:19Z</time></trkpt>
<trkpt lat="41.20407" lon="-81.575407">
<ele>223</ele>
<time>2026-07-20T21:07:30Z</time></trkpt>
<trkpt lat="41.204023" lon="-81.575455">
<ele>223</ele>
<time>2026-07-20T21:07:32Z</time></trkpt>
<trkpt lat="41.203987" lon="-81.575549">
<ele>223</ele>
<time>2026-07-20T21:07:35Z</time></trkpt>
<trkpt lat="41.203985" lon="-81.575619">
<ele>223</ele>
<time>2026-07-20T21:07:37Z</time></trkpt>
<trkpt lat="41.204025" lon="-81.57576">
<ele>224</ele>
<time>2026-07-20T21:07:41Z</time></trkpt>
<trkpt lat="41.204073" lon="-81.575876">
<ele>224</ele>
<time>2026-07-20T21:07:45Z</time></trkpt>
<trkpt lat="41.204247" lon="-81.576159">
<ele>225</ele>
<time>2026-07-20T21:07:55Z</time></trkpt>
<trkpt lat="41.204263" lon="-81.576307">
<ele>225</ele>
<time>2026-07-20T21:07:59Z</time></trkpt>
<trkpt lat="41.204128" lon="-81.577133">
<ele>225</ele>
<time>2026-07-20T21:08:22Z</time></trkpt>
<trkpt lat="41.204128" lon="-81.577133">
<ele>225</ele>
<time>2026-07-20T21:08:22Z</time></trkpt>
<trkpt lat="41.204098" lon="-81.577402">
<ele>225</ele>
<time>2026-07-20T21:08:29Z</time></trkpt>
<trkpt lat="41.203907" lon="-81.578445">
<ele>226</ele>
<time>2026-07-20T21:08:58Z</time></trkpt>
<trkpt lat="41.203877" lon="-81.578723">
<ele>226</ele>
<time>2026-07-20T21:09:05Z</time></trkpt>
<trkpt lat="41.203894" lon="-81.578988">
<ele>226</ele>
<time>2026-07-20T21:09:13Z</time></trkpt>
<trkpt lat="41.203939" lon="-81.579288">
<ele>227</ele>
<time>2026-07-20T21:09:21Z</time></trkpt>
<trkpt lat="41.204083" lon="-81.579871">
<ele>228</ele>
<time>2026-07-20T21:09:37Z</time></trkpt>
<trkpt lat="41.204113" lon="-81.580055">
<ele>228</ele>
<time>2026-07-20T21:09:42Z</time></trkpt>
<trkpt lat="41.204079" lon="-81.580259">
<ele>228</ele>
<time>2026-07-20T21:09:48Z</time></trkpt>
<trkpt lat="41.204231" lon="-81.58084">
<ele>228</ele>
<time>2026-07-20T21:10:04Z</time></trkpt>
<trkpt lat="41.204184" lon="-81.580884">
<ele>228</ele>
<time>2026-07-20T21:10:06Z</time></trkpt>
<trkpt lat="41.204177" lon="-81.580941">
<ele>228</ele>
<time>2026-07-20T21:10:07Z</time></trkpt>
<trkpt lat="41.20433" lon="-81.58165">
<ele>228</ele>
<time>2026-07-20T21:10:26Z</time></trkpt>
<trkpt lat="41.204369" lon="-81.581934">
<ele>228</ele>
<time>2026-07-20T21:10:33Z</time></trkpt>
<trkpt lat="41.204353" lon="-81.582641">
<ele>228</ele>
<time>2026-07-20T21:10:50Z</time></trkpt>
<trkpt lat="41.204354" lon="-81.582783">
<ele>229</ele>
<time>2026-07-20T21:10:54Z</time></trkpt>
<trkpt lat="41.204331" lon="-81.582876">
<ele>229</ele>
<time>2026-07-20T21:10:56Z</time></trkpt>
<trkpt lat="41.204228" lon="-81.583141">
<ele>229</ele>
<time>2026-07-20T21:11:04Z</time></trkpt>
<trkpt lat="41.20419" lon="-81.583232">
<ele>228</ele>
<time>2026-07-20T21:11:06Z</time></trkpt>
<trkpt lat="41.204296" lon="-81.583263">
<ele>229</ele>
<time>2026-07-20T21:11:10Z</time></trkpt>
<trkpt lat="41.204296" lon="-81.583263">
<ele>229</ele>
<time>2026-07-20T21:11:10Z</time></trkpt>
<trkpt lat="41.204332" lon="-81.583262">
<ele>229</ele>
<time>2026-07-20T21:11:11Z</time></trkpt>
<trkpt lat="41.204456" lon="-81.583587">
<ele>228</ele>
<time>2026-07-20T21:11:20Z</time></trkpt>
<trkpt lat="41.204551" lon="-81.583737">
<ele>228</ele>
<time>2026-07-20T21:11:25Z</time></trkpt>
<trkpt lat="41.204582" lon="-81.58384">
<ele>228</ele>
<time>2026-07-20T21:11:28Z</time></trkpt>
<trkpt lat="41.204506" lon="-81.583984">
<ele>228</ele>
<time>2026-07-20T21:11:32Z</time></trkpt>
<trkpt lat="41.204451" lon="-81.584163">
<ele>227</ele>
<time>2026-07-20T21:11:37Z</time></trkpt>
<trkpt lat="41.204345" lon="-81.584229">
<ele>227</ele>
<time>2026-07-20T21:11:41Z</time></trkpt>
<trkpt lat="41.204274" lon="-81.5843">
<ele>227</ele>
<time>2026-07-20T21:11:44Z</time></trkpt>
<trkpt lat="41.204181" lon="-81.584531">
<ele>227</ele>
<time>2026-07-20T21:11:51Z</time></trkpt>
<trkpt lat="41.204185" lon="-81.584671">
<ele>227</ele>
<time>2026-07-20T21:11:55Z</time></trkpt>
<trkpt lat="41.20425" lon="-81.585038">
<ele>228</ele>
<time>2026-07-20T21:12:05Z</time></trkpt>
<trkpt lat="41.20431" lon="-81.585697">
<ele>228</ele>
<time>2026-07-20T21:12:22Z</time></trkpt>
<trkpt lat="41.204363" lon="-81.585852">
<ele>228</ele>
<time>2026-07-20T21:12:26Z</time></trkpt>
<trkpt lat="41.204452" lon="-81.585961">
<ele>228</ele>
<time>2026-07-20T21:12:31Z</time></trkpt>
<trkpt lat="41.204491" lon="-81.586044">
<ele>228</ele>
<time>2026-07-20T21:12:33Z</time></trkpt>
<trkpt lat="41.204611" lon="-81.586523">
<ele>228</ele>
<time>2026-07-20T21:12:46Z</time></trkpt>
<trkpt lat="41.204765" lon="-81.586788">
<ele>229</ele>
<time>2026-07-20T21:12:55Z</time></trkpt>
<trkpt lat="41.204859" lon="-81.58699">
<ele>228</ele>
<time>2026-07-20T21:13:01Z</time></trkpt>
<trkpt lat="41.204949" lon="-81.58707">
<ele>228</ele>
<time>2026-07-20T21:13:05Z</time></trkpt>
<trkpt lat="41.205002" lon="-81.587094">
<ele>228</ele>
<time>2026-07-20T21:13:07Z</time></trkpt>
<trkpt lat="41.205246" lon="-81.587095">
<ele>229</ele>
<time>2026-07-20T21:13:16Z</time></trkpt>
<trkpt lat="41.205647" lon="-81.586944">
<ele>230</ele>
<time>2026-07-20T21:13:31Z</time></trkpt>
<trkpt lat="41.205647" lon="-81.586944">
<ele>230</ele>
<time>2026-07-20T21:13:31Z</time></trkpt>
<trkpt lat="41.205784" lon="-81.586893">
<ele>229</ele>
<time>2026-07-20T21:13:36Z</time></trkpt>
<trkpt lat="41.206258" lon="-81.586528">
<ele>229</ele>
<time>2026-07-20T21:13:57Z</time></trkpt>
<trkpt lat="41.206394" lon="-81.58635">
<ele>230</ele>
<time>2026-07-20T21:14:04Z</time></trkpt>
<trkpt lat="41.206517" lon="-81.586243">
<ele>230</ele>
<time>2026-07-20T21:14:09Z</time></trkpt>
<trkpt lat="41.206684" lon="-81.586036">
<ele>231</ele>
<time>2026-07-20T21:14:18Z</time></trkpt>
<trkpt lat="41.207054" lon="-81.585749">
<ele>231</ele>
<time>2026-07-20T21:14:34Z</time></trkpt>
<trkpt lat="41.20727" lon="-81.585466">
<ele>233</ele>
<time>2026-07-20T21:14:45Z</time></trkpt>
<trkpt lat="41.20733" lon="-81.585229">
<ele>233</ele>
<time>2026-07-20T21:14:52Z</time></trkpt>
<trkpt lat="41.207305" lon="-81.585177">
<ele>233</ele>
<time>2026-07-20T21:14:54Z</time></trkpt>
<trkpt lat="41.207195" lon="-81.585128">
<ele>233</ele>
<time>2026-07-20T21:14:58Z</time></trkpt>
<trkpt lat="41.207077" lon="-81.584987">
<ele>234</ele>
<time>2026-07-20T21:15:04Z</time></trkpt>
<trkpt lat="41.207009" lon="-81.584792">
<ele>234</ele>
<time>2026-07-20T21:15:10Z</time></trkpt>
<trkpt lat="41.20697" lon="-81.584644">
<ele>235</ele>
<time>2026-07-20T21:15:15Z</time></trkpt>
<trkpt lat="41.206975" lon="-81.584601">
<ele>235</ele>
<time>2026-07-20T21:15:17Z</time></trkpt>
<trkpt lat="41.207031" lon="-81.584525">
<ele>235</ele>
<time>2026-07-20T21:15:20Z</time></trkpt>
<trkpt lat="41.207198" lon="-81.584421">
<ele>236</ele>
<time>2026-07-20T21:15:28Z</time></trkpt>
<trkpt lat="41.207401" lon="-81.584122">
<ele>237</ele>
<time>2026-07-20T21:15:41Z</time></trkpt>
<trkpt lat="41.207526" lon="-81.583999">
<ele>239</ele>
<time>2026-07-20T21:15:48Z</time></trkpt>
<trkpt lat="41.207494" lon="-81.583691">
<ele>241</ele>
<time>2026-07-20T21:15:58Z</time></trkpt>
<trkpt lat="41.207521" lon="-81.58362">
<ele>242</ele>
<time>2026-07-20T21:16:00Z</time></trkpt>
<trkpt lat="41.207872" lon="-81.58348">
<ele>245</ele>
<time>2026-07-20T21:16:16Z</time></trkpt>
<trkpt lat="41.208108" lon="-81.583472">
<ele>245</ele>
<time>2026-07-20T21:16:26Z</time></trkpt>
<trkpt lat="41.208384" lon="-81.583335">
<ele>246</ele>
<time>2026-07-20T21:16:39Z</time></trkpt>
<trkpt lat="41.208384" lon="-81.583335">
<ele>246</ele>
<time>2026-07-20T21:16:39Z</time></trkpt>
<trkpt lat="41.208417" lon="-81.583325">
<ele>246</ele>
<time>2026-07-20T21:16:40Z</time></trkpt>
<trkpt lat="41.208519" lon="-81.583356">
<ele>246</ele>
<time>2026-07-20T21:16:45Z</time></trkpt>
<trkpt lat="41.208639" lon="-81.583331">
<ele>246</ele>
<time>2026-07-20T21:16:50Z</time></trkpt>
<trkpt lat="41.208804" lon="-81.583487">
<ele>245</ele>
<time>2026-07-20T21:16:59Z</time></trkpt>
<trkpt lat="41.208846" lon="-81.583593">
<ele>244</ele>
<time>2026-07-20T21:17:03Z</time></trkpt>
<trkpt lat="41.209033" lon="-81.583546">
<ele>246</ele>
<time>2026-07-20T21:17:11Z</time></trkpt>
<trkpt lat="41.209419" lon="-81.583621">
<ele>249</ele>
<time>2026-07-20T21:17:28Z</time></trkpt>
<trkpt lat="41.20947" lon="-81.583647">
<ele>250</ele>
<time>2026-07-20T21:17:31Z</time></trkpt>
<trkpt lat="41.209502" lon="-81.583688">
<ele>249</ele>
<time>2026-07-20T21:17:33Z</time></trkpt>
<trkpt lat="41.209589" lon="-81.584009">
<ele>244</ele>
<time>2026-07-20T21:17:44Z</time></trkpt>
<trkpt lat="41.209708" lon="-81.584253">
<ele>241</ele>
<time>2026-07-20T21:17:54Z</time></trkpt>
<trkpt lat="41.209757" lon="-81.584277">
<ele>241</ele>
<time>2026-07-20T21:17:56Z</time></trkpt>
<trkpt lat="41.209864" lon="-81.584269">
<ele>242</ele>
<time>2026-07-20T21:18:01Z</time></trkpt>
<trkpt lat="41.209969" lon="-81.584291">
<ele>243</ele>
<time>2026-07-20T21:18:06Z</time></trkpt>
<trkpt lat="41.210055" lon="-81.584415">
<ele>241</ele>
<time>2026-07-20T21:18:12Z</time></trkpt>
<trkpt lat="41.210162" lon="-81.584429">
<ele>242</ele>
<time>2026-07-20T21:18:17Z</time></trkpt>
<trkpt lat="41.210162" lon="-81.584429">
<ele>242</ele>
<time>2026-07-20T21:18:17Z</time></trkpt>
<trkpt lat="41.21027" lon="-81.584443">
<ele>242</ele>
<time>2026-07-20T21:18:22Z</time></trkpt>
<trkpt lat="41.210318" lon="-81.584426">
<ele>242</ele>
<time>2026-07-20T21:18:24Z</time></trkpt>
<trkpt lat="41.210315" lon="-81.584405">
<ele>243</ele>
<time>2026-07-20T21:18:25Z</time></trkpt>
<trkpt lat="41.210154" lon="-81.584202">
<ele>247</ele>
<time>2026-07-20T21:18:35Z</time></trkpt>
<trkpt lat="41.210076" lon="-81.584147">
<ele>247</ele>
<time>2026-07-20T21:18:39Z</time></trkpt>
<trkpt lat="41.21006" lon="-81.584091">
<ele>247</ele>
<time>2026-07-20T21:18:41Z</time></trkpt>
<trkpt lat="41.210275" lon="-81.583953">
<ele>255</ele>
<time>2026-07-20T21:18:51Z</time></trkpt>
<trkpt lat="41.21047" lon="-81.583925">
<ele>255</ele>
<time>2026-07-20T21:19:00Z</time></trkpt>
<trkpt lat="41.210541" lon="-81.583861">
<ele>256</ele>
<time>2026-07-20T21:19:04Z</time></trkpt>
<trkpt lat="41.210591" lon="-81.583775">
<ele>256</ele>
<time>2026-07-20T21:19:08Z</time></trkpt>
<trkpt lat="41.210703" lon="-81.583485">
<ele>257</ele>
<time>2026-07-20T21:19:19Z</time></trkpt>
<trkpt lat="41.210767" lon="-81.583157">
<ele>262</ele>
<time>2026-07-20T21:19:31Z</time></trkpt>
<trkpt lat="41.210888" lon="-81.582911">
<ele>262</ele>
<time>2026-07-20T21:19:45Z</time></trkpt>
<trkpt lat="41.210896" lon="-81.582738">
<ele>265</ele>
<time>2026-07-20T21:19:53Z</time></trkpt>
<trkpt lat="41.21106" lon="-81.582366">
<ele>265</ele>
<time>2026-07-20T21:20:14Z</time></trkpt>
<trkpt lat="41.211085" lon="-81.582286">
<ele>265</ele>
<time>2026-07-20T21:20:18Z</time></trkpt>
<trkpt lat="41.211109" lon="-81.582099">
<ele>266</ele>
<time>2026-07-20T21:20:27Z</time></trkpt>
<trkpt lat="41.211196" lon="-81.581923">
<ele>269</ele>
<time>2026-07-20T21:20:37Z</time></trkpt>
<trkpt lat="41.211198" lon="-81.581811">
<ele>271</ele>
<time>2026-07-20T21:20:43Z</time></trkpt>
<trkpt lat="41.211166" lon="-81.581728">
<ele>272</ele>
<time>2026-07-20T21:20:47Z</time></trkpt>
<trkpt lat="41.21092" lon="-81.581362">
<ele>280</ele>
<time>2026-07-20T21:21:11Z</time></trkpt>
<trkpt lat="41.210899" lon="-81.5813">
<ele>281</ele>
<time>2026-07-20T21:21:14Z</time></trkpt>
<trkpt lat="41.2109" lon="-81.581091">
<ele>284</ele>
<time>2026-07-20T21:21:24Z</time></trkpt>
<trkpt lat="41.210931" lon="-81.581">
<ele>286</ele>
<time>2026-07-20T21:21:29Z</time></trkpt>
<trkpt lat="41.211042" lon="-81.580948">
<ele>286</ele>
<time>2026-07-20T21:21:36Z</time></trkpt>
<trkpt lat="41.211042" lon="-81.580948">
<ele>286</ele>
<time>2026-07-20T21:21:36Z</time></trkpt>
<trkpt lat="41.211297" lon="-81.580827">
<ele>289</ele>
<time>2026-07-20T21:21:53Z</time></trkpt>
<trkpt lat="41.211579" lon="-81.580653">
<ele>293</ele>
<time>2026-07-20T21:22:13Z</time></trkpt>
<trkpt lat="41.21168" lon="-81.580562">
<ele>294</ele>
<time>2026-07-20T21:22:21Z</time></trkpt>
<trkpt lat="41.211773" lon="-81.580382">
<ele>297</ele>
<time>2026-07-20T21:22:31Z</time></trkpt>
<trkpt lat="41.211777" lon="-81.580296">
<ele>298</ele>
<time>2026-07-20T21:22:35Z</time></trkpt>
<trkpt lat="41.21175" lon="-81.580008">
<ele>301</ele>
<time>2026-07-20T21:22:44Z</time></trkpt>
<trkpt lat="41.212063" lon="-81.580002">
<ele>302</ele>
<time>2026-07-20T21:22:56Z</time></trkpt>
<trkpt lat="41.212246" lon="-81.580027">
<ele>302</ele>
<time>2026-07-20T21:23:02Z</time></trkpt>
<trkpt lat="41.212739" lon="-81.580155">
<ele>303</ele>
<time>2026-07-20T21:23:20Z</time></trkpt>
<trkpt lat="41.213427" lon="-81.580307">
<ele>306</ele>
<time>2026-07-20T21:23:45Z</time></trkpt>
<trkpt lat="41.213427" lon="-81.580307">
<ele>306</ele>
<time>2026-07-20T21:23:45Z</time></trkpt>
<trkpt lat="41.21386" lon="-81.580403">
<ele>304</ele>
<time>2026-07-20T21:24:01Z</time></trkpt>
<trkpt lat="41.214828" lon="-81.580575">
<ele>300</ele>
<time>2026-07-20T21:24:35Z</time></trkpt>
<trkpt lat="41.214998" lon="-81.58065">
<ele>299</ele>
<time>2026-07-20T21:24:41Z</time></trkpt>
<trkpt lat="41.215147" lon="-81.580776">
<ele>299</ele>
<time>2026-07-20T21:24:46Z</time></trkpt>
<trkpt lat="41.215315" lon="-81.580976">
<ele>299</ele>
<time>2026-07-20T21:24:54Z</time></trkpt>
<trkpt lat="41.216449" lon="-81.582703">
<ele>300</ele>
<time>2026-07-20T21:25:51Z</time></trkpt>
<trkpt lat="41.216585" lon="-81.582817">
<ele>300</ele>
<time>2026-07-20T21:25:56Z</time></trkpt>
<trkpt lat="41.216728" lon="-81.582895">
<ele>300</ele>
<time>2026-07-20T21:26:01Z</time></trkpt>
<trkpt lat="41.216848" lon="-81.582936">
<ele>301</ele>
<time>2026-07-20T21:26:06Z</time></trkpt>
<trkpt lat="41.21771" lon="-81.582926">
<ele>302</ele>
<time>2026-07-20T21:26:37Z</time></trkpt>
<trkpt lat="41.21771" lon="-81.582926">
<ele>302</ele>
<time>2026-07-20T21:26:37Z</time></trkpt>
<trkpt lat="41.220143" lon="-81.582913">
<ele>306</ele>
<time>2026-07-20T21:28:04Z</time></trkpt>
<trkpt lat="41.220143" lon="-81.582896">
<ele>306</ele>
<time>2026-07-20T21:28:04Z</time></trkpt>
<trkpt lat="41.220143" lon="-81.582896">
<ele>306</ele>
<time>2026-07-20T21:28:04Z</time></trkpt>
<trkpt lat="41.220138" lon="-81.582653">
<ele>306</ele>
<time>2026-07-20T21:28:09Z</time></trkpt>
<trkpt lat="41.220118" lon="-81.582466">
<ele>305</ele>
<time>2026-07-20T21:28:14Z</time></trkpt>
<trkpt lat="41.220053" lon="-81.58219">
<ele>304</ele>
<time>2026-07-20T21:28:21Z</time></trkpt>
<trkpt lat="41.219958" lon="-81.581979">
<ele>303</ele>
<time>2026-07-20T21:28:27Z</time></trkpt>
<trkpt lat="41.219764" lon="-81.581633">
<ele>301</ele>
<time>2026-07-20T21:28:37Z</time></trkpt>
<trkpt lat="41.21956" lon="-81.581172">
<ele>300</ele>
<time>2026-07-20T21:28:50Z</time></trkpt>
<trkpt lat="41.219461" lon="-81.580877">
<ele>299</ele>
<time>2026-07-20T21:28:57Z</time></trkpt>
<trkpt lat="41.219401" lon="-81.580644">
<ele>299</ele>
<time>2026-07-20T21:29:03Z</time></trkpt>
<trkpt lat="41.219316" lon="-81.58011">
<ele>299</ele>
<time>2026-07-20T21:29:16Z</time></trkpt>
<trkpt lat="41.219296" lon="-81.579828">
<ele>299</ele>
<time>2026-07-20T21:29:23Z</time></trkpt>
<trkpt lat="41.219305" lon="-81.579269">
<ele>300</ele>
<time>2026-07-20T21:29:37Z</time></trkpt>
<trkpt lat="41.219371" lon="-81.578835">
<ele>299</ele>
<time>2026-07-20T21:29:48Z</time></trkpt>
<trkpt lat="41.219535" lon="-81.578148">
<ele>295</ele>
<time>2026-07-20T21:30:07Z</time></trkpt>
<trkpt lat="41.219478" lon="-81.578042">
<ele>295</ele>
<time>2026-07-20T21:30:10Z</time></trkpt>
<trkpt lat="41.219478" lon="-81.578042">
<ele>295</ele>
<time>2026-07-20T21:30:10Z</time></trkpt>
<trkpt lat="41.21937" lon="-81.57793">
<ele>295</ele>
<time>2026-07-20T21:30:15Z</time></trkpt>
<trkpt lat="41.219335" lon="-81.577804">
<ele>295</ele>
<time>2026-07-20T21:30:18Z</time></trkpt>
<trkpt lat="41.219406" lon="-81.577356">
<ele>294</ele>
<time>2026-07-20T21:30:30Z</time></trkpt>
<trkpt lat="41.219342" lon="-81.577359">
<ele>295</ele>
<time>2026-07-20T21:30:32Z</time></trkpt>
<trkpt lat="41.219262" lon="-81.577397">
<ele>295</ele>
<time>2026-07-20T21:30:35Z</time></trkpt>
<trkpt lat="41.219164" lon="-81.577524">
<ele>296</ele>
<time>2026-07-20T21:30:40Z</time></trkpt>
<trkpt lat="41.219102" lon="-81.577658">
<ele>296</ele>
<time>2026-07-20T21:30:44Z</time></trkpt>
<trkpt lat="41.21906" lon="-81.57797">
<ele>298</ele>
<time>2026-07-20T21:30:52Z</time></trkpt>
<trkpt lat="41.21906" lon="-81.57797">
<ele>298</ele>
<time>2026-07-20T21:30:52Z</time></trkpt>
<trkpt lat="41.219023" lon="-81.578244">
<ele>299</ele>
<time>2026-07-20T21:30:59Z</time></trkpt>
<trkpt lat="41.21897" lon="-81.578438">
<ele>300</ele>
<time>2026-07-20T21:31:04Z</time></trkpt>
<trkpt lat="41.218938" lon="-81.578786">
<ele>299</ele>
<time>2026-07-20T21:31:13Z</time></trkpt>
<trkpt lat="41.218915" lon="-81.578849">
<ele>299</ele>
<time>2026-07-20T21:31:15Z</time></trkpt>
<trkpt lat="41.218881" lon="-81.578892">
<ele>299</ele>
<time>2026-07-20T21:31:16Z</time></trkpt>
<trkpt lat="41.218403" lon="-81.579003">
<ele>296</ele>
<time>2026-07-20T21:31:32Z</time></trkpt>
<trkpt lat="41.217924" lon="-81.579182">
<ele>294</ele>
<time>2026-07-20T21:31:49Z</time></trkpt>
<trkpt lat="41.217862" lon="-81.579191">
<ele>294</ele>
<time>2026-07-20T21:31:51Z</time></trkpt>
<trkpt lat="41.217742" lon="-81.57919">
<ele>294</ele>
<time>2026-07-20T21:31:55Z</time></trkpt>
<trkpt lat="41.217439" lon="-81.579148">
<ele>296</ele>
<time>2026-07-20T21:32:05Z</time></trkpt>
<trkpt lat="41.217087" lon="-81.578869">
<ele>298</ele>
<time>2026-07-20T21:32:18Z</time></trkpt>
<trkpt lat="41.21704" lon="-81.578797">
<ele>298</ele>
<time>2026-07-20T21:32:21Z</time></trkpt>
<trkpt lat="41.216797" lon="-81.578229">
<ele>299</ele>
<time>2026-07-20T21:32:37Z</time></trkpt>
<trkpt lat="41.216788" lon="-81.578157">
<ele>299</ele>
<time>2026-07-20T21:32:39Z</time></trkpt>
<trkpt lat="41.216822" lon="-81.578018">
<ele>299</ele>
<time>2026-07-20T21:32:42Z</time></trkpt>
<trkpt lat="41.216996" lon="-81.5778">
<ele>297</ele>
<time>2026-07-20T21:32:50Z</time></trkpt>
<trkpt lat="41.217045" lon="-81.57765">
<ele>297</ele>
<time>2026-07-20T21:32:54Z</time></trkpt>
<trkpt lat="41.217051" lon="-81.577569">
<ele>296</ele>
<time>2026-07-20T21:32:56Z</time></trkpt>
<trkpt lat="41.217016" lon="-81.577298">
<ele>296</ele>
<time>2026-07-20T21:33:03Z</time></trkpt>
<trkpt lat="41.216976" lon="-81.577177">
<ele>296</ele>
<time>2026-07-20T21:33:06Z</time></trkpt>
<trkpt lat="41.216829" lon="-81.576978">
<ele>295</ele>
<time>2026-07-20T21:33:13Z</time></trkpt>
<trkpt lat="41.216742" lon="-81.576714">
<ele>293</ele>
<time>2026-07-20T21:33:20Z</time></trkpt>
<trkpt lat="41.216704" lon="-81.576591">
<ele>293</ele>
<time>2026-07-20T21:33:23Z</time></trkpt>
<trkpt lat="41.216669" lon="-81.576521">
<ele>294</ele>
<time>2026-07-20T21:33:25Z</time></trkpt>
<trkpt lat="41.216611" lon="-81.576466">
<ele>294</ele>
<time>2026-07-20T21:33:27Z</time></trkpt>
<trkpt lat="41.216483" lon="-81.576474">
<ele>295</ele>
<time>2026-07-20T21:33:31Z</time></trkpt>
<trkpt lat="41.216434" lon="-81.576447">
<ele>295</ele>
<time>2026-07-20T21:33:33Z</time></trkpt>
<trkpt lat="41.21638" lon="-81.576348">
<ele>296</ele>
<time>2026-07-20T21:33:36Z</time></trkpt>
<trkpt lat="41.216227" lon="-81.576143">
<ele>297</ele>
<time>2026-07-20T21:33:43Z</time></trkpt>
<trkpt lat="41.216191" lon="-81.576064">
<ele>297</ele>
<time>2026-07-20T21:33:45Z</time></trkpt>
<trkpt lat="41.216178" lon="-81.575977">
<ele>297</ele>
<time>2026-07-20T21:33:47Z</time></trkpt>
<trkpt lat="41.21619" lon="-81.575925">
<ele>297</ele>
<time>2026-07-20T21:33:49Z</time></trkpt>
<trkpt lat="41.216233" lon="-81.575861">
<ele>297</ele>
<time>2026-07-20T21:33:51Z</time></trkpt>
<trkpt lat="41.216317" lon="-81.575783">
<ele>297</ele>
<time>2026-07-20T21:33:54Z</time></trkpt>
<trkpt lat="41.216439" lon="-81.575708">
<ele>296</ele>
<time>2026-07-20T21:33:58Z</time></trkpt>
<trkpt lat="41.216439" lon="-81.575707">
<ele>296</ele>
<time>2026-07-20T21:33:58Z</time></trkpt>
<trkpt lat="41.216493" lon="-81.575673">
<ele>296</ele>
<time>2026-07-20T21:34:00Z</time></trkpt>
<trkpt lat="41.216696" lon="-81.575412">
<ele>296</ele>
<time>2026-07-20T21:34:09Z</time></trkpt>
<trkpt lat="41.216714" lon="-81.575361">
<ele>295</ele>
<time>2026-07-20T21:34:11Z</time></trkpt>
<trkpt lat="41.216725" lon="-81.575192">
<ele>295</ele>
<time>2026-07-20T21:34:15Z</time></trkpt>
<trkpt lat="41.216674" lon="-81.574792">
<ele>294</ele>
<time>2026-07-20T21:34:24Z</time></trkpt>
<trkpt lat="41.216578" lon="-81.574499">
<ele>295</ele>
<time>2026-07-20T21:34:32Z</time></trkpt>
<trkpt lat="41.216572" lon="-81.574438">
<ele>295</ele>
<time>2026-07-20T21:34:33Z</time></trkpt>
<trkpt lat="41.21662" lon="-81.574181">
<ele>295</ele>
<time>2026-07-20T21:34:39Z</time></trkpt>
<trkpt lat="41.216606" lon="-81.574138">
<ele>295</ele>
<time>2026-07-20T21:34:40Z</time></trkpt>
<trkpt lat="41.216429" lon="-81.573971">
<ele>295</ele>
<time>2026-07-20T21:34:47Z</time></trkpt>
<trkpt lat="41.216397" lon="-81.573923">
<ele>294</ele>
<time>2026-07-20T21:34:48Z</time></trkpt>
<trkpt lat="41.216385" lon="-81.573849">
<ele>294</ele>
<time>2026-07-20T21:34:50Z</time></trkpt>
<trkpt lat="41.216421" lon="-81.573732">
<ele>293</ele>
<time>2026-07-20T21:34:53Z</time></trkpt>
<trkpt lat="41.216505" lon="-81.57361">
<ele>293</ele>
<time>2026-07-20T21:34:56Z</time></trkpt>
<trkpt lat="41.21655" lon="-81.573515">
<ele>293</ele>
<time>2026-07-20T21:34:59Z</time></trkpt>
<trkpt lat="41.216592" lon="-81.573312">
<ele>292</ele>
<time>2026-07-20T21:35:04Z</time></trkpt>
<trkpt lat="41.216591" lon="-81.573244">
<ele>292</ele>
<time>2026-07-20T21:35:05Z</time></trkpt>
<trkpt lat="41.216527" lon="-81.573038">
<ele>290</ele>
<time>2026-07-20T21:35:10Z</time></trkpt>
<trkpt lat="41.21652" lon="-81.572972">
<ele>290</ele>
<time>2026-07-20T21:35:12Z</time></trkpt>
<trkpt lat="41.216523" lon="-81.572923">
<ele>290</ele>
<time>2026-07-20T21:35:13Z</time></trkpt>
<trkpt lat="41.216603" lon="-81.572661">
<ele>289</ele>
<time>2026-07-20T21:35:19Z</time></trkpt>
<trkpt lat="41.216594" lon="-81.572574">
<ele>289</ele>
<time>2026-07-20T21:35:21Z</time></trkpt>
<trkpt lat="41.216533" lon="-81.572349">
<ele>288</ele>
<time>2026-07-20T21:35:27Z</time></trkpt>
<trkpt lat="41.2165394" lon="-81.5723098">
<ele>288</ele>
<time>2026-07-20T21:35:28Z</time></trkpt>
<trkpt lat="41.216591" lon="-81.571995">
<ele>287</ele>
<time>2026-07-20T21:35:35Z</time></trkpt>
<trkpt lat="41.216584" lon="-81.571806">
<ele>286</ele>
<time>2026-07-20T21:35:39Z</time></trkpt>
<trkpt lat="41.216575" lon="-81.571761">
<ele>285</ele>
<time>2026-07-20T21:35:41Z</time></trkpt>
<trkpt lat="41.216552" lon="-81.571741">
<ele>285</ele>
<time>2026-07-20T21:35:41Z</time></trkpt>
<trkpt lat="41.216552" lon="-81.571616">
<ele>284</ele>
<time>2026-07-20T21:35:41Z</time></trkpt>
<trkpt lat="41.216595" lon="-81.571428">
<ele>284</ele>
<time>2026-07-20T21:35:46Z</time></trkpt>
<trkpt lat="41.216596" lon="-81.571313">
<ele>283</ele>
<time>2026-07-20T21:35:49Z</time></trkpt>
<trkpt lat="41.216571" lon="-81.571228">
<ele>283</ele>
<time>2026-07-20T21:35:51Z</time></trkpt>
<trkpt lat="41.216463" lon="-81.57102">
<ele>282</ele>
<time>2026-07-20T21:35:57Z</time></trkpt>
<trkpt lat="41.216435" lon="-81.570919">
<ele>282</ele>
<time>2026-07-20T21:36:00Z</time></trkpt>
<trkpt lat="41.216419" lon="-81.57073">
<ele>282</ele>
<time>2026-07-20T21:36:05Z</time></trkpt>
<trkpt lat="41.216453" lon="-81.57059">
<ele>281</ele>
<time>2026-07-20T21:36:08Z</time></trkpt>
<trkpt lat="41.216549" lon="-81.570474">
<ele>281</ele>
<time>2026-07-20T21:36:13Z</time></trkpt>
<trkpt lat="41.216685" lon="-81.570344">
<ele>281</ele>
<time>2026-07-20T21:36:18Z</time></trkpt>
<trkpt lat="41.216771" lon="-81.57021">
<ele>281</ele>
<time>2026-07-20T21:36:23Z</time></trkpt>
<trkpt lat="41.217027" lon="-81.570086">
<ele>282</ele>
<time>2026-07-20T21:36:32Z</time></trkpt>
<trkpt lat="41.217104" lon="-81.570068">
<ele>283</ele>
<time>2026-07-20T21:36:34Z</time></trkpt>
<trkpt lat="41.217213" lon="-81.569985">
<ele>283</ele>
<time>2026-07-20T21:36:38Z</time></trkpt>
<trkpt lat="41.217406" lon="-81.56998">
<ele>280</ele>
<time>2026-07-20T21:36:45Z</time></trkpt>
<trkpt lat="41.217459" lon="-81.57">
<ele>280</ele>
<time>2026-07-20T21:36:47Z</time></trkpt>
<trkpt lat="41.217541" lon="-81.569942">
<ele>279</ele>
<time>2026-07-20T21:36:50Z</time></trkpt>
<trkpt lat="41.217609" lon="-81.569939">
<ele>279</ele>
<time>2026-07-20T21:36:52Z</time></trkpt>
<trkpt lat="41.21773" lon="-81.570038">
<ele>279</ele>
<time>2026-07-20T21:36:57Z</time></trkpt>
<trkpt lat="41.217802" lon="-81.570023">
<ele>279</ele>
<time>2026-07-20T21:36:59Z</time></trkpt>
<trkpt lat="41.217849" lon="-81.569976">
<ele>279</ele>
<time>2026-07-20T21:37:01Z</time></trkpt>
<trkpt lat="41.217907" lon="-81.569856">
<ele>279</ele>
<time>2026-07-20T21:37:05Z</time></trkpt>
<trkpt lat="41.217948" lon="-81.569651">
<ele>279</ele>
<time>2026-07-20T21:37:10Z</time></trkpt>
<trkpt lat="41.217948" lon="-81.569651">
<ele>279</ele>
<time>2026-07-20T21:37:10Z</time></trkpt>
<trkpt lat="41.21796" lon="-81.569455">
<ele>279</ele>
<time>2026-07-20T21:37:15Z</time></trkpt>
<trkpt lat="41.217992" lon="-81.56937">
<ele>280</ele>
<time>2026-07-20T21:37:17Z</time></trkpt>
<trkpt lat="41.218056" lon="-81.569276">
<ele>282</ele>
<time>2026-07-20T21:37:21Z</time></trkpt>
<trkpt lat="41.218068" lon="-81.569216">
<ele>283</ele>
<time>2026-07-20T21:37:22Z</time></trkpt>
<trkpt lat="41.218174" lon="-81.569064">
<ele>284</ele>
<time>2026-07-20T21:37:27Z</time></trkpt>
<trkpt lat="41.218217" lon="-81.569029">
<ele>285</ele>
<time>2026-07-20T21:37:29Z</time></trkpt>
<trkpt lat="41.218392" lon="-81.569031">
<ele>286</ele>
<time>2026-07-20T21:37:35Z</time></trkpt>
<trkpt lat="41.218527" lon="-81.568991">
<ele>287</ele>
<time>2026-07-20T21:37:40Z</time></trkpt>
<trkpt lat="41.218587" lon="-81.568961">
<ele>288</ele>
<time>2026-07-20T21:37:43Z</time></trkpt>
<trkpt lat="41.218617" lon="-81.568925">
<ele>288</ele>
<time>2026-07-20T21:37:44Z</time></trkpt>
<trkpt lat="41.218639" lon="-81.568856">
<ele>288</ele>
<time>2026-07-20T21:37:46Z</time></trkpt>
<trkpt lat="41.218643" lon="-81.568781">
<ele>289</ele>
<time>2026-07-20T21:37:48Z</time></trkpt>
<trkpt lat="41.218594" lon="-81.568643">
<ele>290</ele>
<time>2026-07-20T21:37:52Z</time></trkpt>
<trkpt lat="41.2186" lon="-81.568554">
<ele>290</ele>
<time>2026-07-20T21:37:55Z</time></trkpt>
<trkpt lat="41.218812" lon="-81.568155">
<ele>293</ele>
<time>2026-07-20T21:38:08Z</time></trkpt>
<trkpt lat="41.21891" lon="-81.568022">
<ele>293</ele>
<time>2026-07-20T21:38:13Z</time></trkpt>
<trkpt lat="41.219041" lon="-81.567896">
<ele>292</ele>
<time>2026-07-20T21:38:18Z</time></trkpt>
<trkpt lat="41.219347" lon="-81.567659">
<ele>291</ele>
<time>2026-07-20T21:38:31Z</time></trkpt>
<trkpt lat="41.21944" lon="-81.567621">
<ele>291</ele>
<time>2026-07-20T21:38:35Z</time></trkpt>
<trkpt lat="41.219557" lon="-81.567602">
<ele>290</ele>
<time>2026-07-20T21:38:39Z</time></trkpt>
<trkpt lat="41.21982" lon="-81.567612">
<ele>289</ele>
<time>2026-07-20T21:38:48Z</time></trkpt>
<trkpt lat="41.220048" lon="-81.567709">
<ele>288</ele>
<time>2026-07-20T21:38:57Z</time></trkpt>
<trkpt lat="41.220203" lon="-81.567699">
<ele>288</ele>
<time>2026-07-20T21:39:02Z</time></trkpt>
<trkpt lat="41.220455" lon="-81.567787">
<ele>287</ele>
<time>2026-07-20T21:39:11Z</time></trkpt>
<trkpt lat="41.220611" lon="-81.567796">
<ele>287</ele>
<time>2026-07-20T21:39:17Z</time></trkpt>
<trkpt lat="41.22067" lon="-81.567819">
<ele>286</ele>
<time>2026-07-20T21:39:19Z</time></trkpt>
<trkpt lat="41.220926" lon="-81.568005">
<ele>284</ele>
<time>2026-07-20T21:39:29Z</time></trkpt>
<trkpt lat="41.221567" lon="-81.568836">
<ele>281</ele>
<time>2026-07-20T21:40:00Z</time></trkpt>
<trkpt lat="41.221625" lon="-81.568931">
<ele>282</ele>
<time>2026-07-20T21:40:04Z</time></trkpt>
<trkpt lat="41.221655" lon="-81.569014">
<ele>282</ele>
<time>2026-07-20T21:40:06Z</time></trkpt>
<trkpt lat="41.221666" lon="-81.569208">
<ele>283</ele>
<time>2026-07-20T21:40:11Z</time></trkpt>
<trkpt lat="41.221635" lon="-81.56941">
<ele>284</ele>
<time>2026-07-20T21:40:17Z</time></trkpt>
<trkpt lat="41.221587" lon="-81.569549">
<ele>284</ele>
<time>2026-07-20T21:40:21Z</time></trkpt>
<trkpt lat="41.221583" lon="-81.569626">
<ele>285</ele>
<time>2026-07-20T21:40:23Z</time></trkpt>
<trkpt lat="41.221622" lon="-81.569717">
<ele>285</ele>
<time>2026-07-20T21:40:25Z</time></trkpt>
<trkpt lat="41.221708" lon="-81.569767">
<ele>286</ele>
<time>2026-07-20T21:40:29Z</time></trkpt>
<trkpt lat="41.221702" lon="-81.569875">
<ele>286</ele>
<time>2026-07-20T21:40:31Z</time></trkpt>
<trkpt lat="41.221591" lon="-81.570128">
<ele>287</ele>
<time>2026-07-20T21:40:39Z</time></trkpt>
<trkpt lat="41.221565" lon="-81.570347">
<ele>288</ele>
<time>2026-07-20T21:40:45Z</time></trkpt>
<trkpt lat="41.221503" lon="-81.570472">
<ele>288</ele>
<time>2026-07-20T21:40:49Z</time></trkpt>
<trkpt lat="41.221503" lon="-81.570472">
<ele>288</ele>
<time>2026-07-20T21:40:49Z</time></trkpt>
<trkpt lat="41.221483" lon="-81.570511">
<ele>288</ele>
<time>2026-07-20T21:40:50Z</time></trkpt>
<trkpt lat="41.221467" lon="-81.570653">
<ele>289</ele>
<time>2026-07-20T21:40:54Z</time></trkpt>
<trkpt lat="41.221405" lon="-81.570798">
<ele>289</ele>
<time>2026-07-20T21:40:58Z</time></trkpt>
<trkpt lat="41.221374" lon="-81.570934">
<ele>289</ele>
<time>2026-07-20T21:41:02Z</time></trkpt>
<trkpt lat="41.221463" lon="-81.571268">
<ele>291</ele>
<time>2026-07-20T21:41:12Z</time></trkpt>
<trkpt lat="41.22147" lon="-81.571366">
<ele>291</ele>
<time>2026-07-20T21:41:14Z</time></trkpt>
<trkpt lat="41.221405" lon="-81.571804">
<ele>293</ele>
<time>2026-07-20T21:41:26Z</time></trkpt>
<trkpt lat="41.221329" lon="-81.572037">
<ele>293</ele>
<time>2026-07-20T21:41:33Z</time></trkpt>
<trkpt lat="41.221124" lon="-81.572465">
<ele>293</ele>
<time>2026-07-20T21:41:47Z</time></trkpt>
<trkpt lat="41.221075" lon="-81.572656">
<ele>293</ele>
<time>2026-07-20T21:41:52Z</time></trkpt>
<trkpt lat="41.221097" lon="-81.572981">
<ele>293</ele>
<time>2026-07-20T21:42:01Z</time></trkpt>
<trkpt lat="41.221089" lon="-81.573256">
<ele>293</ele>
<time>2026-07-20T21:42:08Z</time></trkpt>
<trkpt lat="41.221135" lon="-81.573442">
<ele>293</ele>
<time>2026-07-20T21:42:14Z</time></trkpt>
<trkpt lat="41.221141" lon="-81.57353">
<ele>292</ele>
<time>2026-07-20T21:42:16Z</time></trkpt>
<trkpt lat="41.221129" lon="-81.574071">
<ele>292</ele>
<time>2026-07-20T21:42:30Z</time></trkpt>
<trkpt lat="41.221108" lon="-81.574109">
<ele>292</ele>
<time>2026-07-20T21:42:32Z</time></trkpt>
<trkpt lat="41.220948" lon="-81.5742">
<ele>292</ele>
<time>2026-07-20T21:42:38Z</time></trkpt>
<trkpt lat="41.220915" lon="-81.574236">
<ele>292</ele>
<time>2026-07-20T21:42:39Z</time></trkpt>
<trkpt lat="41.220792" lon="-81.574525">
<ele>292</ele>
<time>2026-07-20T21:42:48Z</time></trkpt>
<trkpt lat="41.220748" lon="-81.574569">
<ele>292</ele>
<time>2026-07-20T21:42:50Z</time></trkpt>
<trkpt lat="41.220557" lon="-81.57467">
<ele>292</ele>
<time>2026-07-20T21:42:58Z</time></trkpt>
<trkpt lat="41.220468" lon="-81.574767">
<ele>292</ele>
<time>2026-07-20T21:43:02Z</time></trkpt>
<trkpt lat="41.220343" lon="-81.57482">
<ele>291</ele>
<time>2026-07-20T21:43:07Z</time></trkpt>
<trkpt lat="41.220261" lon="-81.575123">
<ele>291</ele>
<time>2026-07-20T21:43:16Z</time></trkpt>
<trkpt lat="41.220239" lon="-81.575373">
<ele>291</ele>
<time>2026-07-20T21:43:23Z</time></trkpt>
<trkpt lat="41.220163" lon="-81.575746">
<ele>290</ele>
<time>2026-07-20T21:43:33Z</time></trkpt>
<trkpt lat="41.220155" lon="-81.575821">
<ele>291</ele>
<time>2026-07-20T21:43:35Z</time></trkpt>
<trkpt lat="41.220175" lon="-81.575956">
<ele>291</ele>
<time>2026-07-20T21:43:39Z</time></trkpt>
<trkpt lat="41.220215" lon="-81.575917">
<ele>291</ele>
<time>2026-07-20T21:43:41Z</time></trkpt>
<trkpt lat="41.220284" lon="-81.57592">
<ele>291</ele>
<time>2026-07-20T21:43:43Z</time></trkpt>
<trkpt lat="41.220439" lon="-81.576062">
<ele>293</ele>
<time>2026-07-20T21:43:50Z</time></trkpt>
<trkpt lat="41.220558" lon="-81.576305">
<ele>293</ele>
<time>2026-07-20T21:43:58Z</time></trkpt>
<trkpt lat="41.220761" lon="-81.576518">
<ele>295</ele>
<time>2026-07-20T21:44:08Z</time></trkpt>
<trkpt lat="41.220814" lon="-81.576597">
<ele>295</ele>
<time>2026-07-20T21:44:11Z</time></trkpt>
<trkpt lat="41.220866" lon="-81.576732">
<ele>295</ele>
<time>2026-07-20T21:44:15Z</time></trkpt>
<trkpt lat="41.220896" lon="-81.576956">
<ele>295</ele>
<time>2026-07-20T21:44:21Z</time></trkpt>
<trkpt lat="41.220949" lon="-81.57707">
<ele>296</ele>
<time>2026-07-20T21:44:25Z</time></trkpt>
<trkpt lat="41.221213" lon="-81.577291">
<ele>297</ele>
<time>2026-07-20T21:44:37Z</time></trkpt>
<trkpt lat="41.221213" lon="-81.577291">
<ele>297</ele>
<time>2026-07-20T21:44:37Z</time></trkpt>
<trkpt lat="41.221284" lon="-81.577351">
<ele>297</ele>
<time>2026-07-20T21:44:40Z</time></trkpt>
<trkpt lat="41.221834" lon="-81.578105">
<ele>301</ele>
<time>2026-07-20T21:45:11Z</time></trkpt>
<trkpt lat="41.221924" lon="-81.578154">
<ele>301</ele>
<time>2026-07-20T21:45:15Z</time></trkpt>
<trkpt lat="41.222132" lon="-81.578149">
<ele>302</ele>
<time>2026-07-20T21:45:23Z</time></trkpt>
<trkpt lat="41.222191" lon="-81.578173">
<ele>302</ele>
<time>2026-07-20T21:45:26Z</time></trkpt>
<trkpt lat="41.222428" lon="-81.57849">
<ele>303</ele>
<time>2026-07-20T21:45:39Z</time></trkpt>
<trkpt lat="41.22279" lon="-81.578871">
<ele>303</ele>
<time>2026-07-20T21:45:58Z</time></trkpt>
<trkpt lat="41.222961" lon="-81.579093">
<ele>303</ele>
<time>2026-07-20T21:46:07Z</time></trkpt>
<trkpt lat="41.223014" lon="-81.57919">
<ele>304</ele>
<time>2026-07-20T21:46:11Z</time></trkpt>
<trkpt lat="41.223021" lon="-81.579287">
<ele>304</ele>
<time>2026-07-20T21:46:14Z</time></trkpt>
<trkpt lat="41.222971" lon="-81.579539">
<ele>304</ele>
<time>2026-07-20T21:46:21Z</time></trkpt>
<trkpt lat="41.222977" lon="-81.579823">
<ele>303</ele>
<time>2026-07-20T21:46:29Z</time></trkpt>
<trkpt lat="41.222966" lon="-81.579891">
<ele>303</ele>
<time>2026-07-20T21:46:31Z</time></trkpt>
<trkpt lat="41.222865" lon="-81.580128">
<ele>303</ele>
<time>2026-07-20T21:46:38Z</time></trkpt>
<trkpt lat="41.222763" lon="-81.580263">
<ele>302</ele>
<time>2026-07-20T21:46:43Z</time></trkpt>
<trkpt lat="41.222659" lon="-81.580335">
<ele>301</ele>
<time>2026-07-20T21:46:47Z</time></trkpt>
<trkpt lat="41.222469" lon="-81.580377">
<ele>301</ele>
<time>2026-07-20T21:46:53Z</time></trkpt>
<trkpt lat="41.221851" lon="-81.580333">
<ele>300</ele>
<time>2026-07-20T21:47:14Z</time></trkpt>
<trkpt lat="41.221654" lon="-81.580479">
<ele>299</ele>
<time>2026-07-20T21:47:21Z</time></trkpt>
<trkpt lat="41.22148" lon="-81.580461">
<ele>299</ele>
<time>2026-07-20T21:47:27Z</time></trkpt>
<trkpt lat="41.221438" lon="-81.580489">
<ele>299</ele>
<time>2026-07-20T21:47:28Z</time></trkpt>
<trkpt lat="41.221416" lon="-81.580594">
<ele>299</ele>
<time>2026-07-20T21:47:31Z</time></trkpt>
<trkpt lat="41.221426" lon="-81.581683">
<ele>302</ele>
<time>2026-07-20T21:47:58Z</time></trkpt>
<trkpt lat="41.221448" lon="-81.58176">
<ele>303</ele>
<time>2026-07-20T21:48:00Z</time></trkpt>
<trkpt lat="41.221499" lon="-81.581853">
<ele>303</ele>
<time>2026-07-20T21:48:03Z</time></trkpt>
<trkpt lat="41.221663" lon="-81.58201">
<ele>304</ele>
<time>2026-07-20T21:48:11Z</time></trkpt>
<trkpt lat="41.221727" lon="-81.58203">
<ele>305</ele>
<time>2026-07-20T21:48:13Z</time></trkpt>
<trkpt lat="41.222107" lon="-81.582015">
<ele>305</ele>
<time>2026-07-20T21:48:28Z</time></trkpt>
<trkpt lat="41.222513" lon="-81.581761">
<ele>306</ele>
<time>2026-07-20T21:48:45Z</time></trkpt>
<trkpt lat="41.222675" lon="-81.581763">
<ele>306</ele>
<time>2026-07-20T21:48:51Z</time></trkpt>
<trkpt lat="41.22282" lon="-81.581827">
<ele>307</ele>
<time>2026-07-20T21:48:57Z</time></trkpt>
<trkpt lat="41.223155" lon="-81.581716">
<ele>306</ele>
<time>2026-07-20T21:49:10Z</time></trkpt>
<trkpt lat="41.223486" lon="-81.5818">
<ele>308</ele>
<time>2026-07-20T21:49:23Z</time></trkpt>
<trkpt lat="41.224174" lon="-81.581694">
<ele>309</ele>
<time>2026-07-20T21:49:49Z</time></trkpt>
<trkpt lat="41.224367" lon="-81.581633">
<ele>309</ele>
<time>2026-07-20T21:49:57Z</time></trkpt>
<trkpt lat="41.224367" lon="-81.581633">
<ele>309</ele>
<time>2026-07-20T21:49:57Z</time></trkpt>
<trkpt lat="41.224514" lon="-81.581586">
<ele>310</ele>
<time>2026-07-20T21:50:01Z</time></trkpt>
<trkpt lat="41.224649" lon="-81.581516">
<ele>310</ele>
<time>2026-07-20T21:50:06Z</time></trkpt>
<trkpt lat="41.224974" lon="-81.58112">
<ele>308</ele>
<time>2026-07-20T21:50:19Z</time></trkpt>
<trkpt lat="41.225002" lon="-81.58104">
<ele>307</ele>
<time>2026-07-20T21:50:21Z</time></trkpt>
<trkpt lat="41.225074" lon="-81.580589">
<ele>305</ele>
<time>2026-07-20T21:50:31Z</time></trkpt>
<trkpt lat="41.224999" lon="-81.580251">
<ele>304</ele>
<time>2026-07-20T21:50:39Z</time></trkpt>
<trkpt lat="41.224994" lon="-81.580072">
<ele>303</ele>
<time>2026-07-20T21:50:43Z</time></trkpt>
<trkpt lat="41.224977" lon="-81.579985">
<ele>303</ele>
<time>2026-07-20T21:50:45Z</time></trkpt>
<trkpt lat="41.2249" lon="-81.579867">
<ele>302</ele>
<time>2026-07-20T21:50:49Z</time></trkpt>
<trkpt lat="41.224771" lon="-81.579795">
<ele>303</ele>
<time>2026-07-20T21:50:53Z</time></trkpt>
<trkpt lat="41.224739" lon="-81.579748">
<ele>303</ele>
<time>2026-07-20T21:50:55Z</time></trkpt>
<trkpt lat="41.2247" lon="-81.57951">
<ele>303</ele>
<time>2026-07-20T21:51:00Z</time></trkpt>
<trkpt lat="41.224723" lon="-81.579392">
<ele>303</ele>
<time>2026-07-20T21:51:03Z</time></trkpt>
<trkpt lat="41.22479" lon="-81.579273">
<ele>301</ele>
<time>2026-07-20T21:51:06Z</time></trkpt>
<trkpt lat="41.2248" lon="-81.579223">
<ele>301</ele>
<time>2026-07-20T21:51:07Z</time></trkpt>
<trkpt lat="41.22478" lon="-81.57895">
<ele>301</ele>
<time>2026-07-20T21:51:14Z</time></trkpt>
<trkpt lat="41.224852" lon="-81.578577">
<ele>298</ele>
<time>2026-07-20T21:51:22Z</time></trkpt>
<trkpt lat="41.224837" lon="-81.578403">
<ele>297</ele>
<time>2026-07-20T21:51:26Z</time></trkpt>
<trkpt lat="41.224811" lon="-81.578319">
<ele>298</ele>
<time>2026-07-20T21:51:28Z</time></trkpt>
<trkpt lat="41.224758" lon="-81.578226">
<ele>299</ele>
<time>2026-07-20T21:51:31Z</time></trkpt>
<trkpt lat="41.224441" lon="-81.577868">
<ele>299</ele>
<time>2026-07-20T21:51:45Z</time></trkpt>
<trkpt lat="41.224379" lon="-81.577833">
<ele>298</ele>
<time>2026-07-20T21:51:47Z</time></trkpt>
<trkpt lat="41.224123" lon="-81.577772">
<ele>298</ele>
<time>2026-07-20T21:51:55Z</time></trkpt>
<trkpt lat="41.223995" lon="-81.57772">
<ele>297</ele>
<time>2026-07-20T21:52:00Z</time></trkpt>
<trkpt lat="41.223877" lon="-81.577631">
<ele>297</ele>
<time>2026-07-20T21:52:04Z</time></trkpt>
<trkpt lat="41.223827" lon="-81.577526">
<ele>297</ele>
<time>2026-07-20T21:52:07Z</time></trkpt>
<trkpt lat="41.22372" lon="-81.577161">
<ele>297</ele>
<time>2026-07-20T21:52:17Z</time></trkpt>
<trkpt lat="41.223675" lon="-81.577057">
<ele>296</ele>
<time>2026-07-20T21:52:20Z</time></trkpt>
<trkpt lat="41.223615" lon="-81.576996">
<ele>295</ele>
<time>2026-07-20T21:52:22Z</time></trkpt>
<trkpt lat="41.223501" lon="-81.576941">
<ele>295</ele>
<time>2026-07-20T21:52:26Z</time></trkpt>
<trkpt lat="41.22345" lon="-81.576947">
<ele>296</ele>
<time>2026-07-20T21:52:28Z</time></trkpt>
<trkpt lat="41.223242" lon="-81.577068">
<ele>297</ele>
<time>2026-07-20T21:52:35Z</time></trkpt>
<trkpt lat="41.223162" lon="-81.577053">
<ele>297</ele>
<time>2026-07-20T21:52:38Z</time></trkpt>
<trkpt lat="41.223111" lon="-81.576949">
<ele>297</ele>
<time>2026-07-20T21:52:41Z</time></trkpt>
<trkpt lat="41.223093" lon="-81.576808">
<ele>297</ele>
<time>2026-07-20T21:52:44Z</time></trkpt>
<trkpt lat="41.223102" lon="-81.57674">
<ele>297</ele>
<time>2026-07-20T21:52:46Z</time></trkpt>
<trkpt lat="41.22314" lon="-81.576673">
<ele>296</ele>
<time>2026-07-20T21:52:48Z</time></trkpt>
<trkpt lat="41.223507" lon="-81.576292">
<ele>296</ele>
<time>2026-07-20T21:53:03Z</time></trkpt>
<trkpt lat="41.223884" lon="-81.57607">
<ele>294</ele>
<time>2026-07-20T21:53:16Z</time></trkpt>
<trkpt lat="41.223946" lon="-81.575952">
<ele>293</ele>
<time>2026-07-20T21:53:20Z</time></trkpt>
<trkpt lat="41.223934" lon="-81.575799">
<ele>294</ele>
<time>2026-07-20T21:53:24Z</time></trkpt>
<trkpt lat="41.223865" lon="-81.575416">
<ele>295</ele>
<time>2026-07-20T21:53:33Z</time></trkpt>
<trkpt lat="41.223857" lon="-81.575272">
<ele>295</ele>
<time>2026-07-20T21:53:37Z</time></trkpt>
<trkpt lat="41.223887" lon="-81.574977">
<ele>295</ele>
<time>2026-07-20T21:53:44Z</time></trkpt>
<trkpt lat="41.223881" lon="-81.57491">
<ele>294</ele>
<time>2026-07-20T21:53:46Z</time></trkpt>
<trkpt lat="41.223835" lon="-81.574744">
<ele>293</ele>
<time>2026-07-20T21:53:50Z</time></trkpt>
<trkpt lat="41.223714" lon="-81.574578">
<ele>294</ele>
<time>2026-07-20T21:53:56Z</time></trkpt>
<trkpt lat="41.223691" lon="-81.57451">
<ele>294</ele>
<time>2026-07-20T21:53:57Z</time></trkpt>
<trkpt lat="41.22369" lon="-81.574425">
<ele>293</ele>
<time>2026-07-20T21:53:59Z</time></trkpt>
<trkpt lat="41.223739" lon="-81.574216">
<ele>291</ele>
<time>2026-07-20T21:54:05Z</time></trkpt>
<trkpt lat="41.223785" lon="-81.573856">
<ele>292</ele>
<time>2026-07-20T21:54:14Z</time></trkpt>
<trkpt lat="41.223783" lon="-81.573625">
<ele>292</ele>
<time>2026-07-20T21:54:19Z</time></trkpt>
<trkpt lat="41.223826" lon="-81.573446">
<ele>293</ele>
<time>2026-07-20T21:54:24Z</time></trkpt>
<trkpt lat="41.223968" lon="-81.573263">
<ele>292</ele>
<time>2026-07-20T21:54:30Z</time></trkpt>
<trkpt lat="41.224101" lon="-81.572997">
<ele>292</ele>
<time>2026-07-20T21:54:38Z</time></trkpt>
<trkpt lat="41.224287" lon="-81.572806">
<ele>290</ele>
<time>2026-07-20T21:54:46Z</time></trkpt>
<trkpt lat="41.22444" lon="-81.572537">
<ele>289</ele>
<time>2026-07-20T21:54:54Z</time></trkpt>
<trkpt lat="41.224453" lon="-81.572479">
<ele>290</ele>
<time>2026-07-20T21:54:55Z</time></trkpt>
<trkpt lat="41.224443" lon="-81.572421">
<ele>290</ele>
<time>2026-07-20T21:54:57Z</time></trkpt>
<trkpt lat="41.224408" lon="-81.572361">
<ele>290</ele>
<time>2026-07-20T21:54:58Z</time></trkpt>
<trkpt lat="41.224319" lon="-81.572287">
<ele>290</ele>
<time>2026-07-20T21:55:02Z</time></trkpt>
<trkpt lat="41.224061" lon="-81.572231">
<ele>290</ele>
<time>2026-07-20T21:55:10Z</time></trkpt>
<trkpt lat="41.223984" lon="-81.572194">
<ele>290</ele>
<time>2026-07-20T21:55:13Z</time></trkpt>
<trkpt lat="41.223919" lon="-81.572129">
<ele>290</ele>
<time>2026-07-20T21:55:15Z</time></trkpt>
<trkpt lat="41.223867" lon="-81.572038">
<ele>289</ele>
<time>2026-07-20T21:55:18Z</time></trkpt>
<trkpt lat="41.223838" lon="-81.571939">
<ele>289</ele>
<time>2026-07-20T21:55:20Z</time></trkpt>
<trkpt lat="41.223843" lon="-81.571723">
<ele>289</ele>
<time>2026-07-20T21:55:25Z</time></trkpt>
<trkpt lat="41.22394" lon="-81.57114">
<ele>288</ele>
<time>2026-07-20T21:55:40Z</time></trkpt>
<trkpt lat="41.22393" lon="-81.570922">
<ele>288</ele>
<time>2026-07-20T21:55:45Z</time></trkpt>
<trkpt lat="41.22393" lon="-81.570922">
<ele>288</ele>
<time>2026-07-20T21:55:45Z</time></trkpt>
<trkpt lat="41.223915" lon="-81.570566">
<ele>288</ele>
<time>2026-07-20T21:55:53Z</time></trkpt>
<trkpt lat="41.223961" lon="-81.570052">
<ele>287</ele>
<time>2026-07-20T21:56:06Z</time></trkpt>
<trkpt lat="41.224101" lon="-81.569237">
<ele>286</ele>
<time>2026-07-20T21:56:25Z</time></trkpt>
<trkpt lat="41.224142" lon="-81.569068">
<ele>287</ele>
<time>2026-07-20T21:56:30Z</time></trkpt>
<trkpt lat="41.225138" lon="-81.565942">
<ele>277</ele>
<time>2026-07-20T21:57:49Z</time></trkpt>
<trkpt lat="41.225158" lon="-81.565832">
<ele>277</ele>
<time>2026-07-20T21:57:51Z</time></trkpt>
<trkpt lat="41.225177" lon="-81.565291">
<ele>275</ele>
<time>2026-07-20T21:58:02Z</time></trkpt>
<trkpt lat="41.225219" lon="-81.564948">
<ele>273</ele>
<time>2026-07-20T21:58:09Z</time></trkpt>
<trkpt lat="41.22539" lon="-81.564274">
<ele>269</ele>
<time>2026-07-20T21:58:24Z</time></trkpt>
<trkpt lat="41.225466" lon="-81.563884">
<ele>267</ele>
<time>2026-07-20T21:58:32Z</time></trkpt>
<trkpt lat="41.225491" lon="-81.563392">
<ele>265</ele>
<time>2026-07-20T21:58:42Z</time></trkpt>
<trkpt lat="41.225533" lon="-81.562952">
<ele>262</ele>
<time>2026-07-20T21:58:50Z</time></trkpt>
<trkpt lat="41.22552" lon="-81.562824">
<ele>261</ele>
<time>2026-07-20T21:58:53Z</time></trkpt>
<trkpt lat="41.225487" lon="-81.56269">
<ele>260</ele>
<time>2026-07-20T21:58:56Z</time></trkpt>
<trkpt lat="41.225348" lon="-81.562246">
<ele>255</ele>
<time>2026-07-20T21:59:06Z</time></trkpt>
<trkpt lat="41.225321" lon="-81.562005">
<ele>253</ele>
<time>2026-07-20T21:59:10Z</time></trkpt>
<trkpt lat="41.22533" lon="-81.56189">
<ele>252</ele>
<time>2026-07-20T21:59:12Z</time></trkpt>
<trkpt lat="41.225396" lon="-81.561581">
<ele>249</ele>
<time>2026-07-20T21:59:18Z</time></trkpt>
<trkpt lat="41.225405" lon="-81.561306">
<ele>245</ele>
<time>2026-07-20T21:59:23Z</time></trkpt>
<trkpt lat="41.225359" lon="-81.561118">
<ele>242</ele>
<time>2026-07-20T21:59:27Z</time></trkpt>
<trkpt lat="41.225314" lon="-81.56105">
<ele>241</ele>
<time>2026-07-20T21:59:29Z</time></trkpt>
<trkpt lat="41.225111" lon="-81.560876">
<ele>238</ele>
<time>2026-07-20T21:59:35Z</time></trkpt>
<trkpt lat="41.225033" lon="-81.560752">
<ele>237</ele>
<time>2026-07-20T21:59:38Z</time></trkpt>
<trkpt lat="41.224966" lon="-81.560442">
<ele>238</ele>
<time>2026-07-20T21:59:44Z</time></trkpt>
<trkpt lat="41.22492" lon="-81.559805">
<ele>238</ele>
<time>2026-07-20T21:59:56Z</time></trkpt>
<trkpt lat="41.22492" lon="-81.559805">
<ele>238</ele>
<time>2026-07-20T21:59:56Z</time></trkpt>
<trkpt lat="41.224886" lon="-81.559326">
<ele>234</ele>
<time>2026-07-20T22:00:05Z</time></trkpt>
<trkpt lat="41.224817" lon="-81.558982">
<ele>228</ele>
<time>2026-07-20T22:00:11Z</time></trkpt>
<trkpt lat="41.224695" lon="-81.558554">
<ele>223</ele>
<time>2026-07-20T22:00:20Z</time></trkpt>
<trkpt lat="41.224609" lon="-81.558183">
<ele>220</ele>
<time>2026-07-20T22:00:29Z</time></trkpt>
<trkpt lat="41.224416" lon="-81.557697">
<ele>218</ele>
<time>2026-07-20T22:00:42Z</time></trkpt>
<trkpt lat="41.225201" lon="-81.557174">
<ele>218</ele>
<time>2026-07-20T22:01:09Z</time></trkpt>
<trkpt lat="41.2248599" lon="-81.5562773">
<ele>216</ele>
<time>2026-07-20T22:01:32Z</time></trkpt>
<trkpt lat="41.224868" lon="-81.556294">
<ele>215</ele>
<time>2026-07-20T22:01:32Z</time></trkpt>
<trkpt lat="41.223269" lon="-81.557627">
<ele>215</ele>
<time>2026-07-20T22:02:34Z</time></trkpt>
<trkpt lat="41.22289" lon="-81.558034">
<ele>215</ele>
<time>2026-07-20T22:02:50Z</time></trkpt>
<trkpt lat="41.222539" lon="-81.558504">
<ele>215</ele>
<time>2026-07-20T22:03:06Z</time></trkpt>
<trkpt lat="41.222313" lon="-81.558768">
<ele>215</ele>
<time>2026-07-20T22:03:16Z</time></trkpt>
<trkpt lat="41.222162" lon="-81.558898">
<ele>215</ele>
<time>2026-07-20T22:03:22Z</time></trkpt>
<trkpt lat="41.221928" lon="-81.559051">
<ele>214</ele>
<time>2026-07-20T22:03:31Z</time></trkpt>
<trkpt lat="41.221729" lon="-81.559147">
<ele>214</ele>
<time>2026-07-20T22:03:38Z</time></trkpt>
<trkpt lat="41.220741" lon="-81.559429">
<ele>215</ele>
<time>2026-07-20T22:04:12Z</time></trkpt>
<trkpt lat="41.220313" lon="-81.559606">
<ele>214</ele>
<time>2026-07-20T22:04:28Z</time></trkpt>
<trkpt lat="41.220115" lon="-81.559728">
<ele>216</ele>
<time>2026-07-20T22:04:35Z</time></trkpt>
<trkpt lat="41.219362" lon="-81.560265">
<ele>216</ele>
<time>2026-07-20T22:05:04Z</time></trkpt>
<trkpt lat="41.218574" lon="-81.560797">
<ele>215</ele>
<time>2026-07-20T22:05:34Z</time></trkpt>
<trkpt lat="41.218447" lon="-81.560866">
<ele>215</ele>
<time>2026-07-20T22:05:38Z</time></trkpt>
<trkpt lat="41.218102" lon="-81.560983">
<ele>215</ele>
<time>2026-07-20T22:05:50Z</time></trkpt>
<trkpt lat="41.217239" lon="-81.561148">
<ele>217</ele>
<time>2026-07-20T22:06:19Z</time></trkpt>
<trkpt lat="41.217097" lon="-81.561199">
<ele>217</ele>
<time>2026-07-20T22:06:24Z</time></trkpt>
<trkpt lat="41.216994" lon="-81.561276">
<ele>216</ele>
<time>2026-07-20T22:06:28Z</time></trkpt>
<trkpt lat="41.21687" lon="-81.561401">
<ele>216</ele>
<time>2026-07-20T22:06:33Z</time></trkpt>
<trkpt lat="41.216422" lon="-81.562025">
<ele>215</ele>
<time>2026-07-20T22:06:55Z</time></trkpt>
<trkpt lat="41.216132" lon="-81.56235">
<ele>215</ele>
<time>2026-07-20T22:07:07Z</time></trkpt>
<trkpt lat="41.215163" lon="-81.5632">
<ele>215</ele>
<time>2026-07-20T22:07:46Z</time></trkpt>
<trkpt lat="41.213257" lon="-81.564819">
<ele>215</ele>
<time>2026-07-20T22:09:01Z</time></trkpt>
<trkpt lat="41.212089" lon="-81.565647">
<ele>215</ele>
<time>2026-07-20T22:09:45Z</time></trkpt>
<trkpt lat="41.211761" lon="-81.565856">
<ele>215</ele>
<time>2026-07-20T22:09:57Z</time></trkpt>
<trkpt lat="41.211407" lon="-81.566115">
<ele>215</ele>
<time>2026-07-20T22:10:11Z</time></trkpt>
<trkpt lat="41.209826" lon="-81.567182">
<ele>216</ele>
<time>2026-07-20T22:11:11Z</time></trkpt>
<trkpt lat="41.209065" lon="-81.567737">
<ele>215</ele>
<time>2026-07-20T22:11:41Z</time></trkpt>
<trkpt lat="41.208064" lon="-81.568377">
<ele>216</ele>
<time>2026-07-20T22:12:18Z</time></trkpt>
<trkpt lat="41.207527" lon="-81.568752">
<ele>216</ele>
<time>2026-07-20T22:12:38Z</time></trkpt>
<trkpt lat="41.207527" lon="-81.568752">
<ele>216</ele>
<time>2026-07-20T22:12:38Z</time></trkpt>
<trkpt lat="41.207032" lon="-81.569097">
<ele>216</ele>
<time>2026-07-20T22:12:57Z</time></trkpt>
<trkpt lat="41.205152" lon="-81.570323">
<ele>217</ele>
<time>2026-07-20T22:14:08Z</time></trkpt>
<trkpt lat="41.203886" lon="-81.571363">
<ele>218</ele>
<time>2026-07-20T22:15:00Z</time></trkpt>
<trkpt lat="41.203098" lon="-81.572169">
<ele>218</ele>
<time>2026-07-20T22:15:33Z</time></trkpt>
<trkpt lat="41.202826" lon="-81.572382">
<ele>218</ele>
<time>2026-07-20T22:15:44Z</time></trkpt>
<trkpt lat="41.202682" lon="-81.572453">
<ele>218</ele>
<time>2026-07-20T22:15:49Z</time></trkpt>
<trkpt lat="41.202434" lon="-81.572515">
<ele>218</ele>
<time>2026-07-20T22:15:57Z</time></trkpt>
<trkpt lat="41.202284" lon="-81.572517">
<ele>219</ele>
<time>2026-07-20T22:16:02Z</time></trkpt>
<trkpt lat="41.201944" lon="-81.572458">
<ele>218</ele>
<time>2026-07-20T22:16:14Z</time></trkpt>
<trkpt lat="41.201701" lon="-81.572372">
<ele>218</ele>
<time>2026-07-20T22:16:22Z</time></trkpt>
<trkpt lat="41.201355" lon="-81.572285">
<ele>218</ele>
<time>2026-07-20T22:16:33Z</time></trkpt>
<trkpt lat="41.201141" lon="-81.571846">
<ele>217</ele>
<time>2026-07-20T22:16:46Z</time></trkpt>
<trkpt lat="41.201004" lon="-81.571653">
<ele>218</ele>
<time>2026-07-20T22:16:53Z</time></trkpt>
<trkpt lat="41.200948" lon="-81.571478">
<ele>217</ele>
<time>2026-07-20T22:16:58Z</time></trkpt>
<trkpt lat="41.200919" lon="-81.571452">
<ele>217</ele>
<time>2026-07-20T22:16:59Z</time></trkpt>
<trkpt lat="41.200806" lon="-81.571428">
<ele>217</ele>
<time>2026-07-20T22:17:03Z</time></trkpt>
<trkpt lat="41.200709" lon="-81.571433">
<ele>218</ele>
<time>2026-07-20T22:17:06Z</time></trkpt>
<trkpt lat="41.200613" lon="-81.571469">
<ele>218</ele>
<time>2026-07-20T22:17:09Z</time></trkpt>
<trkpt lat="41.200542" lon="-81.571466">
<ele>218</ele>
<time>2026-07-20T22:17:11Z</time></trkpt>
<trkpt lat="41.200849" lon="-81.567991">
<ele>218</ele>
<time>2026-07-20T22:18:39Z</time></trkpt>
<trkpt lat="41.200966" lon="-81.566833">
<ele>217</ele>
<time>2026-07-20T22:19:12Z</time></trkpt>
<trkpt lat="41.200966" lon="-81.566833">
<ele>217</ele>
<time>2026-07-20T22:19:12Z</time></trkpt>
<trkpt lat="41.200993" lon="-81.566565">
<ele>218</ele>
<time>2026-07-20T22:19:20Z</time></trkpt>
<trkpt lat="41.200999" lon="-81.566336">
<ele>219</ele>
<time>2026-07-20T22:19:26Z</time></trkpt>
<trkpt lat="41.201318" lon="-81.566115">
<ele>219</ele>
<time>2026-07-20T22:19:40Z</time></trkpt>
<trkpt lat="41.201638" lon="-81.565856">
<ele>220</ele>
<time>2026-07-20T22:19:54Z</time></trkpt>
<trkpt lat="41.202754" lon="-81.564831">
<ele>220</ele>
<time>2026-07-20T22:20:40Z</time></trkpt>
<trkpt lat="41.202859" lon="-81.565357">
<ele>218</ele>
<time>2026-07-20T22:20:54Z</time></trkpt>
<trkpt lat="41.202892" lon="-81.565387">
<ele>218</ele>
<time>2026-07-20T22:20:55Z</time></trkpt>
<trkpt lat="41.203027" lon="-81.565359">
<ele>217</ele>
<time>2026-07-20T22:21:00Z</time></trkpt>
<trkpt lat="41.20307" lon="-81.5653">
<ele>217</ele>
<time>2026-07-20T22:21:02Z</time></trkpt>
<trkpt lat="41.203094" lon="-81.565227">
<ele>217</ele>
<time>2026-07-20T22:21:04Z</time></trkpt>
<trkpt lat="41.203095" lon="-81.56489">
<ele>217</ele>
<time>2026-07-20T22:21:12Z</time></trkpt>
<trkpt lat="41.203129" lon="-81.56472">
<ele>218</ele>
<time>2026-07-20T22:21:16Z</time></trkpt>
<trkpt lat="41.203691" lon="-81.564166">
<ele>218</ele>
<time>2026-07-20T22:21:39Z</time></trkpt>
<trkpt lat="41.203748" lon="-81.564145">
<ele>218</ele>
<time>2026-07-20T22:21:41Z</time></trkpt>
<trkpt lat="41.204027" lon="-81.564224">
<ele>218</ele>
<time>2026-07-20T22:21:50Z</time></trkpt>
<trkpt lat="41.204152" lon="-81.56442">
<ele>218</ele>
<time>2026-07-20T22:21:57Z</time></trkpt>
<trkpt lat="41.204194" lon="-81.564523">
<ele>217</ele>
<time>2026-07-20T22:22:00Z</time></trkpt>
<trkpt lat="41.204325" lon="-81.564669">
<ele>217</ele>
<time>2026-07-20T22:22:05Z</time></trkpt>
<trkpt lat="41.204548" lon="-81.564759">
<ele>218</ele>
<time>2026-07-20T22:22:13Z</time></trkpt>
<trkpt lat="41.204661" lon="-81.564868">
<ele>217</ele>
<time>2026-07-20T22:22:17Z</time></trkpt>
<trkpt lat="41.204704" lon="-81.564874">
<ele>217</ele>
<time>2026-07-20T22:22:19Z</time></trkpt>
<trkpt lat="41.204747" lon="-81.564849">
<ele>217</ele>
<time>2026-07-20T22:22:20Z</time></trkpt>
<trkpt lat="41.204802" lon="-81.564781">
<ele>217</ele>
<time>2026-07-20T22:22:23Z</time></trkpt>
<trkpt lat="41.204843" lon="-81.564647">
<ele>217</ele>
<time>2026-07-20T22:22:26Z</time></trkpt>
<trkpt lat="41.204781" lon="-81.564397">
<ele>217</ele>
<time>2026-07-20T22:22:33Z</time></trkpt>
<trkpt lat="41.204795" lon="-81.564322">
<ele>217</ele>
<time>2026-07-20T22:22:35Z</time></trkpt>
<trkpt lat="41.204932" lon="-81.564158">
<ele>217</ele>
<time>2026-07-20T22:22:41Z</time></trkpt>
<trkpt lat="41.205153" lon="-81.563671">
<ele>217</ele>
<time>2026-07-20T22:22:55Z</time></trkpt>
<trkpt lat="41.2053" lon="-81.563506">
<ele>217</ele>
<time>2026-07-20T22:23:01Z</time></trkpt>
<trkpt lat="41.205534" lon="-81.563334">
<ele>217</ele>
<time>2026-07-20T22:23:10Z</time></trkpt>
<trkpt lat="41.205534" lon="-81.563334">
<ele>217</ele>
<time>2026-07-20T22:23:10Z</time></trkpt>
<trkpt lat="41.205586" lon="-81.563296">
<ele>217</ele>
<time>2026-07-20T22:23:12Z</time></trkpt>
<trkpt lat="41.205771" lon="-81.563269">
<ele>217</ele>
<time>2026-07-20T22:23:18Z</time></trkpt>
<trkpt lat="41.205929" lon="-81.563205">
<ele>216</ele>
<time>2026-07-20T22:23:23Z</time></trkpt>
<trkpt lat="41.206147" lon="-81.562909">
<ele>216</ele>
<time>2026-07-20T22:23:34Z</time></trkpt>
<trkpt lat="41.206254" lon="-81.562715">
<ele>217</ele>
<time>2026-07-20T22:23:40Z</time></trkpt>
<trkpt lat="41.206302" lon="-81.562565">
<ele>218</ele>
<time>2026-07-20T22:23:45Z</time></trkpt>
<trkpt lat="41.206654" lon="-81.562162">
<ele>219</ele>
<time>2026-07-20T22:24:01Z</time></trkpt>
<trkpt lat="41.206753" lon="-81.562099">
<ele>219</ele>
<time>2026-07-20T22:24:05Z</time></trkpt>
<trkpt lat="41.206807" lon="-81.56211">
<ele>219</ele>
<time>2026-07-20T22:24:07Z</time></trkpt>
<trkpt lat="41.207493" lon="-81.562483">
<ele>219</ele>
<time>2026-07-20T22:24:34Z</time></trkpt>
<trkpt lat="41.207614" lon="-81.562517">
<ele>219</ele>
<time>2026-07-20T22:24:38Z</time></trkpt>
<trkpt lat="41.207628" lon="-81.562496">
<ele>219</ele>
<time>2026-07-20T22:24:39Z</time></trkpt>
<trkpt lat="41.207658" lon="-81.561776">
<ele>218</ele>
<time>2026-07-20T22:24:58Z</time></trkpt>
<trkpt lat="41.207581" lon="-81.561335">
<ele>219</ele>
<time>2026-07-20T22:25:10Z</time></trkpt>
<trkpt lat="41.207589" lon="-81.561223">
<ele>219</ele>
<time>2026-07-20T22:25:13Z</time></trkpt>
<trkpt lat="41.207738" lon="-81.561092">
<ele>217</ele>
<time>2026-07-20T22:25:19Z</time></trkpt>
<trkpt lat="41.20781" lon="-81.560846">
<ele>218</ele>
<time>2026-07-20T22:25:26Z</time></trkpt>
<trkpt lat="41.208159" lon="-81.560603">
<ele>217</ele>
<time>2026-07-20T22:25:40Z</time></trkpt>
<trkpt lat="41.208255" lon="-81.560572">
<ele>217</ele>
<time>2026-07-20T22:25:43Z</time></trkpt>
<trkpt lat="41.208477" lon="-81.560425">
<ele>218</ele>
<time>2026-07-20T22:25:51Z</time></trkpt>
<trkpt lat="41.208577" lon="-81.560425">
<ele>219</ele>
<time>2026-07-20T22:25:55Z</time></trkpt>
<trkpt lat="41.208607" lon="-81.560472">
<ele>219</ele>
<time>2026-07-20T22:25:56Z</time></trkpt>
<trkpt lat="41.208612" lon="-81.560806">
<ele>219</ele>
<time>2026-07-20T22:26:05Z</time></trkpt>
<trkpt lat="41.208642" lon="-81.560892">
<ele>219</ele>
<time>2026-07-20T22:26:07Z</time></trkpt>
<trkpt lat="41.208679" lon="-81.560913">
<ele>219</ele>
<time>2026-07-20T22:26:09Z</time></trkpt>
<trkpt lat="41.208749" lon="-81.560894">
<ele>219</ele>
<time>2026-07-20T22:26:11Z</time></trkpt>
<trkpt lat="41.209072" lon="-81.560652">
<ele>220</ele>
<time>2026-07-20T22:26:24Z</time></trkpt>
<trkpt lat="41.209147" lon="-81.560623">
<ele>220</ele>
<time>2026-07-20T22:26:26Z</time></trkpt>
<trkpt lat="41.209323" lon="-81.560603">
<ele>220</ele>
<time>2026-07-20T22:26:32Z</time></trkpt>
<trkpt lat="41.209643" lon="-81.560503">
<ele>220</ele>
<time>2026-07-20T22:26:44Z</time></trkpt>
<trkpt lat="41.209751" lon="-81.560437">
<ele>220</ele>
<time>2026-07-20T22:26:48Z</time></trkpt>
<trkpt lat="41.209839" lon="-81.560356">
<ele>220</ele>
<time>2026-07-20T22:26:51Z</time></trkpt>
<trkpt lat="41.209963" lon="-81.560195">
<ele>220</ele>
<time>2026-07-20T22:26:58Z</time></trkpt>
<trkpt lat="41.210245" lon="-81.559917">
<ele>220</ele>
<time>2026-07-20T22:27:10Z</time></trkpt>
<trkpt lat="41.21053" lon="-81.559588">
<ele>220</ele>
<time>2026-07-20T22:27:24Z</time></trkpt>
<trkpt lat="41.21053" lon="-81.559588">
<ele>220</ele>
<time>2026-07-20T22:27:24Z</time></trkpt>
<trkpt lat="41.210618" lon="-81.559486">
<ele>219</ele>
<time>2026-07-20T22:27:28Z</time></trkpt>
<trkpt lat="41.210769" lon="-81.55937">
<ele>219</ele>
<time>2026-07-20T22:27:35Z</time></trkpt>
<trkpt lat="41.210893" lon="-81.559233">
<ele>219</ele>
<time>2026-07-20T22:27:41Z</time></trkpt>
<trkpt lat="41.210942" lon="-81.559084">
<ele>219</ele>
<time>2026-07-20T22:27:45Z</time></trkpt>
<trkpt lat="41.210946" lon="-81.558982">
<ele>219</ele>
<time>2026-07-20T22:27:48Z</time></trkpt>
<trkpt lat="41.210897" lon="-81.55877">
<ele>219</ele>
<time>2026-07-20T22:27:54Z</time></trkpt>
<trkpt lat="41.210973" lon="-81.558623">
<ele>219</ele>
<time>2026-07-20T22:27:59Z</time></trkpt>
<trkpt lat="41.210986" lon="-81.558528">
<ele>219</ele>
<time>2026-07-20T22:28:02Z</time></trkpt>
<trkpt lat="41.210962" lon="-81.558419">
<ele>220</ele>
<time>2026-07-20T22:28:05Z</time></trkpt>
<trkpt lat="41.210837" lon="-81.55815">
<ele>221</ele>
<time>2026-07-20T22:28:13Z</time></trkpt>
<trkpt lat="41.210824" lon="-81.558057">
<ele>222</ele>
<time>2026-07-20T22:28:16Z</time></trkpt>
<trkpt lat="41.210829" lon="-81.557962">
<ele>222</ele>
<time>2026-07-20T22:28:19Z</time></trkpt>
<trkpt lat="41.210878" lon="-81.557597">
<ele>224</ele>
<time>2026-07-20T22:28:29Z</time></trkpt>
<trkpt lat="41.210867" lon="-81.557504">
<ele>224</ele>
<time>2026-07-20T22:28:31Z</time></trkpt>
<trkpt lat="41.210821" lon="-81.557396">
<ele>224</ele>
<time>2026-07-20T22:28:35Z</time></trkpt>
<trkpt lat="41.21075" lon="-81.557305">
<ele>224</ele>
<time>2026-07-20T22:28:38Z</time></trkpt>
<trkpt lat="41.210728" lon="-81.557247">
<ele>224</ele>
<time>2026-07-20T22:28:40Z</time></trkpt>
<trkpt lat="41.210738" lon="-81.557155">
<ele>224</ele>
<time>2026-07-20T22:28:43Z</time></trkpt>
<trkpt lat="41.210759" lon="-81.557012">
<ele>224</ele>
<time>2026-07-20T22:28:46Z</time></trkpt>
<trkpt lat="41.210725" lon="-81.556879">
<ele>225</ele>
<time>2026-07-20T22:28:50Z</time></trkpt>
<trkpt lat="41.21071" lon="-81.556732">
<ele>225</ele>
<time>2026-07-20T22:28:53Z</time></trkpt>
<trkpt lat="41.210729" lon="-81.556044">
<ele>224</ele>
<time>2026-07-20T22:29:10Z</time></trkpt>
<trkpt lat="41.210702" lon="-81.555786">
<ele>224</ele>
<time>2026-07-20T22:29:17Z</time></trkpt>
<trkpt lat="41.210662" lon="-81.555651">
<ele>223</ele>
<time>2026-07-20T22:29:20Z</time></trkpt>
<trkpt lat="41.210371" lon="-81.555055">
<ele>224</ele>
<time>2026-07-20T22:29:38Z</time></trkpt>
<trkpt lat="41.210468" lon="-81.554333">
<ele>223</ele>
<time>2026-07-20T22:29:56Z</time></trkpt>
<trkpt lat="41.210511" lon="-81.554242">
<ele>222</ele>
<time>2026-07-20T22:29:58Z</time></trkpt>
<trkpt lat="41.210697" lon="-81.55408">
<ele>221</ele>
<time>2026-07-20T22:30:06Z</time></trkpt>
<trkpt lat="41.21072" lon="-81.554031">
<ele>221</ele>
<time>2026-07-20T22:30:07Z</time></trkpt>
<trkpt lat="41.210732" lon="-81.553922">
<ele>221</ele>
<time>2026-07-20T22:30:10Z</time></trkpt>
<trkpt lat="41.210697" lon="-81.553885">
<ele>221</ele>
<time>2026-07-20T22:30:11Z</time></trkpt>
<trkpt lat="41.210639" lon="-81.553697">
<ele>222</ele>
<time>2026-07-20T22:30:16Z</time></trkpt>
<trkpt lat="41.210569" lon="-81.553556">
<ele>222</ele>
<time>2026-07-20T22:30:22Z</time></trkpt>
<trkpt lat="41.210452" lon="-81.55338">
<ele>224</ele>
<time>2026-07-20T22:30:33Z</time></trkpt>
<trkpt lat="41.210319" lon="-81.55322">
<ele>224</ele>
<time>2026-07-20T22:30:44Z</time></trkpt>
<trkpt lat="41.21016" lon="-81.553085">
<ele>225</ele>
<time>2026-07-20T22:30:55Z</time></trkpt>
<trkpt lat="41.21008" lon="-81.553049">
<ele>225</ele>
<time>2026-07-20T22:31:00Z</time></trkpt>
<trkpt lat="41.20994" lon="-81.553034">
<ele>228</ele>
<time>2026-07-20T22:31:09Z</time></trkpt>
<trkpt lat="41.209883" lon="-81.553012">
<ele>230</ele>
<time>2026-07-20T22:31:12Z</time></trkpt>
<trkpt lat="41.209849" lon="-81.552969">
<ele>232</ele>
<time>2026-07-20T22:31:15Z</time></trkpt>
<trkpt lat="41.209837" lon="-81.552887">
<ele>233</ele>
<time>2026-07-20T22:31:19Z</time></trkpt>
<trkpt lat="41.20986" lon="-81.552815">
<ele>234</ele>
<time>2026-07-20T22:31:23Z</time></trkpt>
<trkpt lat="41.210191" lon="-81.552292">
<ele>242</ele>
<time>2026-07-20T22:31:54Z</time></trkpt>
<trkpt lat="41.210206" lon="-81.55222">
<ele>243</ele>
<time>2026-07-20T22:31:58Z</time></trkpt>
<trkpt lat="41.210199" lon="-81.552145">
<ele>244</ele>
<time>2026-07-20T22:32:01Z</time></trkpt>
<trkpt lat="41.210161" lon="-81.552097">
<ele>245</ele>
<time>2026-07-20T22:32:04Z</time></trkpt>
<trkpt lat="41.210102" lon="-81.552085">
<ele>246</ele>
<time>2026-07-20T22:32:08Z</time></trkpt>
<trkpt lat="41.209973" lon="-81.552113">
<ele>248</ele>
<time>2026-07-20T22:32:16Z</time></trkpt>
<trkpt lat="41.209862" lon="-81.552167">
<ele>249</ele>
<time>2026-07-20T22:32:23Z</time></trkpt>
<trkpt lat="41.209748" lon="-81.552177">
<ele>250</ele>
<time>2026-07-20T22:32:30Z</time></trkpt>
<trkpt lat="41.209576" lon="-81.552225">
<ele>252</ele>
<time>2026-07-20T22:32:41Z</time></trkpt>
<trkpt lat="41.209384" lon="-81.552303">
<ele>253</ele>
<time>2026-07-20T22:32:53Z</time></trkpt>
<trkpt lat="41.209305" lon="-81.552362">
<ele>255</ele>
<time>2026-07-20T22:32:59Z</time></trkpt>
<trkpt lat="41.209165" lon="-81.552509">
<ele>257</ele>
<time>2026-07-20T22:33:10Z</time></trkpt>
<trkpt lat="41.209084" lon="-81.552515">
<ele>257</ele>
<time>2026-07-20T22:33:15Z</time></trkpt>
<trkpt lat="41.209016" lon="-81.552471">
<ele>257</ele>
<time>2026-07-20T22:33:19Z</time></trkpt>
<trkpt lat="41.208847" lon="-81.552275">
<ele>257</ele>
<time>2026-07-20T22:33:29Z</time></trkpt>
<trkpt lat="41.208799" lon="-81.552176">
<ele>257</ele>
<time>2026-07-20T22:33:32Z</time></trkpt>
<trkpt lat="41.208749" lon="-81.552019">
<ele>257</ele>
<time>2026-07-20T22:33:38Z</time></trkpt>
<trkpt lat="41.208762" lon="-81.55182">
<ele>257</ele>
<time>2026-07-20T22:33:44Z</time></trkpt>
<trkpt lat="41.208754" lon="-81.551673">
<ele>257</ele>
<time>2026-07-20T22:33:48Z</time></trkpt>
<trkpt lat="41.208715" lon="-81.551572">
<ele>258</ele>
<time>2026-07-20T22:33:52Z</time></trkpt>
<trkpt lat="41.208408" lon="-81.551015">
<ele>260</ele>
<time>2026-07-20T22:34:13Z</time></trkpt>
<trkpt lat="41.208333" lon="-81.550845">
<ele>262</ele>
<time>2026-07-20T22:34:19Z</time></trkpt>
<trkpt lat="41.208293" lon="-81.550786">
<ele>262</ele>
<time>2026-07-20T22:34:21Z</time></trkpt>
<trkpt lat="41.208134" lon="-81.550669">
<ele>263</ele>
<time>2026-07-20T22:34:28Z</time></trkpt>
<trkpt lat="41.207963" lon="-81.55047">
<ele>264</ele>
<time>2026-07-20T22:34:38Z</time></trkpt>
<trkpt lat="41.207885" lon="-81.550401">
<ele>264</ele>
<time>2026-07-20T22:34:41Z</time></trkpt>
<trkpt lat="41.207651" lon="-81.550249">
<ele>264</ele>
<time>2026-07-20T22:34:52Z</time></trkpt>
<trkpt lat="41.207564" lon="-81.55014">
<ele>264</ele>
<time>2026-07-20T22:34:57Z</time></trkpt>
<trkpt lat="41.207539" lon="-81.550037">
<ele>264</ele>
<time>2026-07-20T22:35:00Z</time></trkpt>
<trkpt lat="41.207511" lon="-81.54956">
<ele>266</ele>
<time>2026-07-20T22:35:15Z</time></trkpt>
<trkpt lat="41.207436" lon="-81.549312">
<ele>266</ele>
<time>2026-07-20T22:35:22Z</time></trkpt>
<trkpt lat="41.207341" lon="-81.549197">
<ele>267</ele>
<time>2026-07-20T22:35:27Z</time></trkpt>
<trkpt lat="41.207268" lon="-81.549139">
<ele>268</ele>
<time>2026-07-20T22:35:30Z</time></trkpt>
<trkpt lat="41.206916" lon="-81.54895">
<ele>266</ele>
<time>2026-07-20T22:35:44Z</time></trkpt>
<trkpt lat="41.206745" lon="-81.548911">
<ele>266</ele>
<time>2026-07-20T22:35:50Z</time></trkpt>
<trkpt lat="41.206745" lon="-81.548911">
<ele>266</ele>
<time>2026-07-20T22:35:50Z</time></trkpt>
<trkpt lat="41.206464" lon="-81.548783">
<ele>264</ele>
<time>2026-07-20T22:36:01Z</time></trkpt>
<trkpt lat="41.206289" lon="-81.54864">
<ele>266</ele>
<time>2026-07-20T22:36:09Z</time></trkpt>
<trkpt lat="41.206101" lon="-81.548354">
<ele>269</ele>
<time>2026-07-20T22:36:19Z</time></trkpt>
<trkpt lat="41.205976" lon="-81.548239">
<ele>269</ele>
<time>2026-07-20T22:36:25Z</time></trkpt>
<trkpt lat="41.205847" lon="-81.548185">
<ele>270</ele>
<time>2026-07-20T22:36:30Z</time></trkpt>
<trkpt lat="41.205597" lon="-81.548153">
<ele>268</ele>
<time>2026-07-20T22:36:39Z</time></trkpt>
<trkpt lat="41.205491" lon="-81.548045">
<ele>271</ele>
<time>2026-07-20T22:36:44Z</time></trkpt>
<trkpt lat="41.205453" lon="-81.547974">
<ele>271</ele>
<time>2026-07-20T22:36:46Z</time></trkpt>
<trkpt lat="41.205392" lon="-81.547745">
<ele>270</ele>
<time>2026-07-20T22:36:53Z</time></trkpt>
<trkpt lat="41.2053" lon="-81.547511">
<ele>270</ele>
<time>2026-07-20T22:37:00Z</time></trkpt>
<trkpt lat="41.205191" lon="-81.547411">
<ele>270</ele>
<time>2026-07-20T22:37:05Z</time></trkpt>
<trkpt lat="41.204771" lon="-81.54715">
<ele>271</ele>
<time>2026-07-20T22:37:21Z</time></trkpt>
<trkpt lat="41.203898" lon="-81.546751">
<ele>273</ele>
<time>2026-07-20T22:37:53Z</time></trkpt>
<trkpt lat="41.203679" lon="-81.546615">
<ele>275</ele>
<time>2026-07-20T22:38:02Z</time></trkpt>
<trkpt lat="41.203382" lon="-81.546378">
<ele>277</ele>
<time>2026-07-20T22:38:14Z</time></trkpt>
<trkpt lat="41.203207" lon="-81.546204">
<ele>277</ele>
<time>2026-07-20T22:38:21Z</time></trkpt>
<trkpt lat="41.203011" lon="-81.546125">
<ele>277</ele>
<time>2026-07-20T22:38:29Z</time></trkpt>
<trkpt lat="41.202975" lon="-81.546077">
<ele>277</ele>
<time>2026-07-20T22:38:30Z</time></trkpt>
<trkpt lat="41.202943" lon="-81.545967">
<ele>277</ele>
<time>2026-07-20T22:38:33Z</time></trkpt>
<trkpt lat="41.20295" lon="-81.545776">
<ele>275</ele>
<time>2026-07-20T22:38:38Z</time></trkpt>
<trkpt lat="41.203021" lon="-81.545435">
<ele>273</ele>
<time>2026-07-20T22:38:48Z</time></trkpt>
<trkpt lat="41.203055" lon="-81.545405">
<ele>272</ele>
<time>2026-07-20T22:38:49Z</time></trkpt>
<trkpt lat="41.203112" lon="-81.545407">
<ele>272</ele>
<time>2026-07-20T22:38:51Z</time></trkpt>
<trkpt lat="41.20323" lon="-81.545482">
<ele>271</ele>
<time>2026-07-20T22:38:55Z</time></trkpt>
<trkpt lat="41.203293" lon="-81.545501">
<ele>271</ele>
<time>2026-07-20T22:38:56Z</time></trkpt>
<trkpt lat="41.203366" lon="-81.545505">
<ele>270</ele>
<time>2026-07-20T22:38:58Z</time></trkpt>
<trkpt lat="41.203466" lon="-81.545471">
<ele>269</ele>
<time>2026-07-20T22:39:01Z</time></trkpt>
<trkpt lat="41.203558" lon="-81.545403">
<ele>269</ele>
<time>2026-07-20T22:39:03Z</time></trkpt>
<trkpt lat="41.203709" lon="-81.545129">
<ele>266</ele>
<time>2026-07-20T22:39:10Z</time></trkpt>
<trkpt lat="41.203774" lon="-81.545046">
<ele>265</ele>
<time>2026-07-20T22:39:12Z</time></trkpt>
<trkpt lat="41.2039" lon="-81.544949">
<ele>264</ele>
<time>2026-07-20T22:39:16Z</time></trkpt>
<trkpt lat="41.204102" lon="-81.544903">
<ele>261</ele>
<time>2026-07-20T22:39:21Z</time></trkpt>
<trkpt lat="41.204192" lon="-81.544852">
<ele>260</ele>
<time>2026-07-20T22:39:23Z</time></trkpt>
<trkpt lat="41.204433" lon="-81.544889">
<ele>259</ele>
<time>2026-07-20T22:39:30Z</time></trkpt>
<trkpt lat="41.204542" lon="-81.544949">
<ele>258</ele>
<time>2026-07-20T22:39:33Z</time></trkpt>
<trkpt lat="41.204576" lon="-81.545002">
<ele>258</ele>
<time>2026-07-20T22:39:34Z</time></trkpt>
<trkpt lat="41.204602" lon="-81.545235">
<ele>257</ele>
<time>2026-07-20T22:39:38Z</time></trkpt>
<trkpt lat="41.204624" lon="-81.545275">
<ele>257</ele>
<time>2026-07-20T22:39:39Z</time></trkpt>
<trkpt lat="41.204796" lon="-81.545358">
<ele>253</ele>
<time>2026-07-20T22:39:44Z</time></trkpt>
<trkpt lat="41.204876" lon="-81.545434">
<ele>252</ele>
<time>2026-07-20T22:39:46Z</time></trkpt>
<trkpt lat="41.205205" lon="-81.545668">
<ele>247</ele>
<time>2026-07-20T22:39:56Z</time></trkpt>
<trkpt lat="41.20525" lon="-81.545677">
<ele>246</ele>
<time>2026-07-20T22:39:57Z</time></trkpt>
<trkpt lat="41.205424" lon="-81.545597">
<ele>244</ele>
<time>2026-07-20T22:40:02Z</time></trkpt>
<trkpt lat="41.205517" lon="-81.545512">
<ele>243</ele>
<time>2026-07-20T22:40:05Z</time></trkpt>
<trkpt lat="41.205535" lon="-81.545381">
<ele>243</ele>
<time>2026-07-20T22:40:07Z</time></trkpt>
<trkpt lat="41.205484" lon="-81.545114">
<ele>243</ele>
<time>2026-07-20T22:40:16Z</time></trkpt>
<trkpt lat="41.205317" lon="-81.544579">
<ele>241</ele>
<time>2026-07-20T22:40:33Z</time></trkpt>
<trkpt lat="41.205229" lon="-81.544377">
<ele>240</ele>
<time>2026-07-20T22:40:40Z</time></trkpt>
<trkpt lat="41.20521" lon="-81.54415">
<ele>239</ele>
<time>2026-07-20T22:40:47Z</time></trkpt>
<trkpt lat="41.205174" lon="-81.544078">
<ele>239</ele>
<time>2026-07-20T22:40:49Z</time></trkpt>
<trkpt lat="41.205146" lon="-81.54406">
<ele>239</ele>
<time>2026-07-20T22:40:50Z</time></trkpt>
<trkpt lat="41.20506" lon="-81.544062">
<ele>239</ele>
<time>2026-07-20T22:40:54Z</time></trkpt>
<trkpt lat="41.2049" lon="-81.544187">
<ele>240</ele>
<time>2026-07-20T22:41:01Z</time></trkpt>
<trkpt lat="41.204727" lon="-81.54423">
<ele>240</ele>
<time>2026-07-20T22:41:08Z</time></trkpt>
<trkpt lat="41.204422" lon="-81.544038">
<ele>240</ele>
<time>2026-07-20T22:41:22Z</time></trkpt>
<trkpt lat="41.204407" lon="-81.543962">
<ele>240</ele>
<time>2026-07-20T22:41:24Z</time></trkpt>
<trkpt lat="41.204286" lon="-81.543661">
<ele>240</ele>
<time>2026-07-20T22:41:34Z</time></trkpt>
<trkpt lat="41.204337" lon="-81.54355">
<ele>241</ele>
<time>2026-07-20T22:41:38Z</time></trkpt>
<trkpt lat="41.204471" lon="-81.543465">
<ele>242</ele>
<time>2026-07-20T22:41:44Z</time></trkpt>
<trkpt lat="41.20454" lon="-81.543398">
<ele>242</ele>
<time>2026-07-20T22:41:47Z</time></trkpt>
<trkpt lat="41.204566" lon="-81.543334">
<ele>243</ele>
<time>2026-07-20T22:41:49Z</time></trkpt>
<trkpt lat="41.204593" lon="-81.543082">
<ele>249</ele>
<time>2026-07-20T22:41:57Z</time></trkpt>
<trkpt lat="41.204632" lon="-81.542989">
<ele>250</ele>
<time>2026-07-20T22:42:00Z</time></trkpt>
<trkpt lat="41.204714" lon="-81.542679">
<ele>253</ele>
<time>2026-07-20T22:42:12Z</time></trkpt>
<trkpt lat="41.204704" lon="-81.542496">
<ele>255</ele>
<time>2026-07-20T22:42:20Z</time></trkpt>
<trkpt lat="41.204643" lon="-81.542369">
<ele>258</ele>
<time>2026-07-20T22:42:26Z</time></trkpt>
<trkpt lat="41.204491" lon="-81.542173">
<ele>262</ele>
<time>2026-07-20T22:42:37Z</time></trkpt>
<trkpt lat="41.204374" lon="-81.542033">
<ele>264</ele>
<time>2026-07-20T22:42:46Z</time></trkpt>
<trkpt lat="41.204136" lon="-81.541828">
<ele>266</ele>
<time>2026-07-20T22:43:01Z</time></trkpt>
<trkpt lat="41.204094" lon="-81.541758">
<ele>266</ele>
<time>2026-07-20T22:43:05Z</time></trkpt>
<trkpt lat="41.204055" lon="-81.541528">
<ele>266</ele>
<time>2026-07-20T22:43:14Z</time></trkpt>
<trkpt lat="41.204081" lon="-81.541103">
<ele>269</ele>
<time>2026-07-20T22:43:32Z</time></trkpt>
<trkpt lat="41.204072" lon="-81.54098">
<ele>269</ele>
<time>2026-07-20T22:43:37Z</time></trkpt>
<trkpt lat="41.203969" lon="-81.540508">
<ele>272</ele>
<time>2026-07-20T22:43:57Z</time></trkpt>
<trkpt lat="41.203919" lon="-81.540372">
<ele>273</ele>
<time>2026-07-20T22:44:03Z</time></trkpt>
<trkpt lat="41.203651" lon="-81.539802">
<ele>277</ele>
<time>2026-07-20T22:44:30Z</time></trkpt>
<trkpt lat="41.20352" lon="-81.539687">
<ele>277</ele>
<time>2026-07-20T22:44:38Z</time></trkpt>
<trkpt lat="41.203392" lon="-81.539467">
<ele>277</ele>
<time>2026-07-20T22:44:48Z</time></trkpt>
<trkpt lat="41.20328" lon="-81.539362">
<ele>276</ele>
<time>2026-07-20T22:44:53Z</time></trkpt>
<trkpt lat="41.20315" lon="-81.539027">
<ele>276</ele>
<time>2026-07-20T22:45:04Z</time></trkpt>
<trkpt lat="41.203042" lon="-81.538854">
<ele>277</ele>
<time>2026-07-20T22:45:10Z</time></trkpt>
<trkpt lat="41.20304" lon="-81.538799">
<ele>277</ele>
<time>2026-07-20T22:45:12Z</time></trkpt>
<trkpt lat="41.203084" lon="-81.538683">
<ele>278</ele>
<time>2026-07-20T22:45:15Z</time></trkpt>
<trkpt lat="41.203121" lon="-81.538632">
<ele>278</ele>
<time>2026-07-20T22:45:17Z</time></trkpt>
<trkpt lat="41.203124" lon="-81.538528">
<ele>278</ele>
<time>2026-07-20T22:45:20Z</time></trkpt>
<trkpt lat="41.202971" lon="-81.538201">
<ele>279</ele>
<time>2026-07-20T22:45:31Z</time></trkpt>
<trkpt lat="41.202907" lon="-81.537922">
<ele>280</ele>
<time>2026-07-20T22:45:39Z</time></trkpt>
<trkpt lat="41.202796" lon="-81.537717">
<ele>281</ele>
<time>2026-07-20T22:45:46Z</time></trkpt>
<trkpt lat="41.202765" lon="-81.537624">
<ele>282</ele>
<time>2026-07-20T22:45:49Z</time></trkpt>
<trkpt lat="41.202723" lon="-81.537389">
<ele>282</ele>
<time>2026-07-20T22:45:56Z</time></trkpt>
<trkpt lat="41.202644" lon="-81.537139">
<ele>282</ele>
<time>2026-07-20T22:46:03Z</time></trkpt>
<trkpt lat="41.202598" lon="-81.537046">
<ele>282</ele>
<time>2026-07-20T22:46:07Z</time></trkpt>
<trkpt lat="41.202493" lon="-81.536899">
<ele>282</ele>
<time>2026-07-20T22:46:12Z</time></trkpt>
<trkpt lat="41.202368" lon="-81.536569">
<ele>282</ele>
<time>2026-07-20T22:46:23Z</time></trkpt>
<trkpt lat="41.20234" lon="-81.536523">
<ele>282</ele>
<time>2026-07-20T22:46:24Z</time></trkpt>
<trkpt lat="41.202274" lon="-81.536481">
<ele>282</ele>
<time>2026-07-20T22:46:27Z</time></trkpt>
<trkpt lat="41.202247" lon="-81.536402">
<ele>282</ele>
<time>2026-07-20T22:46:29Z</time></trkpt>
<trkpt lat="41.202216" lon="-81.53614">
<ele>282</ele>
<time>2026-07-20T22:46:37Z</time></trkpt>
<trkpt lat="41.202233" lon="-81.535707">
<ele>281</ele>
<time>2026-07-20T22:46:48Z</time></trkpt>
<trkpt lat="41.202189" lon="-81.535549">
<ele>280</ele>
<time>2026-07-20T22:46:52Z</time></trkpt>
<trkpt lat="41.201971" lon="-81.535231">
<ele>280</ele>
<time>2026-07-20T22:47:03Z</time></trkpt>
<trkpt lat="41.201739" lon="-81.534929">
<ele>283</ele>
<time>2026-07-20T22:47:13Z</time></trkpt>
<trkpt lat="41.201491" lon="-81.534665">
<ele>286</ele>
<time>2026-07-20T22:47:24Z</time></trkpt>
<trkpt lat="41.20133" lon="-81.534616">
<ele>287</ele>
<time>2026-07-20T22:47:29Z</time></trkpt>
<trkpt lat="41.201232" lon="-81.534552">
<ele>286</ele>
<time>2026-07-20T22:47:33Z</time></trkpt>
<trkpt lat="41.201232" lon="-81.534552">
<ele>286</ele>
<time>2026-07-20T22:47:33Z</time></trkpt>
<trkpt lat="41.201147" lon="-81.534496">
<ele>286</ele>
<time>2026-07-20T22:47:36Z</time></trkpt>
<trkpt lat="41.201019" lon="-81.534539">
<ele>285</ele>
<time>2026-07-20T22:47:41Z</time></trkpt>
<trkpt lat="41.200958" lon="-81.534528">
<ele>285</ele>
<time>2026-07-20T22:47:43Z</time></trkpt>
<trkpt lat="41.200726" lon="-81.534372">
<ele>285</ele>
<time>2026-07-20T22:47:51Z</time></trkpt>
<trkpt lat="41.200573" lon="-81.534231">
<ele>285</ele>
<time>2026-07-20T22:47:57Z</time></trkpt>
<trkpt lat="41.20054" lon="-81.53418">
<ele>285</ele>
<time>2026-07-20T22:47:59Z</time></trkpt>
<trkpt lat="41.200475" lon="-81.533977">
<ele>283</ele>
<time>2026-07-20T22:48:05Z</time></trkpt>
<trkpt lat="41.20044" lon="-81.533931">
<ele>283</ele>
<time>2026-07-20T22:48:06Z</time></trkpt>
<trkpt lat="41.200196" lon="-81.533708">
<ele>282</ele>
<time>2026-07-20T22:48:17Z</time></trkpt>
<trkpt lat="41.199889" lon="-81.533497">
<ele>282</ele>
<time>2026-07-20T22:48:30Z</time></trkpt>
<trkpt lat="41.199833" lon="-81.533434">
<ele>282</ele>
<time>2026-07-20T22:48:33Z</time></trkpt>
<trkpt lat="41.199664" lon="-81.533145">
<ele>282</ele>
<time>2026-07-20T22:48:43Z</time></trkpt>
<trkpt lat="41.199533" lon="-81.53282">
<ele>282</ele>
<time>2026-07-20T22:48:54Z</time></trkpt>
<trkpt lat="41.199406" lon="-81.532552">
<ele>282</ele>
<time>2026-07-20T22:49:03Z</time></trkpt>
<trkpt lat="41.199406" lon="-81.532444">
<ele>282</ele>
<time>2026-07-20T22:49:03Z</time></trkpt>
<trkpt lat="41.199483" lon="-81.53236">
<ele>283</ele>
<time>2026-07-20T22:49:06Z</time></trkpt>
<trkpt lat="41.199558" lon="-81.532351">
<ele>283</ele>
<time>2026-07-20T22:49:09Z</time></trkpt>
<trkpt lat="41.199924" lon="-81.532532">
<ele>285</ele>
<time>2026-07-20T22:49:24Z</time></trkpt>
<trkpt lat="41.20024" lon="-81.532605">
<ele>286</ele>
<time>2026-07-20T22:49:36Z</time></trkpt>
<trkpt lat="41.200447" lon="-81.532621">
<ele>285</ele>
<time>2026-07-20T22:49:44Z</time></trkpt>
<trkpt lat="41.200574" lon="-81.532582">
<ele>285</ele>
<time>2026-07-20T22:49:49Z</time></trkpt>
<trkpt lat="41.200632" lon="-81.532541">
<ele>286</ele>
<time>2026-07-20T22:49:52Z</time></trkpt>
<trkpt lat="41.20071" lon="-81.532459">
<ele>286</ele>
<time>2026-07-20T22:49:55Z</time></trkpt>
<trkpt lat="41.200816" lon="-81.53227">
<ele>288</ele>
<time>2026-07-20T22:50:02Z</time></trkpt>
<trkpt lat="41.200872" lon="-81.532206">
<ele>288</ele>
<time>2026-07-20T22:50:05Z</time></trkpt>
<trkpt lat="41.200924" lon="-81.532177">
<ele>288</ele>
<time>2026-07-20T22:50:07Z</time></trkpt>
<trkpt lat="41.201452" lon="-81.532062">
<ele>288</ele>
<time>2026-07-20T22:50:21Z</time></trkpt>
<trkpt lat="41.201712" lon="-81.53205">
<ele>286</ele>
<time>2026-07-20T22:50:27Z</time></trkpt>
<trkpt lat="41.201891" lon="-81.531998">
<ele>285</ele>
<time>2026-07-20T22:50:32Z</time></trkpt>
<trkpt lat="41.202212" lon="-81.531959">
<ele>283</ele>
<time>2026-07-20T22:50:40Z</time></trkpt>
<trkpt lat="41.202634" lon="-81.532019">
<ele>277</ele>
<time>2026-07-20T22:50:51Z</time></trkpt>
<trkpt lat="41.202724" lon="-81.532064">
<ele>276</ele>
<time>2026-07-20T22:50:54Z</time></trkpt>
<trkpt lat="41.202933" lon="-81.532198">
<ele>273</ele>
<time>2026-07-20T22:50:59Z</time></trkpt>
<trkpt lat="41.202968" lon="-81.532234">
<ele>272</ele>
<time>2026-07-20T22:51:01Z</time></trkpt>
<trkpt lat="41.203024" lon="-81.532366">
<ele>270</ele>
<time>2026-07-20T22:51:04Z</time></trkpt>
<trkpt lat="41.203054" lon="-81.532396">
<ele>270</ele>
<time>2026-07-20T22:51:05Z</time></trkpt>
<trkpt lat="41.203126" lon="-81.532358">
<ele>267</ele>
<time>2026-07-20T22:51:06Z</time></trkpt>
<trkpt lat="41.203161" lon="-81.532295">
<ele>266</ele>
<time>2026-07-20T22:51:08Z</time></trkpt>
<trkpt lat="41.203176" lon="-81.532211">
<ele>267</ele>
<time>2026-07-20T22:51:10Z</time></trkpt>
<trkpt lat="41.203173" lon="-81.531859">
<ele>266</ele>
<time>2026-07-20T22:51:16Z</time></trkpt>
<trkpt lat="41.203187" lon="-81.531804">
<ele>265</ele>
<time>2026-07-20T22:51:18Z</time></trkpt>
<trkpt lat="41.203225" lon="-81.531768">
<ele>264</ele>
<time>2026-07-20T22:51:19Z</time></trkpt>
<trkpt lat="41.203283" lon="-81.531749">
<ele>262</ele>
<time>2026-07-20T22:51:20Z</time></trkpt>
<trkpt lat="41.203378" lon="-81.531764">
<ele>260</ele>
<time>2026-07-20T22:51:23Z</time></trkpt>
<trkpt lat="41.203431" lon="-81.531795">
<ele>259</ele>
<time>2026-07-20T22:51:26Z</time></trkpt>
<trkpt lat="41.203515" lon="-81.531908">
<ele>258</ele>
<time>2026-07-20T22:51:32Z</time></trkpt>
<trkpt lat="41.203636" lon="-81.531934">
<ele>255</ele>
<time>2026-07-20T22:51:39Z</time></trkpt>
<trkpt lat="41.203662" lon="-81.531963">
<ele>256</ele>
<time>2026-07-20T22:51:41Z</time></trkpt>
<trkpt lat="41.203724" lon="-81.532111">
<ele>257</ele>
<time>2026-07-20T22:51:47Z</time></trkpt>
<trkpt lat="41.203777" lon="-81.532161">
<ele>257</ele>
<time>2026-07-20T22:51:51Z</time></trkpt>
<trkpt lat="41.203835" lon="-81.532176">
<ele>258</ele>
<time>2026-07-20T22:51:54Z</time></trkpt>
<trkpt lat="41.203898" lon="-81.532157">
<ele>258</ele>
<time>2026-07-20T22:51:57Z</time></trkpt>
<trkpt lat="41.204329" lon="-81.531792">
<ele>269</ele>
<time>2026-07-20T22:52:24Z</time></trkpt>
<trkpt lat="41.204404" lon="-81.531798">
<ele>270</ele>
<time>2026-07-20T22:52:28Z</time></trkpt>
<trkpt lat="41.204543" lon="-81.532052">
<ele>272</ele>
<time>2026-07-20T22:52:40Z</time></trkpt>
<trkpt lat="41.204601" lon="-81.532094">
<ele>273</ele>
<time>2026-07-20T22:52:44Z</time></trkpt>
<trkpt lat="41.204635" lon="-81.532072">
<ele>274</ele>
<time>2026-07-20T22:52:46Z</time></trkpt>
<trkpt lat="41.204779" lon="-81.531813">
<ele>278</ele>
<time>2026-07-20T22:52:59Z</time></trkpt>
<trkpt lat="41.204875" lon="-81.531708">
<ele>280</ele>
<time>2026-07-20T22:53:05Z</time></trkpt>
<trkpt lat="41.204903" lon="-81.531695">
<ele>281</ele>
<time>2026-07-20T22:53:07Z</time></trkpt>
<trkpt lat="41.205033" lon="-81.531754">
<ele>283</ele>
<time>2026-07-20T22:53:14Z</time></trkpt>
<trkpt lat="41.205214" lon="-81.531692">
<ele>283</ele>
<time>2026-07-20T22:53:24Z</time></trkpt>
<trkpt lat="41.20518" lon="-81.531408">
<ele>284</ele>
<time>2026-07-20T22:53:35Z</time></trkpt>
<trkpt lat="41.205143" lon="-81.531325">
<ele>284</ele>
<time>2026-07-20T22:53:39Z</time></trkpt>
<trkpt lat="41.205027" lon="-81.531222">
<ele>285</ele>
<time>2026-07-20T22:53:46Z</time></trkpt>
<trkpt lat="41.204929" lon="-81.531105">
<ele>284</ele>
<time>2026-07-20T22:53:53Z</time></trkpt>
<trkpt lat="41.204711" lon="-81.530697">
<ele>284</ele>
<time>2026-07-20T22:54:07Z</time></trkpt>
<trkpt lat="41.204555" lon="-81.530377">
<ele>284</ele>
<time>2026-07-20T22:54:16Z</time></trkpt>
<trkpt lat="41.20451" lon="-81.530251">
<ele>284</ele>
<time>2026-07-20T22:54:20Z</time></trkpt>
<trkpt lat="41.204344" lon="-81.530018">
<ele>283</ele>
<time>2026-07-20T22:54:28Z</time></trkpt>
<trkpt lat="41.204344" lon="-81.530018">
<ele>283</ele>
<time>2026-07-20T22:54:28Z</time></trkpt>
<trkpt lat="41.20402" lon="-81.529481">
<ele>286</ele>
<time>2026-07-20T22:54:44Z</time></trkpt>
<trkpt lat="41.203751" lon="-81.529156">
<ele>285</ele>
<time>2026-07-20T22:54:56Z</time></trkpt>
<trkpt lat="41.203471" lon="-81.528943">
<ele>283</ele>
<time>2026-07-20T22:55:07Z</time></trkpt>
<trkpt lat="41.203337" lon="-81.528776">
<ele>283</ele>
<time>2026-07-20T22:55:13Z</time></trkpt>
<trkpt lat="41.20328" lon="-81.528653">
<ele>283</ele>
<time>2026-07-20T22:55:16Z</time></trkpt>
<trkpt lat="41.203043" lon="-81.527959">
<ele>280</ele>
<time>2026-07-20T22:55:35Z</time></trkpt>
<trkpt lat="41.203023" lon="-81.527848">
<ele>280</ele>
<time>2026-07-20T22:55:38Z</time></trkpt>
<trkpt lat="41.20302" lon="-81.527722">
<ele>280</ele>
<time>2026-07-20T22:55:42Z</time></trkpt>
<trkpt lat="41.203021" lon="-81.52747">
<ele>282</ele>
<time>2026-07-20T22:55:50Z</time></trkpt>
<trkpt lat="41.203014" lon="-81.527381">
<ele>283</ele>
<time>2026-07-20T22:55:53Z</time></trkpt>
<trkpt lat="41.202987" lon="-81.52728">
<ele>283</ele>
<time>2026-07-20T22:55:56Z</time></trkpt>
<trkpt lat="41.202688" lon="-81.526984">
<ele>285</ele>
<time>2026-07-20T22:56:11Z</time></trkpt>
<trkpt lat="41.202484" lon="-81.526713">
<ele>286</ele>
<time>2026-07-20T22:56:23Z</time></trkpt>
<trkpt lat="41.202316" lon="-81.526454">
<ele>286</ele>
<time>2026-07-20T22:56:33Z</time></trkpt>
<trkpt lat="41.202294" lon="-81.526372">
<ele>286</ele>
<time>2026-07-20T22:56:36Z</time></trkpt>
<trkpt lat="41.202312" lon="-81.526323">
<ele>287</ele>
<time>2026-07-20T22:56:37Z</time></trkpt>
<trkpt lat="41.202363" lon="-81.526291">
<ele>288</ele>
<time>2026-07-20T22:56:40Z</time></trkpt>
<trkpt lat="41.202806" lon="-81.526341">
<ele>292</ele>
<time>2026-07-20T22:56:58Z</time></trkpt>
<trkpt lat="41.202941" lon="-81.526307">
<ele>293</ele>
<time>2026-07-20T22:57:03Z</time></trkpt>
<trkpt lat="41.202983" lon="-81.526264">
<ele>293</ele>
<time>2026-07-20T22:57:05Z</time></trkpt>
<trkpt lat="41.203013" lon="-81.526197">
<ele>292</ele>
<time>2026-07-20T22:57:08Z</time></trkpt>
<trkpt lat="41.203025" lon="-81.526102">
<ele>292</ele>
<time>2026-07-20T22:57:11Z</time></trkpt>
<trkpt lat="41.203037" lon="-81.525419">
<ele>290</ele>
<time>2026-07-20T22:57:31Z</time></trkpt>
<trkpt lat="41.203052" lon="-81.525332">
<ele>290</ele>
<time>2026-07-20T22:57:34Z</time></trkpt>
<trkpt lat="41.203093" lon="-81.525213">
<ele>289</ele>
<time>2026-07-20T22:57:38Z</time></trkpt>
<trkpt lat="41.20318" lon="-81.525107">
<ele>288</ele>
<time>2026-07-20T22:57:42Z</time></trkpt>
<trkpt lat="41.20326" lon="-81.525044">
<ele>288</ele>
<time>2026-07-20T22:57:46Z</time></trkpt>
<trkpt lat="41.203267" lon="-81.525002">
<ele>287</ele>
<time>2026-07-20T22:57:47Z</time></trkpt>
<trkpt lat="41.203244" lon="-81.524949">
<ele>287</ele>
<time>2026-07-20T22:57:49Z</time></trkpt>
<trkpt lat="41.203199" lon="-81.524913">
<ele>286</ele>
<time>2026-07-20T22:57:51Z</time></trkpt>
<trkpt lat="41.203029" lon="-81.524858">
<ele>287</ele>
<time>2026-07-20T22:57:58Z</time></trkpt>
<trkpt lat="41.203003" lon="-81.524824">
<ele>287</ele>
<time>2026-07-20T22:57:59Z</time></trkpt>
<trkpt lat="41.203026" lon="-81.524774">
<ele>286</ele>
<time>2026-07-20T22:58:01Z</time></trkpt>
<trkpt lat="41.203094" lon="-81.524714">
<ele>284</ele>
<time>2026-07-20T22:58:04Z</time></trkpt>
<trkpt lat="41.203161" lon="-81.524687">
<ele>283</ele>
<time>2026-07-20T22:58:06Z</time></trkpt>
<trkpt lat="41.203427" lon="-81.524742">
<ele>280</ele>
<time>2026-07-20T22:58:17Z</time></trkpt>
<trkpt lat="41.203497" lon="-81.524648">
<ele>280</ele>
<time>2026-07-20T22:58:20Z</time></trkpt>
<trkpt lat="41.203494" lon="-81.524471">
<ele>283</ele>
<time>2026-07-20T22:58:26Z</time></trkpt>
<trkpt lat="41.203467" lon="-81.52432">
<ele>285</ele>
<time>2026-07-20T22:58:30Z</time></trkpt>
<trkpt lat="41.203437" lon="-81.524274">
<ele>286</ele>
<time>2026-07-20T22:58:32Z</time></trkpt>
<trkpt lat="41.203389" lon="-81.524245">
<ele>287</ele>
<time>2026-07-20T22:58:34Z</time></trkpt>
<trkpt lat="41.203219" lon="-81.52419">
<ele>288</ele>
<time>2026-07-20T22:58:40Z</time></trkpt>
<trkpt lat="41.203151" lon="-81.524087">
<ele>290</ele>
<time>2026-07-20T22:58:44Z</time></trkpt>
<trkpt lat="41.203099" lon="-81.523924">
<ele>291</ele>
<time>2026-07-20T22:58:49Z</time></trkpt>
<trkpt lat="41.203094" lon="-81.523837">
<ele>292</ele>
<time>2026-07-20T22:58:52Z</time></trkpt>
<trkpt lat="41.203171" lon="-81.52364">
<ele>294</ele>
<time>2026-07-20T22:58:58Z</time></trkpt>
<trkpt lat="41.203175" lon="-81.523563">
<ele>294</ele>
<time>2026-07-20T22:59:00Z</time></trkpt>
<trkpt lat="41.203108" lon="-81.523398">
<ele>296</ele>
<time>2026-07-20T22:59:06Z</time></trkpt>
<trkpt lat="41.203108" lon="-81.523398">
<ele>296</ele>
<time>2026-07-20T22:59:06Z</time></trkpt>
<trkpt lat="41.203106" lon="-81.523346">
<ele>297</ele>
<time>2026-07-20T22:59:07Z</time></trkpt>
<trkpt lat="41.203124" lon="-81.523313">
<ele>297</ele>
<time>2026-07-20T22:59:08Z</time></trkpt>
<trkpt lat="41.203251" lon="-81.523295">
<ele>296</ele>
<time>2026-07-20T22:59:13Z</time></trkpt>
<trkpt lat="41.203487" lon="-81.52334">
<ele>296</ele>
<time>2026-07-20T22:59:22Z</time></trkpt>
<trkpt lat="41.204068" lon="-81.523288">
<ele>296</ele>
<time>2026-07-20T22:59:40Z</time></trkpt>
<trkpt lat="41.204123" lon="-81.523318">
<ele>296</ele>
<time>2026-07-20T22:59:42Z</time></trkpt>
<trkpt lat="41.204152" lon="-81.523441">
<ele>296</ele>
<time>2026-07-20T22:59:45Z</time></trkpt>
<trkpt lat="41.204135" lon="-81.523907">
<ele>294</ele>
<time>2026-07-20T22:59:55Z</time></trkpt>
<trkpt lat="41.204113" lon="-81.524127">
<ele>293</ele>
<time>2026-07-20T23:00:00Z</time></trkpt>
<trkpt lat="41.204157" lon="-81.524329">
<ele>292</ele>
<time>2026-07-20T23:00:05Z</time></trkpt>
<trkpt lat="41.204297" lon="-81.524593">
<ele>290</ele>
<time>2026-07-20T23:00:12Z</time></trkpt>
<trkpt lat="41.204414" lon="-81.524742">
<ele>290</ele>
<time>2026-07-20T23:00:16Z</time></trkpt>
<trkpt lat="41.204643" lon="-81.524954">
<ele>289</ele>
<time>2026-07-20T23:00:25Z</time></trkpt>
<trkpt lat="41.204924" lon="-81.525282">
<ele>288</ele>
<time>2026-07-20T23:00:36Z</time></trkpt>
<trkpt lat="41.205028" lon="-81.525379">
<ele>287</ele>
<time>2026-07-20T23:00:39Z</time></trkpt>
<trkpt lat="41.205481" lon="-81.52569">
<ele>281</ele>
<time>2026-07-20T23:00:54Z</time></trkpt>
<trkpt lat="41.205534" lon="-81.52568">
<ele>281</ele>
<time>2026-07-20T23:00:56Z</time></trkpt>
<trkpt lat="41.205559" lon="-81.525639">
<ele>281</ele>
<time>2026-07-20T23:00:57Z</time></trkpt>
<trkpt lat="41.205546" lon="-81.525341">
<ele>281</ele>
<time>2026-07-20T23:01:03Z</time></trkpt>
<trkpt lat="41.205581" lon="-81.525204">
<ele>281</ele>
<time>2026-07-20T23:01:06Z</time></trkpt>
<trkpt lat="41.205612" lon="-81.525177">
<ele>282</ele>
<time>2026-07-20T23:01:07Z</time></trkpt>
<trkpt lat="41.205645" lon="-81.525178">
<ele>282</ele>
<time>2026-07-20T23:01:08Z</time></trkpt>
<trkpt lat="41.205691" lon="-81.525215">
<ele>282</ele>
<time>2026-07-20T23:01:10Z</time></trkpt>
<trkpt lat="41.205753" lon="-81.525361">
<ele>281</ele>
<time>2026-07-20T23:01:13Z</time></trkpt>
<trkpt lat="41.205792" lon="-81.525385">
<ele>281</ele>
<time>2026-07-20T23:01:15Z</time></trkpt>
<trkpt lat="41.205879" lon="-81.525328">
<ele>281</ele>
<time>2026-07-20T23:01:17Z</time></trkpt>
<trkpt lat="41.205997" lon="-81.52533">
<ele>281</ele>
<time>2026-07-20T23:01:21Z</time></trkpt>
<trkpt lat="41.206032" lon="-81.525306">
<ele>281</ele>
<time>2026-07-20T23:01:22Z</time></trkpt>
<trkpt lat="41.206232" lon="-81.525025">
<ele>281</ele>
<time>2026-07-20T23:01:30Z</time></trkpt>
<trkpt lat="41.206289" lon="-81.524985">
<ele>280</ele>
<time>2026-07-20T23:01:32Z</time></trkpt>
<trkpt lat="41.206332" lon="-81.524985">
<ele>280</ele>
<time>2026-07-20T23:01:33Z</time></trkpt>
<trkpt lat="41.206562" lon="-81.525214">
<ele>275</ele>
<time>2026-07-20T23:01:42Z</time></trkpt>
<trkpt lat="41.2066" lon="-81.525298">
<ele>274</ele>
<time>2026-07-20T23:01:44Z</time></trkpt>
<trkpt lat="41.206629" lon="-81.525432">
<ele>274</ele>
<time>2026-07-20T23:01:47Z</time></trkpt>
<trkpt lat="41.206683" lon="-81.525529">
<ele>273</ele>
<time>2026-07-20T23:01:49Z</time></trkpt>
<trkpt lat="41.206665" lon="-81.525603">
<ele>273</ele>
<time>2026-07-20T23:01:51Z</time></trkpt>
<trkpt lat="41.206582" lon="-81.525704">
<ele>273</ele>
<time>2026-07-20T23:01:54Z</time></trkpt>
<trkpt lat="41.206579" lon="-81.525808">
<ele>271</ele>
<time>2026-07-20T23:01:56Z</time></trkpt>
<trkpt lat="41.206604" lon="-81.52584">
<ele>270</ele>
<time>2026-07-20T23:01:57Z</time></trkpt>
<trkpt lat="41.206804" lon="-81.525792">
<ele>268</ele>
<time>2026-07-20T23:02:03Z</time></trkpt>
<trkpt lat="41.206889" lon="-81.52579">
<ele>267</ele>
<time>2026-07-20T23:02:06Z</time></trkpt>
<trkpt lat="41.207033" lon="-81.52585">
<ele>266</ele>
<time>2026-07-20T23:02:10Z</time></trkpt>
<trkpt lat="41.207195" lon="-81.525858">
<ele>265</ele>
<time>2026-07-20T23:02:15Z</time></trkpt>
<trkpt lat="41.207284" lon="-81.525809">
<ele>264</ele>
<time>2026-07-20T23:02:17Z</time></trkpt>
<trkpt lat="41.207355" lon="-81.525687">
<ele>265</ele>
<time>2026-07-20T23:02:22Z</time></trkpt>
<trkpt lat="41.207422" lon="-81.525626">
<ele>265</ele>
<time>2026-07-20T23:02:26Z</time></trkpt>
<trkpt lat="41.207505" lon="-81.525598">
<ele>266</ele>
<time>2026-07-20T23:02:30Z</time></trkpt>
<trkpt lat="41.20757" lon="-81.525615">
<ele>269</ele>
<time>2026-07-20T23:02:33Z</time></trkpt>
<trkpt lat="41.207635" lon="-81.525737">
<ele>271</ele>
<time>2026-07-20T23:02:38Z</time></trkpt>
<trkpt lat="41.20776" lon="-81.526139">
<ele>272</ele>
<time>2026-07-20T23:02:52Z</time></trkpt>
<trkpt lat="41.207851" lon="-81.526263">
<ele>275</ele>
<time>2026-07-20T23:02:58Z</time></trkpt>
<trkpt lat="41.208103" lon="-81.526341">
<ele>280</ele>
<time>2026-07-20T23:03:09Z</time></trkpt>
<trkpt lat="41.208264" lon="-81.526432">
<ele>280</ele>
<time>2026-07-20T23:03:17Z</time></trkpt>
<trkpt lat="41.208422" lon="-81.52648">
<ele>281</ele>
<time>2026-07-20T23:03:24Z</time></trkpt>
<trkpt lat="41.208559" lon="-81.526557">
<ele>281</ele>
<time>2026-07-20T23:03:31Z</time></trkpt>
<trkpt lat="41.208641" lon="-81.526521">
<ele>281</ele>
<time>2026-07-20T23:03:35Z</time></trkpt>
<trkpt lat="41.208702" lon="-81.526531">
<ele>281</ele>
<time>2026-07-20T23:03:38Z</time></trkpt>
<trkpt lat="41.208767" lon="-81.52656">
<ele>281</ele>
<time>2026-07-20T23:03:41Z</time></trkpt>
<trkpt lat="41.208808" lon="-81.526557">
<ele>281</ele>
<time>2026-07-20T23:03:42Z</time></trkpt>
<trkpt lat="41.208989" lon="-81.526423">
<ele>280</ele>
<time>2026-07-20T23:03:52Z</time></trkpt>
<trkpt lat="41.209116" lon="-81.526225">
<ele>279</ele>
<time>2026-07-20T23:04:00Z</time></trkpt>
<trkpt lat="41.209424" lon="-81.526751">
<ele>278</ele>
<time>2026-07-20T23:04:23Z</time></trkpt>
<trkpt lat="41.209686" lon="-81.527136">
<ele>278</ele>
<time>2026-07-20T23:04:37Z</time></trkpt>
<trkpt lat="41.210271" lon="-81.528119">
<ele>275</ele>
<time>2026-07-20T23:05:08Z</time></trkpt>
<trkpt lat="41.210305" lon="-81.528225">
<ele>275</ele>
<time>2026-07-20T23:05:11Z</time></trkpt>
<trkpt lat="41.210342" lon="-81.528514">
<ele>275</ele>
<time>2026-07-20T23:05:19Z</time></trkpt>
<trkpt lat="41.21037" lon="-81.52858">
<ele>275</ele>
<time>2026-07-20T23:05:20Z</time></trkpt>
<trkpt lat="41.210418" lon="-81.528637">
<ele>275</ele>
<time>2026-07-20T23:05:23Z</time></trkpt>
<trkpt lat="41.210678" lon="-81.528762">
<ele>276</ele>
<time>2026-07-20T23:05:32Z</time></trkpt>
<trkpt lat="41.210678" lon="-81.528762">
<ele>276</ele>
<time>2026-07-20T23:05:32Z</time></trkpt>
<trkpt lat="41.210737" lon="-81.52879">
<ele>275</ele>
<time>2026-07-20T23:05:34Z</time></trkpt>
<trkpt lat="41.210803" lon="-81.528857">
<ele>275</ele>
<time>2026-07-20T23:05:36Z</time></trkpt>
<trkpt lat="41.21099" lon="-81.529236">
<ele>275</ele>
<time>2026-07-20T23:05:48Z</time></trkpt>
<trkpt lat="41.211181" lon="-81.529334">
<ele>276</ele>
<time>2026-07-20T23:05:55Z</time></trkpt>
<trkpt lat="41.212261" lon="-81.530353">
<ele>274</ele>
<time>2026-07-20T23:06:38Z</time></trkpt>
<trkpt lat="41.212638" lon="-81.530581">
<ele>275</ele>
<time>2026-07-20T23:06:51Z</time></trkpt>
<trkpt lat="41.213567" lon="-81.530931">
<ele>272</ele>
<time>2026-07-20T23:07:22Z</time></trkpt>
<trkpt lat="41.2136565" lon="-81.5309921">
<ele>272</ele>
<time>2026-07-20T23:07:26Z</time></trkpt>
<trkpt lat="41.2138139" lon="-81.5310162">
<ele>273</ele>
<time>2026-07-20T23:07:31Z</time></trkpt>
<trkpt lat="41.2140298" lon="-81.5309063">
<ele>273</ele>
<time>2026-07-20T23:07:38Z</time></trkpt>
<trkpt lat="41.2141852" lon="-81.5308365">
<ele>274</ele>
<time>2026-07-20T23:07:44Z</time></trkpt>
<trkpt lat="41.2143062" lon="-81.5309063">
<ele>272</ele>
<time>2026-07-20T23:07:48Z</time></trkpt>
<trkpt lat="41.2143547" lon="-81.5310243">
<ele>272</ele>
<time>2026-07-20T23:07:51Z</time></trkpt>
<trkpt lat="41.2144354" lon="-81.5311906">
<ele>272</ele>
<time>2026-07-20T23:07:56Z</time></trkpt>
<trkpt lat="41.2144576" lon="-81.5314293">
<ele>273</ele>
<time>2026-07-20T23:08:02Z</time></trkpt>
<trkpt lat="41.2145988" lon="-81.5315822">
<ele>274</ele>
<time>2026-07-20T23:08:08Z</time></trkpt>
<trkpt lat="41.2148006" lon="-81.5318397">
<ele>275</ele>
<time>2026-07-20T23:08:18Z</time></trkpt>
<trkpt lat="41.2151758" lon="-81.5319711">
<ele>273</ele>
<time>2026-07-20T23:08:30Z</time></trkpt>
<trkpt lat="41.215176" lon="-81.53197">
<ele>273</ele>
<time>2026-07-20T23:08:30Z</time></trkpt>
<trkpt lat="41.215363" lon="-81.532001">
<ele>271</ele>
<time>2026-07-20T23:08:37Z</time></trkpt>
<trkpt lat="41.215363" lon="-81.532001">
<ele>271</ele>
<time>2026-07-20T23:08:37Z</time></trkpt>
<trkpt lat="41.215641" lon="-81.532047">
<ele>269</ele>
<time>2026-07-20T23:08:46Z</time></trkpt>
<trkpt lat="41.215792" lon="-81.532046">
<ele>266</ele>
<time>2026-07-20T23:08:51Z</time></trkpt>
<trkpt lat="41.215822" lon="-81.53211">
<ele>266</ele>
<time>2026-07-20T23:08:53Z</time></trkpt>
<trkpt lat="41.215926" lon="-81.532224">
<ele>265</ele>
<time>2026-07-20T23:08:57Z</time></trkpt>
<trkpt lat="41.215926" lon="-81.532224">
<ele>265</ele>
<time>2026-07-20T23:08:57Z</time></trkpt>
<trkpt lat="41.216019" lon="-81.532326">
<ele>263</ele>
<time>2026-07-20T23:09:01Z</time></trkpt>
<trkpt lat="41.216143" lon="-81.532461">
<ele>263</ele>
<time>2026-07-20T23:09:06Z</time></trkpt>
<trkpt lat="41.21648" lon="-81.532872">
<ele>273</ele>
<time>2026-07-20T23:09:21Z</time></trkpt>
<trkpt lat="41.216523" lon="-81.532956">
<ele>274</ele>
<time>2026-07-20T23:09:24Z</time></trkpt>
<trkpt lat="41.216575" lon="-81.533347">
<ele>274</ele>
<time>2026-07-20T23:09:33Z</time></trkpt>
<trkpt lat="41.216508" lon="-81.5337">
<ele>276</ele>
<time>2026-07-20T23:09:42Z</time></trkpt>
<trkpt lat="41.216509" lon="-81.53378">
<ele>276</ele>
<time>2026-07-20T23:09:44Z</time></trkpt>
<trkpt lat="41.216597" lon="-81.534036">
<ele>275</ele>
<time>2026-07-20T23:09:51Z</time></trkpt>
<trkpt lat="41.21693" lon="-81.534452">
<ele>270</ele>
<time>2026-07-20T23:10:05Z</time></trkpt>
<trkpt lat="41.217022" lon="-81.534607">
<ele>269</ele>
<time>2026-07-20T23:10:10Z</time></trkpt>
<trkpt lat="41.217175" lon="-81.534976">
<ele>269</ele>
<time>2026-07-20T23:10:20Z</time></trkpt>
<trkpt lat="41.217287" lon="-81.535129">
<ele>269</ele>
<time>2026-07-20T23:10:25Z</time></trkpt>
<trkpt lat="41.217331" lon="-81.535254">
<ele>269</ele>
<time>2026-07-20T23:10:29Z</time></trkpt>
<trkpt lat="41.217448" lon="-81.535687">
<ele>266</ele>
<time>2026-07-20T23:10:40Z</time></trkpt>
<trkpt lat="41.217444" lon="-81.535772">
<ele>266</ele>
<time>2026-07-20T23:10:42Z</time></trkpt>
<trkpt lat="41.217338" lon="-81.536055">
<ele>268</ele>
<time>2026-07-20T23:10:49Z</time></trkpt>
<trkpt lat="41.217335" lon="-81.536143">
<ele>268</ele>
<time>2026-07-20T23:10:51Z</time></trkpt>
<trkpt lat="41.217354" lon="-81.536214">
<ele>268</ele>
<time>2026-07-20T23:10:53Z</time></trkpt>
<trkpt lat="41.217516" lon="-81.53651">
<ele>269</ele>
<time>2026-07-20T23:11:02Z</time></trkpt>
<trkpt lat="41.217582" lon="-81.536576">
<ele>269</ele>
<time>2026-07-20T23:11:05Z</time></trkpt>
<trkpt lat="41.217709" lon="-81.536643">
<ele>268</ele>
<time>2026-07-20T23:11:09Z</time></trkpt>
<trkpt lat="41.217892" lon="-81.536867">
<ele>269</ele>
<time>2026-07-20T23:11:17Z</time></trkpt>
<trkpt lat="41.217922" lon="-81.536934">
<ele>269</ele>
<time>2026-07-20T23:11:19Z</time></trkpt>
<trkpt lat="41.217965" lon="-81.537219">
<ele>269</ele>
<time>2026-07-20T23:11:26Z</time></trkpt>
<trkpt lat="41.217986" lon="-81.537262">
<ele>269</ele>
<time>2026-07-20T23:11:27Z</time></trkpt>
<trkpt lat="41.21814" lon="-81.537335">
<ele>267</ele>
<time>2026-07-20T23:11:32Z</time></trkpt>
<trkpt lat="41.218268" lon="-81.537421">
<ele>267</ele>
<time>2026-07-20T23:11:37Z</time></trkpt>
<trkpt lat="41.218394" lon="-81.537435">
<ele>265</ele>
<time>2026-07-20T23:11:41Z</time></trkpt>
<trkpt lat="41.218673" lon="-81.53763">
<ele>265</ele>
<time>2026-07-20T23:11:51Z</time></trkpt>
<trkpt lat="41.218748" lon="-81.537646">
<ele>265</ele>
<time>2026-07-20T23:11:53Z</time></trkpt>
<trkpt lat="41.21886" lon="-81.537631">
<ele>265</ele>
<time>2026-07-20T23:11:57Z</time></trkpt>
<trkpt lat="41.218961" lon="-81.537664">
<ele>264</ele>
<time>2026-07-20T23:12:00Z</time></trkpt>
<trkpt lat="41.219095" lon="-81.537762">
<ele>264</ele>
<time>2026-07-20T23:12:05Z</time></trkpt>
<trkpt lat="41.219221" lon="-81.537906">
<ele>264</ele>
<time>2026-07-20T23:12:10Z</time></trkpt>
<trkpt lat="41.219277" lon="-81.537943">
<ele>264</ele>
<time>2026-07-20T23:12:12Z</time></trkpt>
<trkpt lat="41.219847" lon="-81.538087">
<ele>263</ele>
<time>2026-07-20T23:12:31Z</time></trkpt>
<trkpt lat="41.219919" lon="-81.538144">
<ele>262</ele>
<time>2026-07-20T23:12:34Z</time></trkpt>
<trkpt lat="41.219981" lon="-81.538291">
<ele>263</ele>
<time>2026-07-20T23:12:38Z</time></trkpt>
<trkpt lat="41.220081" lon="-81.538622">
<ele>262</ele>
<time>2026-07-20T23:12:47Z</time></trkpt>
<trkpt lat="41.220184" lon="-81.539045">
<ele>261</ele>
<time>2026-07-20T23:12:57Z</time></trkpt>
<trkpt lat="41.220182" lon="-81.539147">
<ele>261</ele>
<time>2026-07-20T23:13:00Z</time></trkpt>
<trkpt lat="41.220147" lon="-81.539276">
<ele>262</ele>
<time>2026-07-20T23:13:03Z</time></trkpt>
<trkpt lat="41.220153" lon="-81.539414">
<ele>262</ele>
<time>2026-07-20T23:13:07Z</time></trkpt>
<trkpt lat="41.220196" lon="-81.539523">
<ele>261</ele>
<time>2026-07-20T23:13:10Z</time></trkpt>
<trkpt lat="41.220444" lon="-81.539803">
<ele>261</ele>
<time>2026-07-20T23:13:20Z</time></trkpt>
<trkpt lat="41.220501" lon="-81.539933">
<ele>262</ele>
<time>2026-07-20T23:13:24Z</time></trkpt>
<trkpt lat="41.220534" lon="-81.54009">
<ele>263</ele>
<time>2026-07-20T23:13:28Z</time></trkpt>
<trkpt lat="41.220551" lon="-81.540278">
<ele>263</ele>
<time>2026-07-20T23:13:32Z</time></trkpt>
<trkpt lat="41.220591" lon="-81.540359">
<ele>263</ele>
<time>2026-07-20T23:13:35Z</time></trkpt>
<trkpt lat="41.220639" lon="-81.540392">
<ele>263</ele>
<time>2026-07-20T23:13:37Z</time></trkpt>
<trkpt lat="41.221006" lon="-81.540437">
<ele>262</ele>
<time>2026-07-20T23:13:48Z</time></trkpt>
<trkpt lat="41.221137" lon="-81.5405">
<ele>261</ele>
<time>2026-07-20T23:13:53Z</time></trkpt>
<trkpt lat="41.221272" lon="-81.540514">
<ele>261</ele>
<time>2026-07-20T23:13:57Z</time></trkpt>
<trkpt lat="41.221345" lon="-81.540543">
<ele>261</ele>
<time>2026-07-20T23:14:00Z</time></trkpt>
<trkpt lat="41.221446" lon="-81.540698">
<ele>260</ele>
<time>2026-07-20T23:14:05Z</time></trkpt>
<trkpt lat="41.221532" lon="-81.540789">
<ele>259</ele>
<time>2026-07-20T23:14:08Z</time></trkpt>
<trkpt lat="41.221609" lon="-81.540933">
<ele>259</ele>
<time>2026-07-20T23:14:11Z</time></trkpt>
<trkpt lat="41.221764" lon="-81.541124">
<ele>256</ele>
<time>2026-07-20T23:14:16Z</time></trkpt>
<trkpt lat="41.221834" lon="-81.541302">
<ele>255</ele>
<time>2026-07-20T23:14:20Z</time></trkpt>
<trkpt lat="41.221948" lon="-81.54148">
<ele>253</ele>
<time>2026-07-20T23:14:24Z</time></trkpt>
<trkpt lat="41.222" lon="-81.541527">
<ele>252</ele>
<time>2026-07-20T23:14:25Z</time></trkpt>
<trkpt lat="41.222203" lon="-81.541541">
<ele>248</ele>
<time>2026-07-20T23:14:30Z</time></trkpt>
<trkpt lat="41.222302" lon="-81.541492">
<ele>246</ele>
<time>2026-07-20T23:14:33Z</time></trkpt>
<trkpt lat="41.22248" lon="-81.541452">
<ele>243</ele>
<time>2026-07-20T23:14:37Z</time></trkpt>
<trkpt lat="41.222578" lon="-81.541471">
<ele>241</ele>
<time>2026-07-20T23:14:39Z</time></trkpt>
<trkpt lat="41.22264" lon="-81.54152">
<ele>239</ele>
<time>2026-07-20T23:14:41Z</time></trkpt>
<trkpt lat="41.222742" lon="-81.541676">
<ele>240</ele>
<time>2026-07-20T23:14:45Z</time></trkpt>
<trkpt lat="41.222876" lon="-81.541746">
<ele>236</ele>
<time>2026-07-20T23:14:48Z</time></trkpt>
<trkpt lat="41.222945" lon="-81.541841">
<ele>234</ele>
<time>2026-07-20T23:14:50Z</time></trkpt>
<trkpt lat="41.223045" lon="-81.54191">
<ele>232</ele>
<time>2026-07-20T23:14:53Z</time></trkpt>
<trkpt lat="41.223152" lon="-81.541941">
<ele>230</ele>
<time>2026-07-20T23:14:56Z</time></trkpt>
<trkpt lat="41.22323" lon="-81.541991">
<ele>228</ele>
<time>2026-07-20T23:14:58Z</time></trkpt>
<trkpt lat="41.223234" lon="-81.542142">
<ele>226</ele>
<time>2026-07-20T23:15:00Z</time></trkpt>
<trkpt lat="41.223148" lon="-81.542276">
<ele>225</ele>
<time>2026-07-20T23:15:04Z</time></trkpt>
<trkpt lat="41.223118" lon="-81.542403">
<ele>225</ele>
<time>2026-07-20T23:15:06Z</time></trkpt>
<trkpt lat="41.223003" lon="-81.542632">
<ele>225</ele>
<time>2026-07-20T23:15:11Z</time></trkpt>
<trkpt lat="41.222964" lon="-81.542907">
<ele>225</ele>
<time>2026-07-20T23:15:16Z</time></trkpt>
<trkpt lat="41.22276" lon="-81.543233">
<ele>226</ele>
<time>2026-07-20T23:15:30Z</time></trkpt>
<trkpt lat="41.222681" lon="-81.543483">
<ele>227</ele>
<time>2026-07-20T23:15:40Z</time></trkpt>
<trkpt lat="41.222656" lon="-81.543646">
<ele>227</ele>
<time>2026-07-20T23:15:46Z</time></trkpt>
<trkpt lat="41.222729" lon="-81.544356">
<ele>226</ele>
<time>2026-07-20T23:16:11Z</time></trkpt>
<trkpt lat="41.222648" lon="-81.544669">
<ele>228</ele>
<time>2026-07-20T23:16:23Z</time></trkpt>
<trkpt lat="41.22265" lon="-81.544939">
<ele>229</ele>
<time>2026-07-20T23:16:33Z</time></trkpt>
<trkpt lat="41.222603" lon="-81.545101">
<ele>232</ele>
<time>2026-07-20T23:16:39Z</time></trkpt>
<trkpt lat="41.222575" lon="-81.545274">
<ele>234</ele>
<time>2026-07-20T23:16:45Z</time></trkpt>
<trkpt lat="41.222576" lon="-81.545357">
<ele>235</ele>
<time>2026-07-20T23:16:48Z</time></trkpt>
<trkpt lat="41.222639" lon="-81.545585">
<ele>236</ele>
<time>2026-07-20T23:16:57Z</time></trkpt>
<trkpt lat="41.222662" lon="-81.545743">
<ele>238</ele>
<time>2026-07-20T23:17:03Z</time></trkpt>
<trkpt lat="41.22264" lon="-81.545896">
<ele>240</ele>
<time>2026-07-20T23:17:08Z</time></trkpt>
<trkpt lat="41.222636" lon="-81.546055">
<ele>239</ele>
<time>2026-07-20T23:17:14Z</time></trkpt>
<trkpt lat="41.222682" lon="-81.546387">
<ele>239</ele>
<time>2026-07-20T23:17:26Z</time></trkpt>
<trkpt lat="41.22263" lon="-81.54678">
<ele>243</ele>
<time>2026-07-20T23:17:40Z</time></trkpt>
<trkpt lat="41.222583" lon="-81.546836">
<ele>243</ele>
<time>2026-07-20T23:17:41Z</time></trkpt>
<trkpt lat="41.22248" lon="-81.546846">
<ele>244</ele>
<time>2026-07-20T23:17:44Z</time></trkpt>
<trkpt lat="41.222383" lon="-81.546917">
<ele>246</ele>
<time>2026-07-20T23:17:47Z</time></trkpt>
<trkpt lat="41.222188" lon="-81.546891">
<ele>247</ele>
<time>2026-07-20T23:17:53Z</time></trkpt>
<trkpt lat="41.221998" lon="-81.546966">
<ele>247</ele>
<time>2026-07-20T23:17:58Z</time></trkpt>
<trkpt lat="41.221891" lon="-81.546929">
<ele>246</ele>
<time>2026-07-20T23:18:01Z</time></trkpt>
<trkpt lat="41.221816" lon="-81.546933">
<ele>245</ele>
<time>2026-07-20T23:18:03Z</time></trkpt>
<trkpt lat="41.221442" lon="-81.547169">
<ele>236</ele>
<time>2026-07-20T23:18:15Z</time></trkpt>
<trkpt lat="41.221427" lon="-81.547217">
<ele>234</ele>
<time>2026-07-20T23:18:16Z</time></trkpt>
<trkpt lat="41.221662" lon="-81.547526">
<ele>229</ele>
<time>2026-07-20T23:18:25Z</time></trkpt>
<trkpt lat="41.221719" lon="-81.547576">
<ele>228</ele>
<time>2026-07-20T23:18:27Z</time></trkpt>
<trkpt lat="41.221818" lon="-81.547605">
<ele>228</ele>
<time>2026-07-20T23:18:30Z</time></trkpt>
<trkpt lat="41.221954" lon="-81.547699">
<ele>226</ele>
<time>2026-07-20T23:18:34Z</time></trkpt>
<trkpt lat="41.222009" lon="-81.547704">
<ele>225</ele>
<time>2026-07-20T23:18:36Z</time></trkpt>
<trkpt lat="41.222179" lon="-81.547656">
<ele>225</ele>
<time>2026-07-20T23:18:40Z</time></trkpt>
<trkpt lat="41.222429" lon="-81.54774">
<ele>223</ele>
<time>2026-07-20T23:18:48Z</time></trkpt>
<trkpt lat="41.222595" lon="-81.547749">
<ele>223</ele>
<time>2026-07-20T23:18:52Z</time></trkpt>
<trkpt lat="41.222745" lon="-81.547851">
<ele>223</ele>
<time>2026-07-20T23:18:57Z</time></trkpt>
<trkpt lat="41.222823" lon="-81.547872">
<ele>223</ele>
<time>2026-07-20T23:18:59Z</time></trkpt>
<trkpt lat="41.223151" lon="-81.54766">
<ele>223</ele>
<time>2026-07-20T23:19:11Z</time></trkpt>
<trkpt lat="41.223457" lon="-81.547625">
<ele>223</ele>
<time>2026-07-20T23:19:21Z</time></trkpt>
<trkpt lat="41.223561" lon="-81.54767">
<ele>223</ele>
<time>2026-07-20T23:19:24Z</time></trkpt>
<trkpt lat="41.223632" lon="-81.547679">
<ele>223</ele>
<time>2026-07-20T23:19:26Z</time></trkpt>
<trkpt lat="41.223765" lon="-81.547596">
<ele>223</ele>
<time>2026-07-20T23:19:31Z</time></trkpt>
<trkpt lat="41.223955" lon="-81.547571">
<ele>223</ele>
<time>2026-07-20T23:19:37Z</time></trkpt>
<trkpt lat="41.22409" lon="-81.547465">
<ele>223</ele>
<time>2026-07-20T23:19:42Z</time></trkpt>
<trkpt lat="41.224157" lon="-81.547461">
<ele>223</ele>
<time>2026-07-20T23:19:44Z</time></trkpt>
<trkpt lat="41.224359" lon="-81.547525">
<ele>219</ele>
<time>2026-07-20T23:19:51Z</time></trkpt>
<trkpt lat="41.224477" lon="-81.547532">
<ele>218</ele>
<time>2026-07-20T23:19:55Z</time></trkpt>
<trkpt lat="41.224757" lon="-81.547417">
<ele>219</ele>
<time>2026-07-20T23:20:04Z</time></trkpt>
<trkpt lat="41.225064" lon="-81.547244">
<ele>220</ele>
<time>2026-07-20T23:20:15Z</time></trkpt>
<trkpt lat="41.225124" lon="-81.5472">
<ele>220</ele>
<time>2026-07-20T23:20:17Z</time></trkpt>
<trkpt lat="41.22523" lon="-81.547069">
<ele>223</ele>
<time>2026-07-20T23:20:22Z</time></trkpt>
<trkpt lat="41.225413" lon="-81.547054">
<ele>221</ele>
<time>2026-07-20T23:20:28Z</time></trkpt>
<trkpt lat="41.225439" lon="-81.547022">
<ele>221</ele>
<time>2026-07-20T23:20:29Z</time></trkpt>
<trkpt lat="41.225447" lon="-81.546964">
<ele>221</ele>
<time>2026-07-20T23:20:30Z</time></trkpt>
<trkpt lat="41.225436" lon="-81.546879">
<ele>220</ele>
<time>2026-07-20T23:20:32Z</time></trkpt>
<trkpt lat="41.225401" lon="-81.546784">
<ele>219</ele>
<time>2026-07-20T23:20:35Z</time></trkpt>
<trkpt lat="41.225347" lon="-81.546714">
<ele>219</ele>
<time>2026-07-20T23:20:37Z</time></trkpt>
<trkpt lat="41.224949" lon="-81.546389">
<ele>219</ele>
<time>2026-07-20T23:20:53Z</time></trkpt>
<trkpt lat="41.224551" lon="-81.546119">
<ele>218</ele>
<time>2026-07-20T23:21:08Z</time></trkpt>
<trkpt lat="41.2243" lon="-81.546171">
<ele>219</ele>
<time>2026-07-20T23:21:16Z</time></trkpt>
<trkpt lat="41.224063" lon="-81.546123">
<ele>219</ele>
<time>2026-07-20T23:21:24Z</time></trkpt>
<trkpt lat="41.223954" lon="-81.546049">
<ele>218</ele>
<time>2026-07-20T23:21:28Z</time></trkpt>
<trkpt lat="41.223867" lon="-81.545934">
<ele>218</ele>
<time>2026-07-20T23:21:32Z</time></trkpt>
<trkpt lat="41.223768" lon="-81.545781">
<ele>218</ele>
<time>2026-07-20T23:21:38Z</time></trkpt>
<trkpt lat="41.223705" lon="-81.545613">
<ele>218</ele>
<time>2026-07-20T23:21:42Z</time></trkpt>
<trkpt lat="41.223701" lon="-81.545499">
<ele>219</ele>
<time>2026-07-20T23:21:45Z</time></trkpt>
<trkpt lat="41.223726" lon="-81.545351">
<ele>219</ele>
<time>2026-07-20T23:21:49Z</time></trkpt>
<trkpt lat="41.223774" lon="-81.54527">
<ele>218</ele>
<time>2026-07-20T23:21:51Z</time></trkpt>
<trkpt lat="41.223892" lon="-81.545212">
<ele>218</ele>
<time>2026-07-20T23:21:56Z</time></trkpt>
<trkpt lat="41.223969" lon="-81.545131">
<ele>218</ele>
<time>2026-07-20T23:21:59Z</time></trkpt>
<trkpt lat="41.224019" lon="-81.54505">
<ele>218</ele>
<time>2026-07-20T23:22:02Z</time></trkpt>
<trkpt lat="41.22411" lon="-81.544786">
<ele>218</ele>
<time>2026-07-20T23:22:09Z</time></trkpt>
<trkpt lat="41.224142" lon="-81.544454">
<ele>219</ele>
<time>2026-07-20T23:22:17Z</time></trkpt>
<trkpt lat="41.224253" lon="-81.543941">
<ele>219</ele>
<time>2026-07-20T23:22:32Z</time></trkpt>
<trkpt lat="41.224211" lon="-81.543641">
<ele>219</ele>
<time>2026-07-20T23:22:41Z</time></trkpt>
<trkpt lat="41.224227" lon="-81.543503">
<ele>219</ele>
<time>2026-07-20T23:22:45Z</time></trkpt>
<trkpt lat="41.224338" lon="-81.54316">
<ele>218</ele>
<time>2026-07-20T23:22:55Z</time></trkpt>
<trkpt lat="41.22441" lon="-81.542721">
<ele>218</ele>
<time>2026-07-20T23:23:08Z</time></trkpt>
<trkpt lat="41.224563" lon="-81.542398">
<ele>218</ele>
<time>2026-07-20T23:23:19Z</time></trkpt>
<trkpt lat="41.22458" lon="-81.542331">
<ele>218</ele>
<time>2026-07-20T23:23:21Z</time></trkpt>
<trkpt lat="41.224592" lon="-81.542031">
<ele>218</ele>
<time>2026-07-20T23:23:29Z</time></trkpt>
<trkpt lat="41.224644" lon="-81.541809">
<ele>218</ele>
<time>2026-07-20T23:23:36Z</time></trkpt>
<trkpt lat="41.224601" lon="-81.541467">
<ele>218</ele>
<time>2026-07-20T23:23:45Z</time></trkpt>
<trkpt lat="41.22462" lon="-81.541394">
<ele>218</ele>
<time>2026-07-20T23:23:47Z</time></trkpt>
<trkpt lat="41.22473" lon="-81.54125">
<ele>218</ele>
<time>2026-07-20T23:23:53Z</time></trkpt>
<trkpt lat="41.224823" lon="-81.54103">
<ele>221</ele>
<time>2026-07-20T23:24:00Z</time></trkpt>
<trkpt lat="41.224926" lon="-81.54093">
<ele>224</ele>
<time>2026-07-20T23:24:05Z</time></trkpt>
<trkpt lat="41.225159" lon="-81.540833">
<ele>224</ele>
<time>2026-07-20T23:24:18Z</time></trkpt>
<trkpt lat="41.225183" lon="-81.54078">
<ele>224</ele>
<time>2026-07-20T23:24:20Z</time></trkpt>
<trkpt lat="41.22509" lon="-81.540678">
<ele>227</ele>
<time>2026-07-20T23:24:26Z</time></trkpt>
<trkpt lat="41.225028" lon="-81.540643">
<ele>230</ele>
<time>2026-07-20T23:24:30Z</time></trkpt>
<trkpt lat="41.224993" lon="-81.540657">
<ele>231</ele>
<time>2026-07-20T23:24:32Z</time></trkpt>
<trkpt lat="41.224894" lon="-81.540631">
<ele>233</ele>
<time>2026-07-20T23:24:37Z</time></trkpt>
<trkpt lat="41.224699" lon="-81.540432">
<ele>235</ele>
<time>2026-07-20T23:24:50Z</time></trkpt>
<trkpt lat="41.224649" lon="-81.5404">
<ele>234</ele>
<time>2026-07-20T23:24:52Z</time></trkpt>
<trkpt lat="41.224482" lon="-81.540367">
<ele>233</ele>
<time>2026-07-20T23:25:01Z</time></trkpt>
<trkpt lat="41.22429" lon="-81.540361">
<ele>234</ele>
<time>2026-07-20T23:25:11Z</time></trkpt>
<trkpt lat="41.224196" lon="-81.540401">
<ele>235</ele>
<time>2026-07-20T23:25:16Z</time></trkpt>
<trkpt lat="41.224074" lon="-81.540489">
<ele>236</ele>
<time>2026-07-20T23:25:23Z</time></trkpt>
<trkpt lat="41.223953" lon="-81.540608">
<ele>236</ele>
<time>2026-07-20T23:25:31Z</time></trkpt>
<trkpt lat="41.223915" lon="-81.540619">
<ele>237</ele>
<time>2026-07-20T23:25:33Z</time></trkpt>
<trkpt lat="41.223743" lon="-81.540598">
<ele>238</ele>
<time>2026-07-20T23:25:42Z</time></trkpt>
<trkpt lat="41.2237" lon="-81.540578">
<ele>238</ele>
<time>2026-07-20T23:25:44Z</time></trkpt>
<trkpt lat="41.223497" lon="-81.540244">
<ele>239</ele>
<time>2026-07-20T23:26:01Z</time></trkpt>
<trkpt lat="41.223456" lon="-81.540032">
<ele>239</ele>
<time>2026-07-20T23:26:10Z</time></trkpt>
<trkpt lat="41.223355" lon="-81.53985">
<ele>241</ele>
<time>2026-07-20T23:26:18Z</time></trkpt>
<trkpt lat="41.223307" lon="-81.539806">
<ele>242</ele>
<time>2026-07-20T23:26:21Z</time></trkpt>
<trkpt lat="41.223271" lon="-81.53978">
<ele>242</ele>
<time>2026-07-20T23:26:23Z</time></trkpt>
<trkpt lat="41.222986" lon="-81.539758">
<ele>247</ele>
<time>2026-07-20T23:26:38Z</time></trkpt>
<trkpt lat="41.222769" lon="-81.539656">
<ele>249</ele>
<time>2026-07-20T23:26:45Z</time></trkpt>
<trkpt lat="41.22271" lon="-81.539665">
<ele>249</ele>
<time>2026-07-20T23:26:46Z</time></trkpt>
<trkpt lat="41.222576" lon="-81.539727">
<ele>251</ele>
<time>2026-07-20T23:26:50Z</time></trkpt>
<trkpt lat="41.222523" lon="-81.539701">
<ele>251</ele>
<time>2026-07-20T23:26:52Z</time></trkpt>
<trkpt lat="41.222365" lon="-81.539674">
<ele>250</ele>
<time>2026-07-20T23:26:56Z</time></trkpt>
<trkpt lat="41.222205" lon="-81.53972">
<ele>250</ele>
<time>2026-07-20T23:27:01Z</time></trkpt>
<trkpt lat="41.222123" lon="-81.53972">
<ele>250</ele>
<time>2026-07-20T23:27:03Z</time></trkpt>
<trkpt lat="41.222022" lon="-81.539627">
<ele>248</ele>
<time>2026-07-20T23:27:07Z</time></trkpt>
<trkpt lat="41.2220058" lon="-81.5395726">
<ele>248</ele>
<time>2026-07-20T23:27:08Z</time></trkpt>
<trkpt lat="41.221962" lon="-81.539476">
<ele>246</ele>
<time>2026-07-20T23:27:10Z</time></trkpt>
<trkpt lat="41.221918" lon="-81.539137">
<ele>242</ele>
<time>2026-07-20T23:27:18Z</time></trkpt>
<trkpt lat="41.221872" lon="-81.539006">
<ele>240</ele>
<time>2026-07-20T23:27:21Z</time></trkpt>
<trkpt lat="41.221836" lon="-81.538951">
<ele>239</ele>
<time>2026-07-20T23:27:22Z</time></trkpt>
<trkpt lat="41.221797" lon="-81.538925">
<ele>238</ele>
<time>2026-07-20T23:27:23Z</time></trkpt>
<trkpt lat="41.221738" lon="-81.538924">
<ele>238</ele>
<time>2026-07-20T23:27:25Z</time></trkpt>
<trkpt lat="41.221653" lon="-81.538906">
<ele>236</ele>
<time>2026-07-20T23:27:27Z</time></trkpt>
<trkpt lat="41.221608" lon="-81.538846">
<ele>236</ele>
<time>2026-07-20T23:27:29Z</time></trkpt>
<trkpt lat="41.221521" lon="-81.538678">
<ele>232</ele>
<time>2026-07-20T23:27:34Z</time></trkpt>
<trkpt lat="41.221433" lon="-81.538655">
<ele>232</ele>
<time>2026-07-20T23:27:36Z</time></trkpt>
<trkpt lat="41.221265" lon="-81.538647">
<ele>234</ele>
<time>2026-07-20T23:27:41Z</time></trkpt>
<trkpt lat="41.221122" lon="-81.538351">
<ele>232</ele>
<time>2026-07-20T23:27:48Z</time></trkpt>
<trkpt lat="41.221043" lon="-81.538241">
<ele>233</ele>
<time>2026-07-20T23:27:51Z</time></trkpt>
<trkpt lat="41.221017" lon="-81.538151">
<ele>233</ele>
<time>2026-07-20T23:27:53Z</time></trkpt>
<trkpt lat="41.221015" lon="-81.538039">
<ele>231</ele>
<time>2026-07-20T23:27:56Z</time></trkpt>
<trkpt lat="41.221036" lon="-81.537935">
<ele>231</ele>
<time>2026-07-20T23:27:58Z</time></trkpt>
<trkpt lat="41.221131" lon="-81.537778">
<ele>228</ele>
<time>2026-07-20T23:28:03Z</time></trkpt>
<trkpt lat="41.221185" lon="-81.53765">
<ele>228</ele>
<time>2026-07-20T23:28:07Z</time></trkpt>
<trkpt lat="41.221229" lon="-81.537513">
<ele>228</ele>
<time>2026-07-20T23:28:11Z</time></trkpt>
<trkpt lat="41.22122" lon="-81.537387">
<ele>227</ele>
<time>2026-07-20T23:28:14Z</time></trkpt>
<trkpt lat="41.221191" lon="-81.537337">
<ele>227</ele>
<time>2026-07-20T23:28:16Z</time></trkpt>
<trkpt lat="41.220791" lon="-81.536961">
<ele>228</ele>
<time>2026-07-20T23:28:34Z</time></trkpt>
<trkpt lat="41.2207" lon="-81.536686">
<ele>228</ele>
<time>2026-07-20T23:28:42Z</time></trkpt>
<trkpt lat="41.220667" lon="-81.536419">
<ele>228</ele>
<time>2026-07-20T23:28:49Z</time></trkpt>
<trkpt lat="41.22063" lon="-81.536377">
<ele>228</ele>
<time>2026-07-20T23:28:51Z</time></trkpt>
<trkpt lat="41.220403" lon="-81.536358">
<ele>229</ele>
<time>2026-07-20T23:29:00Z</time></trkpt>
<trkpt lat="41.220079" lon="-81.536489">
<ele>232</ele>
<time>2026-07-20T23:29:12Z</time></trkpt>
<trkpt lat="41.220028" lon="-81.536493">
<ele>232</ele>
<time>2026-07-20T23:29:14Z</time></trkpt>
<trkpt lat="41.219838" lon="-81.536461">
<ele>231</ele>
<time>2026-07-20T23:29:21Z</time></trkpt>
<trkpt lat="41.219763" lon="-81.536388">
<ele>230</ele>
<time>2026-07-20T23:29:24Z</time></trkpt>
<trkpt lat="41.219639" lon="-81.536233">
<ele>231</ele>
<time>2026-07-20T23:29:30Z</time></trkpt>
<trkpt lat="41.219508" lon="-81.536082">
<ele>231</ele>
<time>2026-07-20T23:29:37Z</time></trkpt>
<trkpt lat="41.219143" lon="-81.535787">
<ele>233</ele>
<time>2026-07-20T23:29:54Z</time></trkpt>
<trkpt lat="41.21896" lon="-81.535592">
<ele>235</ele>
<time>2026-07-20T23:30:06Z</time></trkpt>
<trkpt lat="41.218817" lon="-81.535418">
<ele>237</ele>
<time>2026-07-20T23:30:17Z</time></trkpt>
<trkpt lat="41.218755" lon="-81.53533">
<ele>238</ele>
<time>2026-07-20T23:30:22Z</time></trkpt>
<trkpt lat="41.218645" lon="-81.53519">
<ele>240</ele>
<time>2026-07-20T23:30:30Z</time></trkpt>
<trkpt lat="41.218536" lon="-81.53506">
<ele>241</ele>
<time>2026-07-20T23:30:38Z</time></trkpt>
<trkpt lat="41.218534" lon="-81.535031">
<ele>241</ele>
<time>2026-07-20T23:30:39Z</time></trkpt>
<trkpt lat="41.218588" lon="-81.534991">
<ele>243</ele>
<time>2026-07-20T23:30:42Z</time></trkpt>
<trkpt lat="41.218554" lon="-81.534767">
<ele>248</ele>
<time>2026-07-20T23:30:52Z</time></trkpt>
<trkpt lat="41.218578" lon="-81.534737">
<ele>250</ele>
<time>2026-07-20T23:30:53Z</time></trkpt>
<trkpt lat="41.218703" lon="-81.53477">
<ele>250</ele>
<time>2026-07-20T23:31:00Z</time></trkpt>
<trkpt lat="41.218736" lon="-81.534727">
<ele>251</ele>
<time>2026-07-20T23:31:03Z</time></trkpt>
<trkpt lat="41.218763" lon="-81.534646">
<ele>252</ele>
<time>2026-07-20T23:31:06Z</time></trkpt>
<trkpt lat="41.218776" lon="-81.534518">
<ele>253</ele>
<time>2026-07-20T23:31:12Z</time></trkpt>
<trkpt lat="41.218764" lon="-81.534435">
<ele>254</ele>
<time>2026-07-20T23:31:15Z</time></trkpt>
<trkpt lat="41.218623" lon="-81.53426">
<ele>257</ele>
<time>2026-07-20T23:31:25Z</time></trkpt>
<trkpt lat="41.218606" lon="-81.534213">
<ele>257</ele>
<time>2026-07-20T23:31:28Z</time></trkpt>
<trkpt lat="41.21859" lon="-81.534033">
<ele>257</ele>
<time>2026-07-20T23:31:35Z</time></trkpt>
<trkpt lat="41.218492" lon="-81.533848">
<ele>258</ele>
<time>2026-07-20T23:31:44Z</time></trkpt>
<trkpt lat="41.218376" lon="-81.53373">
<ele>259</ele>
<time>2026-07-20T23:31:52Z</time></trkpt>
<trkpt lat="41.218284" lon="-81.533508">
<ele>259</ele>
<time>2026-07-20T23:32:02Z</time></trkpt>
<trkpt lat="41.218248" lon="-81.533458">
<ele>259</ele>
<time>2026-07-20T23:32:05Z</time></trkpt>
<trkpt lat="41.218172" lon="-81.533421">
<ele>259</ele>
<time>2026-07-20T23:32:09Z</time></trkpt>
<trkpt lat="41.218172" lon="-81.533421">
<ele>259</ele>
<time>2026-07-20T23:32:09Z</time></trkpt>
<trkpt lat="41.21813" lon="-81.533419">
<ele>259</ele>
<time>2026-07-20T23:32:12Z</time></trkpt>
<trkpt lat="41.218035" lon="-81.533487">
<ele>258</ele>
<time>2026-07-20T23:32:18Z</time></trkpt>
<trkpt lat="41.217981" lon="-81.533503">
<ele>258</ele>
<time>2026-07-20T23:32:21Z</time></trkpt>
<trkpt lat="41.217741" lon="-81.533472">
<ele>258</ele>
<time>2026-07-20T23:32:32Z</time></trkpt>
<trkpt lat="41.217686" lon="-81.533439">
<ele>258</ele>
<time>2026-07-20T23:32:34Z</time></trkpt>
<trkpt lat="41.217291" lon="-81.533055">
<ele>268</ele>
<time>2026-07-20T23:32:50Z</time></trkpt>
<trkpt lat="41.217092" lon="-81.533019">
<ele>271</ele>
<time>2026-07-20T23:32:56Z</time></trkpt>
<trkpt lat="41.217051" lon="-81.532993">
<ele>272</ele>
<time>2026-07-20T23:32:57Z</time></trkpt>
<trkpt lat="41.217008" lon="-81.532909">
<ele>273</ele>
<time>2026-07-20T23:33:00Z</time></trkpt>
<trkpt lat="41.216996" lon="-81.532833">
<ele>274</ele>
<time>2026-07-20T23:33:02Z</time></trkpt>
<trkpt lat="41.217015" lon="-81.532752">
<ele>274</ele>
<time>2026-07-20T23:33:04Z</time></trkpt>
<trkpt lat="41.217171" lon="-81.532503">
<ele>271</ele>
<time>2026-07-20T23:33:11Z</time></trkpt>
<trkpt lat="41.217302" lon="-81.532238">
<ele>267</ele>
<time>2026-07-20T23:33:19Z</time></trkpt>
<trkpt lat="41.217314" lon="-81.532145">
<ele>266</ele>
<time>2026-07-20T23:33:21Z</time></trkpt>
<trkpt lat="41.217292" lon="-81.531959">
<ele>264</ele>
<time>2026-07-20T23:33:26Z</time></trkpt>
<trkpt lat="41.217298" lon="-81.531902">
<ele>263</ele>
<time>2026-07-20T23:33:27Z</time></trkpt>
<trkpt lat="41.217367" lon="-81.531744">
<ele>261</ele>
<time>2026-07-20T23:33:32Z</time></trkpt>
<trkpt lat="41.217447" lon="-81.531725">
<ele>261</ele>
<time>2026-07-20T23:33:34Z</time></trkpt>
<trkpt lat="41.21763" lon="-81.531732">
<ele>259</ele>
<time>2026-07-20T23:33:40Z</time></trkpt>
<trkpt lat="41.217677" lon="-81.531702">
<ele>258</ele>
<time>2026-07-20T23:33:42Z</time></trkpt>
<trkpt lat="41.217717" lon="-81.531613">
<ele>258</ele>
<time>2026-07-20T23:33:44Z</time></trkpt>
<trkpt lat="41.217763" lon="-81.531425">
<ele>257</ele>
<time>2026-07-20T23:33:49Z</time></trkpt>
<trkpt lat="41.217761" lon="-81.531359">
<ele>257</ele>
<time>2026-07-20T23:33:51Z</time></trkpt>
<trkpt lat="41.21774" lon="-81.531221">
<ele>257</ele>
<time>2026-07-20T23:33:54Z</time></trkpt>
<trkpt lat="41.217613" lon="-81.530753">
<ele>252</ele>
<time>2026-07-20T23:34:06Z</time></trkpt>
<trkpt lat="41.217593" lon="-81.530726">
<ele>251</ele>
<time>2026-07-20T23:34:07Z</time></trkpt>
<trkpt lat="41.217558" lon="-81.530724">
<ele>251</ele>
<time>2026-07-20T23:34:09Z</time></trkpt>
<trkpt lat="41.217243" lon="-81.530928">
<ele>253</ele>
<time>2026-07-20T23:34:22Z</time></trkpt>
<trkpt lat="41.217204" lon="-81.53093">
<ele>253</ele>
<time>2026-07-20T23:34:23Z</time></trkpt>
<trkpt lat="41.217169" lon="-81.530905">
<ele>253</ele>
<time>2026-07-20T23:34:25Z</time></trkpt>
<trkpt lat="41.217116" lon="-81.530809">
<ele>253</ele>
<time>2026-07-20T23:34:28Z</time></trkpt>
<trkpt lat="41.217071" lon="-81.530762">
<ele>253</ele>
<time>2026-07-20T23:34:30Z</time></trkpt>
<trkpt lat="41.217019" lon="-81.53075">
<ele>254</ele>
<time>2026-07-20T23:34:32Z</time></trkpt>
<trkpt lat="41.216892" lon="-81.530786">
<ele>254</ele>
<time>2026-07-20T23:34:37Z</time></trkpt>
<trkpt lat="41.216833" lon="-81.530773">
<ele>255</ele>
<time>2026-07-20T23:34:39Z</time></trkpt>
<trkpt lat="41.216787" lon="-81.530717">
<ele>255</ele>
<time>2026-07-20T23:34:41Z</time></trkpt>
<trkpt lat="41.216776" lon="-81.530637">
<ele>256</ele>
<time>2026-07-20T23:34:44Z</time></trkpt>
<trkpt lat="41.216794" lon="-81.530375">
<ele>259</ele>
<time>2026-07-20T23:34:51Z</time></trkpt>
<trkpt lat="41.216772" lon="-81.530336">
<ele>259</ele>
<time>2026-07-20T23:34:52Z</time></trkpt>
<trkpt lat="41.21663" lon="-81.530244">
<ele>258</ele>
<time>2026-07-20T23:34:58Z</time></trkpt>
<trkpt lat="41.216574" lon="-81.530025">
<ele>255</ele>
<time>2026-07-20T23:35:05Z</time></trkpt>
<trkpt lat="41.216552" lon="-81.529973">
<ele>254</ele>
<time>2026-07-20T23:35:06Z</time></trkpt>
<trkpt lat="41.216552" lon="-81.529973">
<ele>254</ele>
<time>2026-07-20T23:35:06Z</time></trkpt>
<trkpt lat="41.21648" lon="-81.529794">
<ele>251</ele>
<time>2026-07-20T23:35:12Z</time></trkpt>
<trkpt lat="41.216455" lon="-81.529862">
<ele>251</ele>
<time>2026-07-20T23:35:14Z</time></trkpt>
<trkpt lat="41.216455" lon="-81.530068">
<ele>252</ele>
<time>2026-07-20T23:35:14Z</time></trkpt>
<trkpt lat="41.216429" lon="-81.53012">
<ele>252</ele>
<time>2026-07-20T23:35:16Z</time></trkpt>
<trkpt lat="41.216211" lon="-81.530369">
<ele>252</ele>
<time>2026-07-20T23:35:27Z</time></trkpt>
<trkpt lat="41.2158861" lon="-81.5303028">
<ele>253</ele>
<time>2026-07-20T23:35:39Z</time></trkpt>
<trkpt lat="41.2156278" lon="-81.5300345">
<ele>256</ele>
<time>2026-07-20T23:35:51Z</time></trkpt>
<trkpt lat="41.2154341" lon="-81.5294981">
<ele>263</ele>
<time>2026-07-20T23:36:08Z</time></trkpt>
<trkpt lat="41.2153211" lon="-81.5293264">
<ele>262</ele>
<time>2026-07-20T23:36:15Z</time></trkpt>
<trkpt lat="41.21531" lon="-81.529344">
<ele>262</ele>
<time>2026-07-20T23:36:16Z</time></trkpt>
<trkpt lat="41.215021" lon="-81.529032">
<ele>256</ele>
<time>2026-07-20T23:36:30Z</time></trkpt>
<trkpt lat="41.214771" lon="-81.528819">
<ele>253</ele>
<time>2026-07-20T23:36:42Z</time></trkpt>
<trkpt lat="41.214636" lon="-81.528741">
<ele>253</ele>
<time>2026-07-20T23:36:47Z</time></trkpt>
<trkpt lat="41.214517" lon="-81.528648">
<ele>253</ele>
<time>2026-07-20T23:36:53Z</time></trkpt>
<trkpt lat="41.214418" lon="-81.52851">
<ele>252</ele>
<time>2026-07-20T23:36:58Z</time></trkpt>
<trkpt lat="41.214332" lon="-81.528328">
<ele>251</ele>
<time>2026-07-20T23:37:05Z</time></trkpt>
<trkpt lat="41.214351" lon="-81.527971">
<ele>252</ele>
<time>2026-07-20T23:37:15Z</time></trkpt>
<trkpt lat="41.214347" lon="-81.527503">
<ele>257</ele>
<time>2026-07-20T23:37:29Z</time></trkpt>
<trkpt lat="41.214347" lon="-81.527503">
<ele>257</ele>
<time>2026-07-20T23:37:29Z</time></trkpt>
<trkpt lat="41.214346" lon="-81.52728">
<ele>261</ele>
<time>2026-07-20T23:37:35Z</time></trkpt>
<trkpt lat="41.214402" lon="-81.526997">
<ele>266</ele>
<time>2026-07-20T23:37:44Z</time></trkpt>
<trkpt lat="41.214452" lon="-81.526879">
<ele>266</ele>
<time>2026-07-20T23:37:48Z</time></trkpt>
<trkpt lat="41.214558" lon="-81.526688">
<ele>262</ele>
<time>2026-07-20T23:37:54Z</time></trkpt>
<trkpt lat="41.215018" lon="-81.526077">
<ele>251</ele>
<time>2026-07-20T23:38:15Z</time></trkpt>
<trkpt lat="41.215163" lon="-81.526">
<ele>250</ele>
<time>2026-07-20T23:38:20Z</time></trkpt>
<trkpt lat="41.215114" lon="-81.52559">
<ele>249</ele>
<time>2026-07-20T23:38:30Z</time></trkpt>
<trkpt lat="41.215114" lon="-81.52559">
<ele>249</ele>
<time>2026-07-20T23:38:30Z</time></trkpt>
<trkpt lat="41.215109" lon="-81.525475">
<ele>250</ele>
<time>2026-07-20T23:38:32Z</time></trkpt>
<trkpt lat="41.214982" lon="-81.525163">
<ele>253</ele>
<time>2026-07-20T23:38:41Z</time></trkpt>
<trkpt lat="41.214794" lon="-81.524881">
<ele>254</ele>
<time>2026-07-20T23:38:50Z</time></trkpt>
<trkpt lat="41.214591" lon="-81.524674">
<ele>254</ele>
<time>2026-07-20T23:38:58Z</time></trkpt>
<trkpt lat="41.214106" lon="-81.524423">
<ele>257</ele>
<time>2026-07-20T23:39:15Z</time></trkpt>
<trkpt lat="41.213713" lon="-81.524441">
<ele>261</ele>
<time>2026-07-20T23:39:29Z</time></trkpt>
<trkpt lat="41.213014" lon="-81.524302">
<ele>275</ele>
<time>2026-07-20T23:40:07Z</time></trkpt>
<trkpt lat="41.212975" lon="-81.524267">
<ele>275</ele>
<time>2026-07-20T23:40:09Z</time></trkpt>
<trkpt lat="41.21288" lon="-81.524064">
<ele>277</ele>
<time>2026-07-20T23:40:19Z</time></trkpt>
<trkpt lat="41.21288" lon="-81.524064">
<ele>277</ele>
<time>2026-07-20T23:40:19Z</time></trkpt>
<trkpt lat="41.212774" lon="-81.523808">
<ele>279</ele>
<time>2026-07-20T23:40:30Z</time></trkpt>
<trkpt lat="41.212533" lon="-81.523038">
<ele>281</ele>
<time>2026-07-20T23:41:04Z</time></trkpt>
<trkpt lat="41.212489" lon="-81.522944">
<ele>281</ele>
<time>2026-07-20T23:41:08Z</time></trkpt>
<trkpt lat="41.212381" lon="-81.522858">
<ele>282</ele>
<time>2026-07-20T23:41:15Z</time></trkpt>
<trkpt lat="41.212046" lon="-81.522727">
<ele>283</ele>
<time>2026-07-20T23:41:34Z</time></trkpt>
<trkpt lat="41.211849" lon="-81.522615">
<ele>284</ele>
<time>2026-07-20T23:41:45Z</time></trkpt>
<trkpt lat="41.211374" lon="-81.522309">
<ele>286</ele>
<time>2026-07-20T23:42:10Z</time></trkpt>
<trkpt lat="41.211128" lon="-81.522116">
<ele>286</ele>
<time>2026-07-20T23:42:20Z</time></trkpt>
<trkpt lat="41.21038" lon="-81.521267">
<ele>289</ele>
<time>2026-07-20T23:42:55Z</time></trkpt>
<trkpt lat="41.210052" lon="-81.520779">
<ele>289</ele>
<time>2026-07-20T23:43:12Z</time></trkpt>
<trkpt lat="41.209979" lon="-81.520702">
<ele>289</ele>
<time>2026-07-20T23:43:16Z</time></trkpt>
<trkpt lat="41.209082" lon="-81.520097">
<ele>287</ele>
<time>2026-07-20T23:43:51Z</time></trkpt>
<trkpt lat="41.209028" lon="-81.520103">
<ele>287</ele>
<time>2026-07-20T23:43:53Z</time></trkpt>
<trkpt lat="41.208985" lon="-81.52014">
<ele>286</ele>
<time>2026-07-20T23:43:54Z</time></trkpt>
<trkpt lat="41.208829" lon="-81.520362">
<ele>285</ele>
<time>2026-07-20T23:44:01Z</time></trkpt>
<trkpt lat="41.208748" lon="-81.52039">
<ele>285</ele>
<time>2026-07-20T23:44:03Z</time></trkpt>
<trkpt lat="41.20873" lon="-81.520365">
<ele>285</ele>
<time>2026-07-20T23:44:04Z</time></trkpt>
<trkpt lat="41.208721" lon="-81.52033">
<ele>285</ele>
<time>2026-07-20T23:44:05Z</time></trkpt>
<trkpt lat="41.208744" lon="-81.520267">
<ele>286</ele>
<time>2026-07-20T23:44:07Z</time></trkpt>
<trkpt lat="41.208906" lon="-81.520003">
<ele>285</ele>
<time>2026-07-20T23:44:14Z</time></trkpt>
<trkpt lat="41.209272" lon="-81.519193">
<ele>279</ele>
<time>2026-07-20T23:44:35Z</time></trkpt>
<trkpt lat="41.209329" lon="-81.519103">
<ele>278</ele>
<time>2026-07-20T23:44:38Z</time></trkpt>
<trkpt lat="41.209484" lon="-81.518955">
<ele>276</ele>
<time>2026-07-20T23:44:44Z</time></trkpt>
<trkpt lat="41.209538" lon="-81.518836">
<ele>273</ele>
<time>2026-07-20T23:44:47Z</time></trkpt>
<trkpt lat="41.209543" lon="-81.518776">
<ele>272</ele>
<time>2026-07-20T23:44:48Z</time></trkpt>
<trkpt lat="41.20953" lon="-81.518708">
<ele>271</ele>
<time>2026-07-20T23:44:50Z</time></trkpt>
<trkpt lat="41.20935" lon="-81.51844">
<ele>270</ele>
<time>2026-07-20T23:44:58Z</time></trkpt>
<trkpt lat="41.209307" lon="-81.518349">
<ele>270</ele>
<time>2026-07-20T23:45:00Z</time></trkpt>
<trkpt lat="41.209281" lon="-81.518261">
<ele>270</ele>
<time>2026-07-20T23:45:02Z</time></trkpt>
<trkpt lat="41.209283" lon="-81.518218">
<ele>270</ele>
<time>2026-07-20T23:45:03Z</time></trkpt>
<trkpt lat="41.209318" lon="-81.518116">
<ele>271</ele>
<time>2026-07-20T23:45:06Z</time></trkpt>
<trkpt lat="41.20935" lon="-81.517917">
<ele>272</ele>
<time>2026-07-20T23:45:10Z</time></trkpt>
<trkpt lat="41.209319" lon="-81.517712">
<ele>274</ele>
<time>2026-07-20T23:45:15Z</time></trkpt>
<trkpt lat="41.209348" lon="-81.517442">
<ele>278</ele>
<time>2026-07-20T23:45:24Z</time></trkpt>
<trkpt lat="41.20935" lon="-81.517279">
<ele>280</ele>
<time>2026-07-20T23:45:30Z</time></trkpt>
<trkpt lat="41.209334" lon="-81.517171">
<ele>280</ele>
<time>2026-07-20T23:45:34Z</time></trkpt>
<trkpt lat="41.209287" lon="-81.51701">
<ele>282</ele>
<time>2026-07-20T23:45:40Z</time></trkpt>
<trkpt lat="41.209254" lon="-81.51696">
<ele>282</ele>
<time>2026-07-20T23:45:42Z</time></trkpt>
<trkpt lat="41.20912" lon="-81.516855">
<ele>282</ele>
<time>2026-07-20T23:45:50Z</time></trkpt>
<trkpt lat="41.209049" lon="-81.516658">
<ele>282</ele>
<time>2026-07-20T23:45:57Z</time></trkpt>
<trkpt lat="41.208799" lon="-81.5155">
<ele>288</ele>
<time>2026-07-20T23:46:41Z</time></trkpt>
<trkpt lat="41.20858" lon="-81.515002">
<ele>289</ele>
<time>2026-07-20T23:47:01Z</time></trkpt>
<trkpt lat="41.208534" lon="-81.514671">
<ele>290</ele>
<time>2026-07-20T23:47:13Z</time></trkpt>
<trkpt lat="41.208469" lon="-81.514534">
<ele>291</ele>
<time>2026-07-20T23:47:19Z</time></trkpt>
<trkpt lat="41.208373" lon="-81.514225">
<ele>293</ele>
<time>2026-07-20T23:47:31Z</time></trkpt>
<trkpt lat="41.208377" lon="-81.514121">
<ele>293</ele>
<time>2026-07-20T23:47:35Z</time></trkpt>
<trkpt lat="41.208426" lon="-81.513918">
<ele>292</ele>
<time>2026-07-20T23:47:41Z</time></trkpt>
<trkpt lat="41.208432" lon="-81.513836">
<ele>292</ele>
<time>2026-07-20T23:47:43Z</time></trkpt>
<trkpt lat="41.208269" lon="-81.513419">
<ele>293</ele>
<time>2026-07-20T23:47:55Z</time></trkpt>
<trkpt lat="41.208254" lon="-81.513286">
<ele>294</ele>
<time>2026-07-20T23:47:59Z</time></trkpt>
<trkpt lat="41.208261" lon="-81.513076">
<ele>294</ele>
<time>2026-07-20T23:48:04Z</time></trkpt>
<trkpt lat="41.208246" lon="-81.513062">
<ele>294</ele>
<time>2026-07-20T23:48:05Z</time></trkpt>
<trkpt lat="41.208246" lon="-81.513062">
<ele>294</ele>
<time>2026-07-20T23:48:05Z</time></trkpt>
<trkpt lat="41.208152" lon="-81.512975">
<ele>294</ele>
<time>2026-07-20T23:48:09Z</time></trkpt>
<trkpt lat="41.208112" lon="-81.512903">
<ele>293</ele>
<time>2026-07-20T23:48:11Z</time></trkpt>
<trkpt lat="41.208137" lon="-81.512755">
<ele>293</ele>
<time>2026-07-20T23:48:15Z</time></trkpt>
<trkpt lat="41.208248" lon="-81.512507">
<ele>293</ele>
<time>2026-07-20T23:48:22Z</time></trkpt>
<trkpt lat="41.208263" lon="-81.512444">
<ele>293</ele>
<time>2026-07-20T23:48:24Z</time></trkpt>
<trkpt lat="41.208216" lon="-81.511852">
<ele>295</ele>
<time>2026-07-20T23:48:39Z</time></trkpt>
<trkpt lat="41.208263" lon="-81.511764">
<ele>295</ele>
<time>2026-07-20T23:48:42Z</time></trkpt>
<trkpt lat="41.20836" lon="-81.511702">
<ele>295</ele>
<time>2026-07-20T23:48:46Z</time></trkpt>
<trkpt lat="41.208663" lon="-81.5117">
<ele>295</ele>
<time>2026-07-20T23:48:56Z</time></trkpt>
<trkpt lat="41.208843" lon="-81.511725">
<ele>295</ele>
<time>2026-07-20T23:49:02Z</time></trkpt>
<trkpt lat="41.208945" lon="-81.511779">
<ele>295</ele>
<time>2026-07-20T23:49:06Z</time></trkpt>
<trkpt lat="41.209009" lon="-81.511843">
<ele>295</ele>
<time>2026-07-20T23:49:08Z</time></trkpt>
<trkpt lat="41.209063" lon="-81.511943">
<ele>295</ele>
<time>2026-07-20T23:49:12Z</time></trkpt>
<trkpt lat="41.20911" lon="-81.512192">
<ele>294</ele>
<time>2026-07-20T23:49:18Z</time></trkpt>
<trkpt lat="41.209343" lon="-81.512577">
<ele>292</ele>
<time>2026-07-20T23:49:31Z</time></trkpt>
<trkpt lat="41.209475" lon="-81.512737">
<ele>292</ele>
<time>2026-07-20T23:49:38Z</time></trkpt>
<trkpt lat="41.209626" lon="-81.5128">
<ele>293</ele>
<time>2026-07-20T23:49:43Z</time></trkpt>
<trkpt lat="41.209734" lon="-81.512781">
<ele>294</ele>
<time>2026-07-20T23:49:47Z</time></trkpt>
<trkpt lat="41.209902" lon="-81.512684">
<ele>294</ele>
<time>2026-07-20T23:49:54Z</time></trkpt>
<trkpt lat="41.210145" lon="-81.512607">
<ele>295</ele>
<time>2026-07-20T23:50:03Z</time></trkpt>
<trkpt lat="41.210252" lon="-81.51248">
<ele>295</ele>
<time>2026-07-20T23:50:08Z</time></trkpt>
<trkpt lat="41.210285" lon="-81.512264">
<ele>296</ele>
<time>2026-07-20T23:50:14Z</time></trkpt>
<trkpt lat="41.210259" lon="-81.512159">
<ele>296</ele>
<time>2026-07-20T23:50:17Z</time></trkpt>
<trkpt lat="41.210237" lon="-81.511938">
<ele>295</ele>
<time>2026-07-20T23:50:23Z</time></trkpt>
<trkpt lat="41.210204" lon="-81.51185">
<ele>295</ele>
<time>2026-07-20T23:50:25Z</time></trkpt>
<trkpt lat="41.210143" lon="-81.511758">
<ele>295</ele>
<time>2026-07-20T23:50:29Z</time></trkpt>
<trkpt lat="41.209814" lon="-81.511425">
<ele>295</ele>
<time>2026-07-20T23:50:43Z</time></trkpt>
<trkpt lat="41.209768" lon="-81.511344">
<ele>296</ele>
<time>2026-07-20T23:50:46Z</time></trkpt>
<trkpt lat="41.20976" lon="-81.511186">
<ele>295</ele>
<time>2026-07-20T23:50:50Z</time></trkpt>
<trkpt lat="41.209784" lon="-81.511086">
<ele>295</ele>
<time>2026-07-20T23:50:53Z</time></trkpt>
<trkpt lat="41.209823" lon="-81.511013">
<ele>295</ele>
<time>2026-07-20T23:50:56Z</time></trkpt>
<trkpt lat="41.20998" lon="-81.510918">
<ele>296</ele>
<time>2026-07-20T23:51:02Z</time></trkpt>
<trkpt lat="41.210037" lon="-81.510813">
<ele>297</ele>
<time>2026-07-20T23:51:05Z</time></trkpt>
<trkpt lat="41.210067" lon="-81.510789">
<ele>297</ele>
<time>2026-07-20T23:51:06Z</time></trkpt>
<trkpt lat="41.210606" lon="-81.51077">
<ele>297</ele>
<time>2026-07-20T23:51:24Z</time></trkpt>
<trkpt lat="41.210663" lon="-81.510799">
<ele>297</ele>
<time>2026-07-20T23:51:26Z</time></trkpt>
<trkpt lat="41.210797" lon="-81.510936">
<ele>295</ele>
<time>2026-07-20T23:51:31Z</time></trkpt>
<trkpt lat="41.21087" lon="-81.510968">
<ele>295</ele>
<time>2026-07-20T23:51:34Z</time></trkpt>
<trkpt lat="41.211063" lon="-81.510953">
<ele>293</ele>
<time>2026-07-20T23:51:40Z</time></trkpt>
<trkpt lat="41.211125" lon="-81.51097">
<ele>293</ele>
<time>2026-07-20T23:51:42Z</time></trkpt>
<trkpt lat="41.211406" lon="-81.511168">
<ele>295</ele>
<time>2026-07-20T23:51:52Z</time></trkpt>
<trkpt lat="41.211684" lon="-81.511422">
<ele>295</ele>
<time>2026-07-20T23:52:03Z</time></trkpt>
<trkpt lat="41.211797" lon="-81.511546">
<ele>295</ele>
<time>2026-07-20T23:52:08Z</time></trkpt>
<trkpt lat="41.211871" lon="-81.511672">
<ele>295</ele>
<time>2026-07-20T23:52:12Z</time></trkpt>
<trkpt lat="41.212021" lon="-81.512175">
<ele>296</ele>
<time>2026-07-20T23:52:25Z</time></trkpt>
<trkpt lat="41.21208" lon="-81.512408">
<ele>296</ele>
<time>2026-07-20T23:52:31Z</time></trkpt>
<trkpt lat="41.212153" lon="-81.512838">
<ele>294</ele>
<time>2026-07-20T23:52:42Z</time></trkpt>
<trkpt lat="41.212185" lon="-81.512935">
<ele>294</ele>
<time>2026-07-20T23:52:44Z</time></trkpt>
<trkpt lat="41.212235" lon="-81.51301">
<ele>294</ele>
<time>2026-07-20T23:52:47Z</time></trkpt>
<trkpt lat="41.212305" lon="-81.513062">
<ele>294</ele>
<time>2026-07-20T23:52:49Z</time></trkpt>
<trkpt lat="41.212478" lon="-81.513115">
<ele>294</ele>
<time>2026-07-20T23:52:55Z</time></trkpt>
<trkpt lat="41.212559" lon="-81.513168">
<ele>294</ele>
<time>2026-07-20T23:52:58Z</time></trkpt>
<trkpt lat="41.212617" lon="-81.513247">
<ele>295</ele>
<time>2026-07-20T23:53:00Z</time></trkpt>
<trkpt lat="41.212665" lon="-81.513462">
<ele>295</ele>
<time>2026-07-20T23:53:06Z</time></trkpt>
<trkpt lat="41.212651" lon="-81.513771">
<ele>294</ele>
<time>2026-07-20T23:53:13Z</time></trkpt>
<trkpt lat="41.212664" lon="-81.513867">
<ele>293</ele>
<time>2026-07-20T23:53:15Z</time></trkpt>
<trkpt lat="41.212822" lon="-81.51419">
<ele>292</ele>
<time>2026-07-20T23:53:24Z</time></trkpt>
<trkpt lat="41.212822" lon="-81.51419">
<ele>292</ele>
<time>2026-07-20T23:53:24Z</time></trkpt>
<trkpt lat="41.21319" lon="-81.514871">
<ele>287</ele>
<time>2026-07-20T23:53:44Z</time></trkpt>
<trkpt lat="41.213404" lon="-81.515325">
<ele>287</ele>
<time>2026-07-20T23:53:57Z</time></trkpt>
<trkpt lat="41.213967" lon="-81.516539">
<ele>287</ele>
<time>2026-07-20T23:54:30Z</time></trkpt>
<trkpt lat="41.214717" lon="-81.518303">
<ele>281</ele>
<time>2026-07-20T23:55:18Z</time></trkpt>
<trkpt lat="41.214986" lon="-81.518897">
<ele>279</ele>
<time>2026-07-20T23:55:34Z</time></trkpt>
<trkpt lat="41.215464" lon="-81.519887">
<ele>277</ele>
<time>2026-07-20T23:56:00Z</time></trkpt>
<trkpt lat="41.215792" lon="-81.520787">
<ele>277</ele>
<time>2026-07-20T23:56:22Z</time></trkpt>
<trkpt lat="41.216037" lon="-81.521331">
<ele>275</ele>
<time>2026-07-20T23:56:36Z</time></trkpt>
<trkpt lat="41.216215" lon="-81.521856">
<ele>273</ele>
<time>2026-07-20T23:56:49Z</time></trkpt>
<trkpt lat="41.216318" lon="-81.5221">
<ele>272</ele>
<time>2026-07-20T23:56:55Z</time></trkpt>
<trkpt lat="41.216399" lon="-81.522541">
<ele>268</ele>
<time>2026-07-20T23:57:05Z</time></trkpt>
<trkpt lat="41.216568" lon="-81.523159">
<ele>259</ele>
<time>2026-07-20T23:57:19Z</time></trkpt>
<trkpt lat="41.21634" lon="-81.523271">
<ele>259</ele>
<time>2026-07-20T23:57:26Z</time></trkpt>
<trkpt lat="41.21634" lon="-81.523271">
<ele>259</ele>
<time>2026-07-20T23:57:26Z</time></trkpt>
<trkpt lat="41.216151" lon="-81.523389">
<ele>257</ele>
<time>2026-07-20T23:57:32Z</time></trkpt>
<trkpt lat="41.216185" lon="-81.523548">
<ele>256</ele>
<time>2026-07-20T23:57:36Z</time></trkpt>
<trkpt lat="41.216151" lon="-81.523912">
<ele>252</ele>
<time>2026-07-20T23:57:44Z</time></trkpt>
<trkpt lat="41.216303" lon="-81.524184">
<ele>251</ele>
<time>2026-07-20T23:57:51Z</time></trkpt>
<trkpt lat="41.216289" lon="-81.524364">
<ele>251</ele>
<time>2026-07-20T23:57:55Z</time></trkpt>
<trkpt lat="41.216299" lon="-81.524822">
<ele>253</ele>
<time>2026-07-20T23:58:05Z</time></trkpt>
<trkpt lat="41.216271" lon="-81.525142">
<ele>253</ele>
<time>2026-07-20T23:58:12Z</time></trkpt>
<trkpt lat="41.216202" lon="-81.525477">
<ele>249</ele>
<time>2026-07-20T23:58:20Z</time></trkpt>
<trkpt lat="41.2162" lon="-81.525555">
<ele>248</ele>
<time>2026-07-20T23:58:21Z</time></trkpt>
<trkpt lat="41.216295" lon="-81.525772">
<ele>248</ele>
<time>2026-07-20T23:58:27Z</time></trkpt>
<trkpt lat="41.216373" lon="-81.525833">
<ele>248</ele>
<time>2026-07-20T23:58:29Z</time></trkpt>
<trkpt lat="41.216373" lon="-81.525833">
<ele>248</ele>
<time>2026-07-20T23:58:29Z</time></trkpt>
<trkpt lat="41.216707" lon="-81.525871">
<ele>248</ele>
<time>2026-07-20T23:58:39Z</time></trkpt>
<trkpt lat="41.216931" lon="-81.525834">
<ele>247</ele>
<time>2026-07-20T23:58:47Z</time></trkpt>
<trkpt lat="41.216935" lon="-81.525805">
<ele>247</ele>
<time>2026-07-20T23:58:48Z</time></trkpt>
<trkpt lat="41.216985" lon="-81.52581">
<ele>247</ele>
<time>2026-07-20T23:58:49Z</time></trkpt>
<trkpt lat="41.217039" lon="-81.525774">
<ele>247</ele>
<time>2026-07-20T23:58:51Z</time></trkpt>
<trkpt lat="41.217039" lon="-81.525774">
<ele>247</ele>
<time>2026-07-20T23:58:51Z</time></trkpt>
<trkpt lat="41.217044" lon="-81.525771">
<ele>247</ele>
<time>2026-07-20T23:58:51Z</time></trkpt>
<trkpt lat="41.217103" lon="-81.525638">
<ele>248</ele>
<time>2026-07-20T23:58:55Z</time></trkpt>
<trkpt lat="41.217181" lon="-81.525645">
<ele>247</ele>
<time>2026-07-20T23:58:58Z</time></trkpt>
<trkpt lat="41.217239" lon="-81.525362">
<ele>248</ele>
<time>2026-07-20T23:59:05Z</time></trkpt>
<trkpt lat="41.217332" lon="-81.525179">
<ele>248</ele>
<time>2026-07-20T23:59:11Z</time></trkpt>
<trkpt lat="41.217332" lon="-81.525179">
<ele>248</ele>
<time>2026-07-20T23:59:11Z</time></trkpt>
<trkpt lat="41.217468" lon="-81.524911">
<ele>248</ele>
<time>2026-07-20T23:59:19Z</time></trkpt>
<trkpt lat="41.217388" lon="-81.524829">
<ele>249</ele>
<time>2026-07-20T23:59:22Z</time></trkpt>
<trkpt lat="41.217388" lon="-81.524829">
<ele>249</ele>
<time>2026-07-20T23:59:22Z</time></trkpt>
<trkpt lat="41.217374" lon="-81.524814">
<ele>249</ele>
<time>2026-07-20T23:59:23Z</time></trkpt>
<trkpt lat="41.21763" lon="-81.52441">
<ele>249</ele>
<time>2026-07-20T23:59:36Z</time></trkpt>
<trkpt lat="41.21763" lon="-81.52441">
<ele>249</ele>
<time>2026-07-20T23:59:36Z</time></trkpt>
<trkpt lat="41.217806" lon="-81.524131">
<ele>249</ele>
<time>2026-07-20T23:59:45Z</time></trkpt>
<trkpt lat="41.217866" lon="-81.524067">
<ele>249</ele>
<time>2026-07-20T23:59:48Z</time></trkpt>
<trkpt lat="41.217982" lon="-81.524019">
<ele>250</ele>
<time>2026-07-20T23:59:52Z</time></trkpt>
<trkpt lat="41.218128" lon="-81.524">
<ele>249</ele>
<time>2026-07-20T23:59:57Z</time></trkpt>
<trkpt lat="41.218313" lon="-81.524008">
<ele>248</ele>
<time>2026-07-21T00:00:03Z</time></trkpt>
<trkpt lat="41.218345" lon="-81.524011">
<ele>248</ele>
<time>2026-07-21T00:00:04Z</time></trkpt>
<trkpt lat="41.218456" lon="-81.524017">
<ele>248</ele>
<time>2026-07-21T00:00:08Z</time></trkpt>
<trkpt lat="41.218795" lon="-81.524033">
<ele>248</ele>
<time>2026-07-21T00:00:21Z</time></trkpt>
<trkpt lat="41.218979" lon="-81.524047">
<ele>248</ele>
<time>2026-07-21T00:00:31Z</time></trkpt>
<trkpt lat="41.219" lon="-81.523995">
<ele>248</ele>
<time>2026-07-21T00:00:33Z</time></trkpt>
<trkpt lat="41.219121" lon="-81.523954">
<ele>248</ele>
<time>2026-07-21T00:00:40Z</time></trkpt>
<trkpt lat="41.219212" lon="-81.523844">
<ele>250</ele>
<time>2026-07-21T00:00:47Z</time></trkpt>
<trkpt lat="41.219212" lon="-81.523844">
<ele>250</ele>
<time>2026-07-21T00:00:47Z</time></trkpt>
<trkpt lat="41.219271" lon="-81.523772">
<ele>251</ele>
<time>2026-07-21T00:00:52Z</time></trkpt>
<trkpt lat="41.219485" lon="-81.523227">
<ele>255</ele>
<time>2026-07-21T00:01:17Z</time></trkpt>
<trkpt lat="41.219568" lon="-81.522945">
<ele>259</ele>
<time>2026-07-21T00:01:30Z</time></trkpt>
<trkpt lat="41.219636" lon="-81.522589">
<ele>262</ele>
<time>2026-07-21T00:01:45Z</time></trkpt>
<trkpt lat="41.219768" lon="-81.522504">
<ele>266</ele>
<time>2026-07-21T00:01:54Z</time></trkpt>
<trkpt lat="41.21989" lon="-81.522361">
<ele>269</ele>
<time>2026-07-21T00:02:03Z</time></trkpt>
<trkpt lat="41.219948" lon="-81.522091">
<ele>271</ele>
<time>2026-07-21T00:02:14Z</time></trkpt>
<trkpt lat="41.219963" lon="-81.521726">
<ele>273</ele>
<time>2026-07-21T00:02:30Z</time></trkpt>
<trkpt lat="41.220065" lon="-81.521418">
<ele>275</ele>
<time>2026-07-21T00:02:44Z</time></trkpt>
<trkpt lat="41.220014" lon="-81.519566">
<ele>276</ele>
<time>2026-07-21T00:03:37Z</time></trkpt>
<trkpt lat="41.219958" lon="-81.519194">
<ele>275</ele>
<time>2026-07-21T00:03:47Z</time></trkpt>
<trkpt lat="41.219957" lon="-81.518804">
<ele>275</ele>
<time>2026-07-21T00:03:56Z</time></trkpt>
<trkpt lat="41.219994" lon="-81.518711">
<ele>276</ele>
<time>2026-07-21T00:03:59Z</time></trkpt>
<trkpt lat="41.220013" lon="-81.518694">
<ele>275</ele>
<time>2026-07-21T00:04:00Z</time></trkpt>
<trkpt lat="41.220039" lon="-81.518713">
<ele>275</ele>
<time>2026-07-21T00:04:01Z</time></trkpt>
<trkpt lat="41.22007" lon="-81.51888">
<ele>273</ele>
<time>2026-07-21T00:04:05Z</time></trkpt>
<trkpt lat="41.220199" lon="-81.519191">
<ele>269</ele>
<time>2026-07-21T00:04:14Z</time></trkpt>
<trkpt lat="41.220247" lon="-81.519367">
<ele>267</ele>
<time>2026-07-21T00:04:19Z</time></trkpt>
<trkpt lat="41.220359" lon="-81.519358">
<ele>269</ele>
<time>2026-07-21T00:04:22Z</time></trkpt>
<trkpt lat="41.220425" lon="-81.519434">
<ele>270</ele>
<time>2026-07-21T00:04:25Z</time></trkpt>
<trkpt lat="41.220542" lon="-81.519518">
<ele>273</ele>
<time>2026-07-21T00:04:30Z</time></trkpt>
<trkpt lat="41.220696" lon="-81.519537">
<ele>276</ele>
<time>2026-07-21T00:04:35Z</time></trkpt>
<trkpt lat="41.220799" lon="-81.51998">
<ele>277</ele>
<time>2026-07-21T00:04:46Z</time></trkpt>
<trkpt lat="41.220878" lon="-81.520129">
<ele>278</ele>
<time>2026-07-21T00:04:51Z</time></trkpt>
<trkpt lat="41.221037" lon="-81.520164">
<ele>279</ele>
<time>2026-07-21T00:04:56Z</time></trkpt>
<trkpt lat="41.221179" lon="-81.520163">
<ele>279</ele>
<time>2026-07-21T00:05:01Z</time></trkpt>
<trkpt lat="41.2213" lon="-81.520134">
<ele>278</ele>
<time>2026-07-21T00:05:05Z</time></trkpt>
<trkpt lat="41.221399" lon="-81.520064">
<ele>278</ele>
<time>2026-07-21T00:05:09Z</time></trkpt>
<trkpt lat="41.221468" lon="-81.519917">
<ele>276</ele>
<time>2026-07-21T00:05:13Z</time></trkpt>
<trkpt lat="41.221432" lon="-81.519465">
<ele>278</ele>
<time>2026-07-21T00:05:25Z</time></trkpt>
<trkpt lat="41.221518" lon="-81.519347">
<ele>278</ele>
<time>2026-07-21T00:05:29Z</time></trkpt>
<trkpt lat="41.221684" lon="-81.519277">
<ele>278</ele>
<time>2026-07-21T00:05:34Z</time></trkpt>
<trkpt lat="41.221928" lon="-81.51914">
<ele>279</ele>
<time>2026-07-21T00:05:43Z</time></trkpt>
<trkpt lat="41.222163" lon="-81.518974">
<ele>277</ele>
<time>2026-07-21T00:05:52Z</time></trkpt>
<trkpt lat="41.222284" lon="-81.518805">
<ele>277</ele>
<time>2026-07-21T00:05:58Z</time></trkpt>
<trkpt lat="41.22238" lon="-81.518826">
<ele>277</ele>
<time>2026-07-21T00:06:01Z</time></trkpt>
<trkpt lat="41.222442" lon="-81.518929">
<ele>277</ele>
<time>2026-07-21T00:06:04Z</time></trkpt>
<trkpt lat="41.222496" lon="-81.519316">
<ele>276</ele>
<time>2026-07-21T00:06:14Z</time></trkpt>
<trkpt lat="41.222518" lon="-81.519589">
<ele>276</ele>
<time>2026-07-21T00:06:21Z</time></trkpt>
<trkpt lat="41.222442" lon="-81.520037">
<ele>276</ele>
<time>2026-07-21T00:06:32Z</time></trkpt>
<trkpt lat="41.222442" lon="-81.520037">
<ele>276</ele>
<time>2026-07-21T00:06:32Z</time></trkpt>
<trkpt lat="41.22243" lon="-81.520107">
<ele>275</ele>
<time>2026-07-21T00:06:34Z</time></trkpt>
<trkpt lat="41.222446" lon="-81.520308">
<ele>276</ele>
<time>2026-07-21T00:06:39Z</time></trkpt>
<trkpt lat="41.222498" lon="-81.52043">
<ele>277</ele>
<time>2026-07-21T00:06:42Z</time></trkpt>
<trkpt lat="41.222589" lon="-81.520557">
<ele>277</ele>
<time>2026-07-21T00:06:47Z</time></trkpt>
<trkpt lat="41.222659" lon="-81.52092">
<ele>276</ele>
<time>2026-07-21T00:06:56Z</time></trkpt>
<trkpt lat="41.222666" lon="-81.521063">
<ele>276</ele>
<time>2026-07-21T00:06:59Z</time></trkpt>
<trkpt lat="41.222554" lon="-81.521384">
<ele>276</ele>
<time>2026-07-21T00:07:08Z</time></trkpt>
<trkpt lat="41.222566" lon="-81.521516">
<ele>276</ele>
<time>2026-07-21T00:07:11Z</time></trkpt>
<trkpt lat="41.222619" lon="-81.521642">
<ele>277</ele>
<time>2026-07-21T00:07:15Z</time></trkpt>
<trkpt lat="41.222696" lon="-81.521762">
<ele>276</ele>
<time>2026-07-21T00:07:19Z</time></trkpt>
<trkpt lat="41.222925" lon="-81.521971">
<ele>275</ele>
<time>2026-07-21T00:07:28Z</time></trkpt>
<trkpt lat="41.22304" lon="-81.522108">
<ele>275</ele>
<time>2026-07-21T00:07:33Z</time></trkpt>
<trkpt lat="41.223142" lon="-81.5222">
<ele>274</ele>
<time>2026-07-21T00:07:37Z</time></trkpt>
<trkpt lat="41.223264" lon="-81.52216">
<ele>274</ele>
<time>2026-07-21T00:07:41Z</time></trkpt>
<trkpt lat="41.223407" lon="-81.522044">
<ele>273</ele>
<time>2026-07-21T00:07:46Z</time></trkpt>
<trkpt lat="41.223487" lon="-81.521888">
<ele>273</ele>
<time>2026-07-21T00:07:51Z</time></trkpt>
<trkpt lat="41.223489" lon="-81.521734">
<ele>273</ele>
<time>2026-07-21T00:07:55Z</time></trkpt>
<trkpt lat="41.223332" lon="-81.521491">
<ele>272</ele>
<time>2026-07-21T00:08:02Z</time></trkpt>
<trkpt lat="41.223315" lon="-81.521141">
<ele>272</ele>
<time>2026-07-21T00:08:11Z</time></trkpt>
<trkpt lat="41.223384" lon="-81.521005">
<ele>272</ele>
<time>2026-07-21T00:08:15Z</time></trkpt>
<trkpt lat="41.223476" lon="-81.520925">
<ele>272</ele>
<time>2026-07-21T00:08:19Z</time></trkpt>
<trkpt lat="41.223574" lon="-81.520792">
<ele>271</ele>
<time>2026-07-21T00:08:24Z</time></trkpt>
<trkpt lat="41.223564" lon="-81.520653">
<ele>271</ele>
<time>2026-07-21T00:08:27Z</time></trkpt>
<trkpt lat="41.223489" lon="-81.520484">
<ele>271</ele>
<time>2026-07-21T00:08:32Z</time></trkpt>
<trkpt lat="41.223241" lon="-81.520354">
<ele>273</ele>
<time>2026-07-21T00:08:41Z</time></trkpt>
<trkpt lat="41.223197" lon="-81.520204">
<ele>273</ele>
<time>2026-07-21T00:08:45Z</time></trkpt>
<trkpt lat="41.223309" lon="-81.51938">
<ele>273</ele>
<time>2026-07-21T00:09:05Z</time></trkpt>
<trkpt lat="41.22331" lon="-81.519247">
<ele>274</ele>
<time>2026-07-21T00:09:09Z</time></trkpt>
<trkpt lat="41.223375" lon="-81.519182">
<ele>274</ele>
<time>2026-07-21T00:09:11Z</time></trkpt>
<trkpt lat="41.22348" lon="-81.519228">
<ele>274</ele>
<time>2026-07-21T00:09:15Z</time></trkpt>
<trkpt lat="41.223654" lon="-81.519359">
<ele>274</ele>
<time>2026-07-21T00:09:22Z</time></trkpt>
<trkpt lat="41.223827" lon="-81.519546">
<ele>273</ele>
<time>2026-07-21T00:09:29Z</time></trkpt>
<trkpt lat="41.223862" lon="-81.519689">
<ele>272</ele>
<time>2026-07-21T00:09:33Z</time></trkpt>
<trkpt lat="41.223864" lon="-81.519883">
<ele>271</ele>
<time>2026-07-21T00:09:38Z</time></trkpt>
<trkpt lat="41.223936" lon="-81.519995">
<ele>270</ele>
<time>2026-07-21T00:09:42Z</time></trkpt>
<trkpt lat="41.224029" lon="-81.520036">
<ele>269</ele>
<time>2026-07-21T00:09:45Z</time></trkpt>
<trkpt lat="41.224125" lon="-81.519981">
<ele>269</ele>
<time>2026-07-21T00:09:48Z</time></trkpt>
<trkpt lat="41.224187" lon="-81.519457">
<ele>269</ele>
<time>2026-07-21T00:10:02Z</time></trkpt>
<trkpt lat="41.224131" lon="-81.519117">
<ele>271</ele>
<time>2026-07-21T00:10:11Z</time></trkpt>
<trkpt lat="41.224131" lon="-81.519117">
<ele>271</ele>
<time>2026-07-21T00:10:11Z</time></trkpt>
<trkpt lat="41.2241" lon="-81.519038">
<ele>271</ele>
<time>2026-07-21T00:10:13Z</time></trkpt>
<trkpt lat="41.224104" lon="-81.518933">
<ele>272</ele>
<time>2026-07-21T00:10:16Z</time></trkpt>
<trkpt lat="41.22433" lon="-81.518808">
<ele>268</ele>
<time>2026-07-21T00:10:24Z</time></trkpt>
<trkpt lat="41.224441" lon="-81.518656">
<ele>268</ele>
<time>2026-07-21T00:10:30Z</time></trkpt>
<trkpt lat="41.224472" lon="-81.518372">
<ele>269</ele>
<time>2026-07-21T00:10:37Z</time></trkpt>
<trkpt lat="41.224577" lon="-81.518219">
<ele>267</ele>
<time>2026-07-21T00:10:42Z</time></trkpt>
<trkpt lat="41.224605" lon="-81.518086">
<ele>269</ele>
<time>2026-07-21T00:10:46Z</time></trkpt>
<trkpt lat="41.224734" lon="-81.517919">
<ele>269</ele>
<time>2026-07-21T00:10:52Z</time></trkpt>
<trkpt lat="41.224771" lon="-81.517779">
<ele>270</ele>
<time>2026-07-21T00:10:56Z</time></trkpt>
<trkpt lat="41.224731" lon="-81.517636">
<ele>271</ele>
<time>2026-07-21T00:11:00Z</time></trkpt>
<trkpt lat="41.224673" lon="-81.517529">
<ele>271</ele>
<time>2026-07-21T00:11:03Z</time></trkpt>
<trkpt lat="41.224565" lon="-81.517481">
<ele>271</ele>
<time>2026-07-21T00:11:07Z</time></trkpt>
<trkpt lat="41.224391" lon="-81.517533">
<ele>273</ele>
<time>2026-07-21T00:11:13Z</time></trkpt>
<trkpt lat="41.224207" lon="-81.517523">
<ele>274</ele>
<time>2026-07-21T00:11:20Z</time></trkpt>
<trkpt lat="41.224107" lon="-81.517462">
<ele>274</ele>
<time>2026-07-21T00:11:24Z</time></trkpt>
<trkpt lat="41.224096" lon="-81.517285">
<ele>275</ele>
<time>2026-07-21T00:11:29Z</time></trkpt>
<trkpt lat="41.224039" lon="-81.517167">
<ele>275</ele>
<time>2026-07-21T00:11:33Z</time></trkpt>
<trkpt lat="41.22395" lon="-81.517082">
<ele>275</ele>
<time>2026-07-21T00:11:37Z</time></trkpt>
<trkpt lat="41.223703" lon="-81.516985">
<ele>276</ele>
<time>2026-07-21T00:11:47Z</time></trkpt>
<trkpt lat="41.223577" lon="-81.516961">
<ele>276</ele>
<time>2026-07-21T00:11:52Z</time></trkpt>
<trkpt lat="41.223471" lon="-81.517014">
<ele>275</ele>
<time>2026-07-21T00:11:56Z</time></trkpt>
<trkpt lat="41.223423" lon="-81.517251">
<ele>276</ele>
<time>2026-07-21T00:12:03Z</time></trkpt>
<trkpt lat="41.223209" lon="-81.517557">
<ele>277</ele>
<time>2026-07-21T00:12:15Z</time></trkpt>
<trkpt lat="41.223148" lon="-81.51767">
<ele>278</ele>
<time>2026-07-21T00:12:19Z</time></trkpt>
<trkpt lat="41.223085" lon="-81.517737">
<ele>278</ele>
<time>2026-07-21T00:12:22Z</time></trkpt>
<trkpt lat="41.223012" lon="-81.51776">
<ele>279</ele>
<time>2026-07-21T00:12:25Z</time></trkpt>
<trkpt lat="41.22262" lon="-81.517652">
<ele>279</ele>
<time>2026-07-21T00:12:41Z</time></trkpt>
<trkpt lat="41.222417" lon="-81.517521">
<ele>278</ele>
<time>2026-07-21T00:12:49Z</time></trkpt>
<trkpt lat="41.222324" lon="-81.517432">
<ele>279</ele>
<time>2026-07-21T00:12:54Z</time></trkpt>
<trkpt lat="41.222295" lon="-81.517264">
<ele>279</ele>
<time>2026-07-21T00:12:58Z</time></trkpt>
<trkpt lat="41.222295" lon="-81.517264">
<ele>279</ele>
<time>2026-07-21T00:12:58Z</time></trkpt>
<trkpt lat="41.22228" lon="-81.517176">
<ele>279</ele>
<time>2026-07-21T00:13:01Z</time></trkpt>
<trkpt lat="41.222175" lon="-81.517084">
<ele>279</ele>
<time>2026-07-21T00:13:06Z</time></trkpt>
<trkpt lat="41.222004" lon="-81.517049">
<ele>280</ele>
<time>2026-07-21T00:13:12Z</time></trkpt>
<trkpt lat="41.22191" lon="-81.51694">
<ele>280</ele>
<time>2026-07-21T00:13:16Z</time></trkpt>
<trkpt lat="41.221813" lon="-81.516765">
<ele>280</ele>
<time>2026-07-21T00:13:21Z</time></trkpt>
<trkpt lat="41.221675" lon="-81.516671">
<ele>281</ele>
<time>2026-07-21T00:13:26Z</time></trkpt>
<trkpt lat="41.221545" lon="-81.516613">
<ele>281</ele>
<time>2026-07-21T00:13:31Z</time></trkpt>
<trkpt lat="41.221439" lon="-81.516591">
<ele>282</ele>
<time>2026-07-21T00:13:34Z</time></trkpt>
<trkpt lat="41.221388" lon="-81.516458">
<ele>281</ele>
<time>2026-07-21T00:13:38Z</time></trkpt>
<trkpt lat="41.221486" lon="-81.516194">
<ele>282</ele>
<time>2026-07-21T00:13:46Z</time></trkpt>
<trkpt lat="41.221476" lon="-81.51596">
<ele>283</ele>
<time>2026-07-21T00:13:51Z</time></trkpt>
<trkpt lat="41.221535" lon="-81.515803">
<ele>283</ele>
<time>2026-07-21T00:13:56Z</time></trkpt>
<trkpt lat="41.221631" lon="-81.51562">
<ele>284</ele>
<time>2026-07-21T00:14:01Z</time></trkpt>
<trkpt lat="41.221712" lon="-81.515526">
<ele>284</ele>
<time>2026-07-21T00:14:05Z</time></trkpt>
<trkpt lat="41.221872" lon="-81.515395">
<ele>285</ele>
<time>2026-07-21T00:14:11Z</time></trkpt>
<trkpt lat="41.222033" lon="-81.515325">
<ele>284</ele>
<time>2026-07-21T00:14:17Z</time></trkpt>
<trkpt lat="41.222327" lon="-81.515287">
<ele>282</ele>
<time>2026-07-21T00:14:27Z</time></trkpt>
<trkpt lat="41.222703" lon="-81.515127">
<ele>280</ele>
<time>2026-07-21T00:14:40Z</time></trkpt>
<trkpt lat="41.222831" lon="-81.515008">
<ele>279</ele>
<time>2026-07-21T00:14:45Z</time></trkpt>
<trkpt lat="41.223014" lon="-81.514724">
<ele>281</ele>
<time>2026-07-21T00:14:57Z</time></trkpt>
<trkpt lat="41.223097" lon="-81.514635">
<ele>282</ele>
<time>2026-07-21T00:15:01Z</time></trkpt>
<trkpt lat="41.223195" lon="-81.514574">
<ele>282</ele>
<time>2026-07-21T00:15:05Z</time></trkpt>
<trkpt lat="41.223371" lon="-81.514543">
<ele>282</ele>
<time>2026-07-21T00:15:12Z</time></trkpt>
<trkpt lat="41.223825" lon="-81.514618">
<ele>283</ele>
<time>2026-07-21T00:15:31Z</time></trkpt>
<trkpt lat="41.224167" lon="-81.514619">
<ele>284</ele>
<time>2026-07-21T00:15:45Z</time></trkpt>
<trkpt lat="41.224424" lon="-81.514561">
<ele>284</ele>
<time>2026-07-21T00:15:55Z</time></trkpt>
<trkpt lat="41.224526" lon="-81.514562">
<ele>284</ele>
<time>2026-07-21T00:15:59Z</time></trkpt>
<trkpt lat="41.224629" lon="-81.514464">
<ele>285</ele>
<time>2026-07-21T00:16:05Z</time></trkpt>
<trkpt lat="41.224829" lon="-81.514404">
<ele>286</ele>
<time>2026-07-21T00:16:13Z</time></trkpt>
<trkpt lat="41.225121" lon="-81.514414">
<ele>286</ele>
<time>2026-07-21T00:16:25Z</time></trkpt>
<trkpt lat="41.22537" lon="-81.514322">
<ele>287</ele>
<time>2026-07-21T00:16:35Z</time></trkpt>
<trkpt lat="41.225484" lon="-81.514272">
<ele>287</ele>
<time>2026-07-21T00:16:40Z</time></trkpt>
<trkpt lat="41.225584" lon="-81.514147">
<ele>288</ele>
<time>2026-07-21T00:16:45Z</time></trkpt>
<trkpt lat="41.225773" lon="-81.513847">
<ele>290</ele>
<time>2026-07-21T00:16:57Z</time></trkpt>
<trkpt lat="41.226012" lon="-81.513647">
<ele>292</ele>
<time>2026-07-21T00:17:07Z</time></trkpt>
<trkpt lat="41.226433" lon="-81.513389">
<ele>293</ele>
<time>2026-07-21T00:17:25Z</time></trkpt>
<trkpt lat="41.226645" lon="-81.513125">
<ele>295</ele>
<time>2026-07-21T00:17:36Z</time></trkpt>
<trkpt lat="41.226645" lon="-81.513125">
<ele>295</ele>
<time>2026-07-21T00:17:36Z</time></trkpt>
<trkpt lat="41.226787" lon="-81.512877">
<ele>298</ele>
<time>2026-07-21T00:17:45Z</time></trkpt>
<trkpt lat="41.226854" lon="-81.512819">
<ele>299</ele>
<time>2026-07-21T00:17:48Z</time></trkpt>
<trkpt lat="41.227273" lon="-81.512638">
<ele>298</ele>
<time>2026-07-21T00:18:05Z</time></trkpt>
<trkpt lat="41.227632" lon="-81.512418">
<ele>295</ele>
<time>2026-07-21T00:18:20Z</time></trkpt>
<trkpt lat="41.227659" lon="-81.512397">
<ele>295</ele>
<time>2026-07-21T00:18:21Z</time></trkpt>
<trkpt lat="41.227841" lon="-81.512254">
<ele>294</ele>
<time>2026-07-21T00:18:29Z</time></trkpt>
<trkpt lat="41.228457" lon="-81.511675">
<ele>294</ele>
<time>2026-07-21T00:18:51Z</time></trkpt>
<trkpt lat="41.228485" lon="-81.511627">
<ele>294</ele>
<time>2026-07-21T00:18:52Z</time></trkpt>
<trkpt lat="41.228519" lon="-81.511568">
<ele>294</ele>
<time>2026-07-21T00:18:54Z</time></trkpt>
<trkpt lat="41.228575" lon="-81.51147">
<ele>294</ele>
<time>2026-07-21T00:18:56Z</time></trkpt>
<trkpt lat="41.228626" lon="-81.511382">
<ele>294</ele>
<time>2026-07-21T00:18:58Z</time></trkpt>
<trkpt lat="41.228776" lon="-81.511028">
<ele>290</ele>
<time>2026-07-21T00:19:06Z</time></trkpt>
<trkpt lat="41.228818" lon="-81.510847">
<ele>289</ele>
<time>2026-07-21T00:19:09Z</time></trkpt>
<trkpt lat="41.228812" lon="-81.510719">
<ele>288</ele>
<time>2026-07-21T00:19:12Z</time></trkpt>
<trkpt lat="41.228779" lon="-81.510625">
<ele>289</ele>
<time>2026-07-21T00:19:14Z</time></trkpt>
<trkpt lat="41.228872" lon="-81.510702">
<ele>286</ele>
<time>2026-07-21T00:19:17Z</time></trkpt>
<trkpt lat="41.228962" lon="-81.510731">
<ele>284</ele>
<time>2026-07-21T00:19:19Z</time></trkpt>
<trkpt lat="41.229012" lon="-81.51072">
<ele>283</ele>
<time>2026-07-21T00:19:20Z</time></trkpt>
<trkpt lat="41.229164" lon="-81.510625">
<ele>280</ele>
<time>2026-07-21T00:19:24Z</time></trkpt>
<trkpt lat="41.229188" lon="-81.51058">
<ele>278</ele>
<time>2026-07-21T00:19:25Z</time></trkpt>
<trkpt lat="41.229205" lon="-81.510419">
<ele>277</ele>
<time>2026-07-21T00:19:29Z</time></trkpt>
<trkpt lat="41.229327" lon="-81.510212">
<ele>273</ele>
<time>2026-07-21T00:19:34Z</time></trkpt>
<trkpt lat="41.229372" lon="-81.510027">
<ele>271</ele>
<time>2026-07-21T00:19:37Z</time></trkpt>
<trkpt lat="41.229469" lon="-81.50986">
<ele>268</ele>
<time>2026-07-21T00:19:41Z</time></trkpt>
<trkpt lat="41.229486" lon="-81.509756">
<ele>267</ele>
<time>2026-07-21T00:19:43Z</time></trkpt>
<trkpt lat="41.229544" lon="-81.509591">
<ele>266</ele>
<time>2026-07-21T00:19:47Z</time></trkpt>
<trkpt lat="41.229548" lon="-81.509273">
<ele>265</ele>
<time>2026-07-21T00:19:53Z</time></trkpt>
<trkpt lat="41.229565" lon="-81.509204">
<ele>265</ele>
<time>2026-07-21T00:19:56Z</time></trkpt>
<trkpt lat="41.229663" lon="-81.509144">
<ele>266</ele>
<time>2026-07-21T00:20:01Z</time></trkpt>
<trkpt lat="41.229689" lon="-81.509112">
<ele>266</ele>
<time>2026-07-21T00:20:03Z</time></trkpt>
<trkpt lat="41.229697" lon="-81.509064">
<ele>267</ele>
<time>2026-07-21T00:20:05Z</time></trkpt>
<trkpt lat="41.229685" lon="-81.508983">
<ele>268</ele>
<time>2026-07-21T00:20:08Z</time></trkpt>
<trkpt lat="41.229621" lon="-81.508833">
<ele>268</ele>
<time>2026-07-21T00:20:14Z</time></trkpt>
<trkpt lat="41.229441" lon="-81.508542">
<ele>266</ele>
<time>2026-07-21T00:20:28Z</time></trkpt>
<trkpt lat="41.229441" lon="-81.508542">
<ele>266</ele>
<time>2026-07-21T00:20:28Z</time></trkpt>
<trkpt lat="41.2293" lon="-81.508314">
<ele>266</ele>
<time>2026-07-21T00:20:38Z</time></trkpt>
<trkpt lat="41.229149" lon="-81.508004">
<ele>267</ele>
<time>2026-07-21T00:20:52Z</time></trkpt>
<trkpt lat="41.229063" lon="-81.507912">
<ele>268</ele>
<time>2026-07-21T00:20:57Z</time></trkpt>
<trkpt lat="41.228943" lon="-81.507851">
<ele>269</ele>
<time>2026-07-21T00:21:03Z</time></trkpt>
<trkpt lat="41.228834" lon="-81.507733">
<ele>270</ele>
<time>2026-07-21T00:21:10Z</time></trkpt>
<trkpt lat="41.22877" lon="-81.507609">
<ele>272</ele>
<time>2026-07-21T00:21:16Z</time></trkpt>
<trkpt lat="41.228778" lon="-81.507442">
<ele>275</ele>
<time>2026-07-21T00:21:22Z</time></trkpt>
<trkpt lat="41.228838" lon="-81.507243">
<ele>279</ele>
<time>2026-07-21T00:21:30Z</time></trkpt>
<trkpt lat="41.228885" lon="-81.507148">
<ele>280</ele>
<time>2026-07-21T00:21:34Z</time></trkpt>
<trkpt lat="41.22893" lon="-81.507107">
<ele>281</ele>
<time>2026-07-21T00:21:36Z</time></trkpt>
<trkpt lat="41.229006" lon="-81.507069">
<ele>282</ele>
<time>2026-07-21T00:21:40Z</time></trkpt>
<trkpt lat="41.229171" lon="-81.507046">
<ele>282</ele>
<time>2026-07-21T00:21:48Z</time></trkpt>
<trkpt lat="41.229372" lon="-81.507033">
<ele>285</ele>
<time>2026-07-21T00:21:58Z</time></trkpt>
<trkpt lat="41.229399" lon="-81.507045">
<ele>285</ele>
<time>2026-07-21T00:22:00Z</time></trkpt>
<trkpt lat="41.229583" lon="-81.507285">
<ele>283</ele>
<time>2026-07-21T00:22:12Z</time></trkpt>
<trkpt lat="41.229649" lon="-81.507342">
<ele>284</ele>
<time>2026-07-21T00:22:16Z</time></trkpt>
<trkpt lat="41.229845" lon="-81.507728">
<ele>282</ele>
<time>2026-07-21T00:22:27Z</time></trkpt>
<trkpt lat="41.229926" lon="-81.507977">
<ele>282</ele>
<time>2026-07-21T00:22:34Z</time></trkpt>
<trkpt lat="41.229921" lon="-81.508268">
<ele>280</ele>
<time>2026-07-21T00:22:41Z</time></trkpt>
<trkpt lat="41.229895" lon="-81.508344">
<ele>278</ele>
<time>2026-07-21T00:22:43Z</time></trkpt>
<trkpt lat="41.229899" lon="-81.5084">
<ele>278</ele>
<time>2026-07-21T00:22:45Z</time></trkpt>
<trkpt lat="41.229913" lon="-81.508419">
<ele>279</ele>
<time>2026-07-21T00:22:45Z</time></trkpt>
<trkpt lat="41.23003" lon="-81.508435">
<ele>283</ele>
<time>2026-07-21T00:22:49Z</time></trkpt>
<trkpt lat="41.23003" lon="-81.508435">
<ele>283</ele>
<time>2026-07-21T00:22:49Z</time></trkpt>
<trkpt lat="41.230051" lon="-81.508438">
<ele>283</ele>
<time>2026-07-21T00:22:50Z</time></trkpt>
<trkpt lat="41.230155" lon="-81.508379">
<ele>282</ele>
<time>2026-07-21T00:22:54Z</time></trkpt>
<trkpt lat="41.230795" lon="-81.508339">
<ele>280</ele>
<time>2026-07-21T00:23:15Z</time></trkpt>
<trkpt lat="41.230838" lon="-81.508334">
<ele>280</ele>
<time>2026-07-21T00:23:16Z</time></trkpt>
<trkpt lat="41.230904" lon="-81.508328">
<ele>280</ele>
<time>2026-07-21T00:23:18Z</time></trkpt>
<trkpt lat="41.230947" lon="-81.508231">
<ele>280</ele>
<time>2026-07-21T00:23:21Z</time></trkpt>
<trkpt lat="41.230983" lon="-81.50819">
<ele>280</ele>
<time>2026-07-21T00:23:22Z</time></trkpt>
<trkpt lat="41.231016" lon="-81.508165">
<ele>280</ele>
<time>2026-07-21T00:23:24Z</time></trkpt>
<trkpt lat="41.231067" lon="-81.50816">
<ele>280</ele>
<time>2026-07-21T00:23:25Z</time></trkpt>
<trkpt lat="41.231258" lon="-81.508151">
<ele>279</ele>
<time>2026-07-21T00:23:32Z</time></trkpt>
<trkpt lat="41.231306" lon="-81.50815">
<ele>279</ele>
<time>2026-07-21T00:23:33Z</time></trkpt>
<trkpt lat="41.231333" lon="-81.508029">
<ele>279</ele>
<time>2026-07-21T00:23:36Z</time></trkpt>
<trkpt lat="41.231422" lon="-81.507909">
<ele>281</ele>
<time>2026-07-21T00:23:40Z</time></trkpt>
<trkpt lat="41.231496" lon="-81.507865">
<ele>282</ele>
<time>2026-07-21T00:23:43Z</time></trkpt>
<trkpt lat="41.231606" lon="-81.507844">
<ele>282</ele>
<time>2026-07-21T00:23:47Z</time></trkpt>
<trkpt lat="41.231608" lon="-81.507913">
<ele>282</ele>
<time>2026-07-21T00:23:48Z</time></trkpt>
<trkpt lat="41.231608" lon="-81.507913">
<ele>282</ele>
<time>2026-07-21T00:23:48Z</time></trkpt>
<trkpt lat="41.23161" lon="-81.508007">
<ele>282</ele>
<time>2026-07-21T00:23:51Z</time></trkpt>
<trkpt lat="41.231674" lon="-81.508073">
<ele>282</ele>
<time>2026-07-21T00:23:53Z</time></trkpt>
<trkpt lat="41.232113" lon="-81.508048">
<ele>283</ele>
<time>2026-07-21T00:24:10Z</time></trkpt>
<trkpt lat="41.232113" lon="-81.508048">
<ele>283</ele>
<time>2026-07-21T00:24:10Z</time></trkpt>
<trkpt lat="41.232173" lon="-81.508045">
<ele>283</ele>
<time>2026-07-21T00:24:13Z</time></trkpt>
<trkpt lat="41.232212" lon="-81.508019">
<ele>283</ele>
<time>2026-07-21T00:24:15Z</time></trkpt>
<trkpt lat="41.23223" lon="-81.507969">
<ele>283</ele>
<time>2026-07-21T00:24:16Z</time></trkpt>
<trkpt lat="41.23222" lon="-81.507735">
<ele>283</ele>
<time>2026-07-21T00:24:23Z</time></trkpt>
<trkpt lat="41.2322" lon="-81.507469">
<ele>283</ele>
<time>2026-07-21T00:24:31Z</time></trkpt>
<trkpt lat="41.232179" lon="-81.507452">
<ele>282</ele>
<time>2026-07-21T00:24:32Z</time></trkpt>
<trkpt lat="41.232179" lon="-81.507452">
<ele>282</ele>
<time>2026-07-21T00:24:32Z</time></trkpt>
<trkpt lat="41.232156" lon="-81.507433">
<ele>282</ele>
<time>2026-07-21T00:24:33Z</time></trkpt>
<trkpt lat="41.23202" lon="-81.507432">
<ele>283</ele>
<time>2026-07-21T00:24:38Z</time></trkpt>
<trkpt lat="41.232016" lon="-81.507242">
<ele>283</ele>
<time>2026-07-21T00:24:44Z</time></trkpt>
<trkpt lat="41.23195" lon="-81.506991">
<ele>284</ele>
<time>2026-07-21T00:24:51Z</time></trkpt>
<trkpt lat="41.231973" lon="-81.50687">
<ele>284</ele>
<time>2026-07-21T00:24:55Z</time></trkpt>
<trkpt lat="41.232006" lon="-81.506783">
<ele>284</ele>
<time>2026-07-21T00:24:58Z</time></trkpt>
<trkpt lat="41.232006" lon="-81.506783">
<ele>284</ele>
<time>2026-07-21T00:24:58Z</time></trkpt>
<trkpt lat="41.232109" lon="-81.506516">
<ele>283</ele>
<time>2026-07-21T00:25:07Z</time></trkpt>
<trkpt lat="41.232117" lon="-81.506469">
<ele>282</ele>
<time>2026-07-21T00:25:08Z</time></trkpt>
<trkpt lat="41.232104" lon="-81.506299">
<ele>283</ele>
<time>2026-07-21T00:25:13Z</time></trkpt>
<trkpt lat="41.232038" lon="-81.506075">
<ele>285</ele>
<time>2026-07-21T00:25:20Z</time></trkpt>
<trkpt lat="41.231887" lon="-81.505785">
<ele>288</ele>
<time>2026-07-21T00:25:30Z</time></trkpt>
<trkpt lat="41.2318483" lon="-81.5056797">
<ele>288</ele>
<time>2026-07-21T00:25:34Z</time></trkpt>
<trkpt lat="41.231779" lon="-81.505491">
<ele>288</ele>
<time>2026-07-21T00:25:40Z</time></trkpt>
<trkpt lat="41.231714" lon="-81.505368">
<ele>289</ele>
<time>2026-07-21T00:25:44Z</time></trkpt>
<trkpt lat="41.231472" lon="-81.50503">
<ele>290</ele>
<time>2026-07-21T00:25:56Z</time></trkpt>
<trkpt lat="41.231477" lon="-81.504958">
<ele>290</ele>
<time>2026-07-21T00:25:58Z</time></trkpt>
<trkpt lat="41.23157" lon="-81.504828">
<ele>290</ele>
<time>2026-07-21T00:26:02Z</time></trkpt>
<trkpt lat="41.231593" lon="-81.504737">
<ele>290</ele>
<time>2026-07-21T00:26:04Z</time></trkpt>
<trkpt lat="41.23151" lon="-81.504494">
<ele>287</ele>
<time>2026-07-21T00:26:11Z</time></trkpt>
<trkpt lat="41.231422" lon="-81.504324">
<ele>287</ele>
<time>2026-07-21T00:26:16Z</time></trkpt>
<trkpt lat="41.231347" lon="-81.503946">
<ele>284</ele>
<time>2026-07-21T00:26:25Z</time></trkpt>
<trkpt lat="41.231377" lon="-81.503789">
<ele>283</ele>
<time>2026-07-21T00:26:29Z</time></trkpt>
<trkpt lat="41.231366" lon="-81.503623">
<ele>282</ele>
<time>2026-07-21T00:26:33Z</time></trkpt>
<trkpt lat="41.231378" lon="-81.503543">
<ele>283</ele>
<time>2026-07-21T00:26:35Z</time></trkpt>
<trkpt lat="41.231409" lon="-81.503486">
<ele>283</ele>
<time>2026-07-21T00:26:36Z</time></trkpt>
<trkpt lat="41.231604" lon="-81.503283">
<ele>283</ele>
<time>2026-07-21T00:26:44Z</time></trkpt>
<trkpt lat="41.231632" lon="-81.503211">
<ele>281</ele>
<time>2026-07-21T00:26:46Z</time></trkpt>
<trkpt lat="41.231626" lon="-81.503163">
<ele>281</ele>
<time>2026-07-21T00:26:47Z</time></trkpt>
<trkpt lat="41.231553" lon="-81.503071">
<ele>281</ele>
<time>2026-07-21T00:26:51Z</time></trkpt>
<trkpt lat="41.231521" lon="-81.503002">
<ele>281</ele>
<time>2026-07-21T00:26:52Z</time></trkpt>
<trkpt lat="41.231514" lon="-81.502777">
<ele>283</ele>
<time>2026-07-21T00:26:58Z</time></trkpt>
<trkpt lat="41.23157" lon="-81.502402">
<ele>283</ele>
<time>2026-07-21T00:27:07Z</time></trkpt>
<trkpt lat="41.231553" lon="-81.502343">
<ele>283</ele>
<time>2026-07-21T00:27:08Z</time></trkpt>
<trkpt lat="41.231407" lon="-81.502159">
<ele>282</ele>
<time>2026-07-21T00:27:15Z</time></trkpt>
<trkpt lat="41.23138" lon="-81.502015">
<ele>282</ele>
<time>2026-07-21T00:27:18Z</time></trkpt>
<trkpt lat="41.231504" lon="-81.500696">
<ele>288</ele>
<time>2026-07-21T00:28:02Z</time></trkpt>
<trkpt lat="41.231631" lon="-81.499891">
<ele>294</ele>
<time>2026-07-21T00:28:30Z</time></trkpt>
<trkpt lat="41.231665" lon="-81.499796">
<ele>294</ele>
<time>2026-07-21T00:28:34Z</time></trkpt>
<trkpt lat="41.231688" lon="-81.499734">
<ele>295</ele>
<time>2026-07-21T00:28:36Z</time></trkpt>
<trkpt lat="41.231732" lon="-81.49968">
<ele>295</ele>
<time>2026-07-21T00:28:39Z</time></trkpt>
<trkpt lat="41.231782" lon="-81.499665">
<ele>295</ele>
<time>2026-07-21T00:28:41Z</time></trkpt>
<trkpt lat="41.232043" lon="-81.49989">
<ele>295</ele>
<time>2026-07-21T00:28:55Z</time></trkpt>
<trkpt lat="41.232083" lon="-81.499903">
<ele>295</ele>
<time>2026-07-21T00:28:57Z</time></trkpt>
<trkpt lat="41.232209" lon="-81.499885">
<ele>295</ele>
<time>2026-07-21T00:29:03Z</time></trkpt>
<trkpt lat="41.232341" lon="-81.499804">
<ele>296</ele>
<time>2026-07-21T00:29:09Z</time></trkpt>
<trkpt lat="41.232381" lon="-81.499754">
<ele>296</ele>
<time>2026-07-21T00:29:12Z</time></trkpt>
<trkpt lat="41.232402" lon="-81.499693">
<ele>296</ele>
<time>2026-07-21T00:29:14Z</time></trkpt>
<trkpt lat="41.232417" lon="-81.499557">
<ele>297</ele>
<time>2026-07-21T00:29:19Z</time></trkpt>
<trkpt lat="41.232479" lon="-81.499296">
<ele>298</ele>
<time>2026-07-21T00:29:28Z</time></trkpt>
<trkpt lat="41.232467" lon="-81.499232">
<ele>298</ele>
<time>2026-07-21T00:29:30Z</time></trkpt>
<trkpt lat="41.232419" lon="-81.499144">
<ele>299</ele>
<time>2026-07-21T00:29:34Z</time></trkpt>
<trkpt lat="41.232378" lon="-81.498888">
<ele>298</ele>
<time>2026-07-21T00:29:41Z</time></trkpt>
<trkpt lat="41.232333" lon="-81.498775">
<ele>298</ele>
<time>2026-07-21T00:29:44Z</time></trkpt>
<trkpt lat="41.232268" lon="-81.498684">
<ele>298</ele>
<time>2026-07-21T00:29:47Z</time></trkpt>
<trkpt lat="41.232148" lon="-81.498572">
<ele>298</ele>
<time>2026-07-21T00:29:52Z</time></trkpt>
<trkpt lat="41.23209" lon="-81.498464">
<ele>298</ele>
<time>2026-07-21T00:29:55Z</time></trkpt>
<trkpt lat="41.232083" lon="-81.498395">
<ele>298</ele>
<time>2026-07-21T00:29:57Z</time></trkpt>
<trkpt lat="41.232179" lon="-81.498025">
<ele>296</ele>
<time>2026-07-21T00:30:06Z</time></trkpt>
<trkpt lat="41.232331" lon="-81.497774">
<ele>297</ele>
<time>2026-07-21T00:30:14Z</time></trkpt>
<trkpt lat="41.232393" lon="-81.49761">
<ele>297</ele>
<time>2026-07-21T00:30:19Z</time></trkpt>
<trkpt lat="41.232431" lon="-81.497387">
<ele>297</ele>
<time>2026-07-21T00:30:24Z</time></trkpt>
<trkpt lat="41.232403" lon="-81.497128">
<ele>297</ele>
<time>2026-07-21T00:30:31Z</time></trkpt>
<trkpt lat="41.232455" lon="-81.496919">
<ele>296</ele>
<time>2026-07-21T00:30:36Z</time></trkpt>
<trkpt lat="41.232504" lon="-81.496845">
<ele>296</ele>
<time>2026-07-21T00:30:38Z</time></trkpt>
<trkpt lat="41.23261" lon="-81.496788">
<ele>297</ele>
<time>2026-07-21T00:30:42Z</time></trkpt>
<trkpt lat="41.232685" lon="-81.496807">
<ele>297</ele>
<time>2026-07-21T00:30:45Z</time></trkpt>
<trkpt lat="41.232909" lon="-81.496954">
<ele>296</ele>
<time>2026-07-21T00:30:53Z</time></trkpt>
<trkpt lat="41.233084" lon="-81.497022">
<ele>297</ele>
<time>2026-07-21T00:30:59Z</time></trkpt>
<trkpt lat="41.233172" lon="-81.497077">
<ele>296</ele>
<time>2026-07-21T00:31:02Z</time></trkpt>
<trkpt lat="41.233255" lon="-81.497174">
<ele>296</ele>
<time>2026-07-21T00:31:05Z</time></trkpt>
<trkpt lat="41.233506" lon="-81.497637">
<ele>295</ele>
<time>2026-07-21T00:31:19Z</time></trkpt>
<trkpt lat="41.233771" lon="-81.498251">
<ele>295</ele>
<time>2026-07-21T00:31:36Z</time></trkpt>
<trkpt lat="41.233793" lon="-81.498349">
<ele>295</ele>
<time>2026-07-21T00:31:38Z</time></trkpt>
<trkpt lat="41.233798" lon="-81.498601">
<ele>293</ele>
<time>2026-07-21T00:31:44Z</time></trkpt>
<trkpt lat="41.233782" lon="-81.498749">
<ele>292</ele>
<time>2026-07-21T00:31:47Z</time></trkpt>
<trkpt lat="41.233691" lon="-81.499108">
<ele>289</ele>
<time>2026-07-21T00:31:56Z</time></trkpt>
<trkpt lat="41.233624" lon="-81.499253">
<ele>289</ele>
<time>2026-07-21T00:32:00Z</time></trkpt>
<trkpt lat="41.233514" lon="-81.499424">
<ele>288</ele>
<time>2026-07-21T00:32:05Z</time></trkpt>
<trkpt lat="41.233381" lon="-81.499578">
<ele>289</ele>
<time>2026-07-21T00:32:11Z</time></trkpt>
<trkpt lat="41.233341" lon="-81.499645">
<ele>289</ele>
<time>2026-07-21T00:32:13Z</time></trkpt>
<trkpt lat="41.233313" lon="-81.499738">
<ele>288</ele>
<time>2026-07-21T00:32:15Z</time></trkpt>
<trkpt lat="41.233317" lon="-81.499817">
<ele>287</ele>
<time>2026-07-21T00:32:17Z</time></trkpt>
<trkpt lat="41.233386" lon="-81.499995">
<ele>284</ele>
<time>2026-07-21T00:32:22Z</time></trkpt>
<trkpt lat="41.23358" lon="-81.500332">
<ele>282</ele>
<time>2026-07-21T00:32:32Z</time></trkpt>
<trkpt lat="41.233625" lon="-81.500358">
<ele>281</ele>
<time>2026-07-21T00:32:33Z</time></trkpt>
<trkpt lat="41.233686" lon="-81.500344">
<ele>282</ele>
<time>2026-07-21T00:32:35Z</time></trkpt>
<trkpt lat="41.233861" lon="-81.500255">
<ele>286</ele>
<time>2026-07-21T00:32:41Z</time></trkpt>
<trkpt lat="41.233901" lon="-81.500253">
<ele>286</ele>
<time>2026-07-21T00:32:42Z</time></trkpt>
<trkpt lat="41.233941" lon="-81.500286">
<ele>287</ele>
<time>2026-07-21T00:32:44Z</time></trkpt>
<trkpt lat="41.234152" lon="-81.500571">
<ele>290</ele>
<time>2026-07-21T00:32:55Z</time></trkpt>
<trkpt lat="41.234211" lon="-81.500602">
<ele>290</ele>
<time>2026-07-21T00:32:58Z</time></trkpt>
<trkpt lat="41.234259" lon="-81.500605">
<ele>291</ele>
<time>2026-07-21T00:32:59Z</time></trkpt>
<trkpt lat="41.234297" lon="-81.500574">
<ele>291</ele>
<time>2026-07-21T00:33:01Z</time></trkpt>
<trkpt lat="41.23431" lon="-81.500526">
<ele>292</ele>
<time>2026-07-21T00:33:03Z</time></trkpt>
<trkpt lat="41.234301" lon="-81.50029">
<ele>293</ele>
<time>2026-07-21T00:33:10Z</time></trkpt>
<trkpt lat="41.234321" lon="-81.50015">
<ele>293</ele>
<time>2026-07-21T00:33:14Z</time></trkpt>
<trkpt lat="41.234446" lon="-81.499888">
<ele>293</ele>
<time>2026-07-21T00:33:23Z</time></trkpt>
<trkpt lat="41.234532" lon="-81.499665">
<ele>292</ele>
<time>2026-07-21T00:33:30Z</time></trkpt>
<trkpt lat="41.234585" lon="-81.499628">
<ele>293</ele>
<time>2026-07-21T00:33:32Z</time></trkpt>
<trkpt lat="41.234662" lon="-81.49962">
<ele>293</ele>
<time>2026-07-21T00:33:35Z</time></trkpt>
<trkpt lat="41.234769" lon="-81.499671">
<ele>293</ele>
<time>2026-07-21T00:33:40Z</time></trkpt>
<trkpt lat="41.23481" lon="-81.499721">
<ele>294</ele>
<time>2026-07-21T00:33:42Z</time></trkpt>
<trkpt lat="41.234926" lon="-81.499981">
<ele>295</ele>
<time>2026-07-21T00:33:51Z</time></trkpt>
<trkpt lat="41.235063" lon="-81.500226">
<ele>295</ele>
<time>2026-07-21T00:34:00Z</time></trkpt>
<trkpt lat="41.235601" lon="-81.501017">
<ele>295</ele>
<time>2026-07-21T00:34:31Z</time></trkpt>
<trkpt lat="41.235646" lon="-81.501143">
<ele>294</ele>
<time>2026-07-21T00:34:35Z</time></trkpt>
<trkpt lat="41.235614" lon="-81.501287">
<ele>294</ele>
<time>2026-07-21T00:34:39Z</time></trkpt>
<trkpt lat="41.235585" lon="-81.501352">
<ele>294</ele>
<time>2026-07-21T00:34:42Z</time></trkpt>
<trkpt lat="41.235436" lon="-81.501525">
<ele>293</ele>
<time>2026-07-21T00:34:49Z</time></trkpt>
<trkpt lat="41.235375" lon="-81.501669">
<ele>292</ele>
<time>2026-07-21T00:34:53Z</time></trkpt>
<trkpt lat="41.235294" lon="-81.501739">
<ele>291</ele>
<time>2026-07-21T00:34:56Z</time></trkpt>
<trkpt lat="41.235046" lon="-81.501842">
<ele>290</ele>
<time>2026-07-21T00:35:06Z</time></trkpt>
<trkpt lat="41.235014" lon="-81.501879">
<ele>289</ele>
<time>2026-07-21T00:35:07Z</time></trkpt>
<trkpt lat="41.235004" lon="-81.501933">
<ele>289</ele>
<time>2026-07-21T00:35:09Z</time></trkpt>
<trkpt lat="41.235007" lon="-81.502357">
<ele>289</ele>
<time>2026-07-21T00:35:20Z</time></trkpt>
<trkpt lat="41.235024" lon="-81.50255">
<ele>288</ele>
<time>2026-07-21T00:35:25Z</time></trkpt>
<trkpt lat="41.235042" lon="-81.502611">
<ele>288</ele>
<time>2026-07-21T00:35:27Z</time></trkpt>
<trkpt lat="41.235116" lon="-81.502704">
<ele>288</ele>
<time>2026-07-21T00:35:31Z</time></trkpt>
<trkpt lat="41.235218" lon="-81.502749">
<ele>287</ele>
<time>2026-07-21T00:35:35Z</time></trkpt>
<trkpt lat="41.235349" lon="-81.502727">
<ele>287</ele>
<time>2026-07-21T00:35:39Z</time></trkpt>
<trkpt lat="41.235464" lon="-81.502663">
<ele>288</ele>
<time>2026-07-21T00:35:44Z</time></trkpt>
<trkpt lat="41.235586" lon="-81.502566">
<ele>289</ele>
<time>2026-07-21T00:35:49Z</time></trkpt>
<trkpt lat="41.235686" lon="-81.502529">
<ele>289</ele>
<time>2026-07-21T00:35:52Z</time></trkpt>
<trkpt lat="41.235866" lon="-81.502635">
<ele>290</ele>
<time>2026-07-21T00:35:59Z</time></trkpt>
<trkpt lat="41.235986" lon="-81.502656">
<ele>292</ele>
<time>2026-07-21T00:36:04Z</time></trkpt>
<trkpt lat="41.236046" lon="-81.502645">
<ele>292</ele>
<time>2026-07-21T00:36:06Z</time></trkpt>
<trkpt lat="41.236101" lon="-81.502609">
<ele>293</ele>
<time>2026-07-21T00:36:08Z</time></trkpt>
<trkpt lat="41.23623" lon="-81.502439">
<ele>294</ele>
<time>2026-07-21T00:36:15Z</time></trkpt>
<trkpt lat="41.236295" lon="-81.502408">
<ele>295</ele>
<time>2026-07-21T00:36:17Z</time></trkpt>
<trkpt lat="41.236367" lon="-81.502399">
<ele>295</ele>
<time>2026-07-21T00:36:20Z</time></trkpt>
<trkpt lat="41.236462" lon="-81.502422">
<ele>297</ele>
<time>2026-07-21T00:36:23Z</time></trkpt>
<trkpt lat="41.236592" lon="-81.502576">
<ele>298</ele>
<time>2026-07-21T00:36:29Z</time></trkpt>
<trkpt lat="41.236691" lon="-81.502665">
<ele>298</ele>
<time>2026-07-21T00:36:34Z</time></trkpt>
<trkpt lat="41.236727" lon="-81.502727">
<ele>298</ele>
<time>2026-07-21T00:36:36Z</time></trkpt>
<trkpt lat="41.236801" lon="-81.503009">
<ele>297</ele>
<time>2026-07-21T00:36:44Z</time></trkpt>
<trkpt lat="41.236893" lon="-81.503197">
<ele>297</ele>
<time>2026-07-21T00:36:50Z</time></trkpt>
<trkpt lat="41.23699" lon="-81.50348">
<ele>297</ele>
<time>2026-07-21T00:36:58Z</time></trkpt>
<trkpt lat="41.237043" lon="-81.503574">
<ele>297</ele>
<time>2026-07-21T00:37:01Z</time></trkpt>
<trkpt lat="41.237119" lon="-81.503646">
<ele>297</ele>
<time>2026-07-21T00:37:05Z</time></trkpt>
<trkpt lat="41.237271" lon="-81.503734">
<ele>298</ele>
<time>2026-07-21T00:37:10Z</time></trkpt>
<trkpt lat="41.237406" lon="-81.503876">
<ele>298</ele>
<time>2026-07-21T00:37:17Z</time></trkpt>
<trkpt lat="41.2374874" lon="-81.503776">
<ele>299</ele>
<time>2026-07-21T00:37:21Z</time></trkpt>
<trkpt lat="41.2376488" lon="-81.5034056">
<ele>301</ele>
<time>2026-07-21T00:37:32Z</time></trkpt>
<trkpt lat="41.237633" lon="-81.503424">
<ele>301</ele>
<time>2026-07-21T00:37:33Z</time></trkpt>
<trkpt lat="41.234207" lon="-81.497752">
<ele>300</ele>
<time>2026-07-21T00:40:40Z</time></trkpt>
<trkpt lat="41.234207" lon="-81.497752">
<ele>300</ele>
<time>2026-07-21T00:40:40Z</time></trkpt>
<trkpt lat="41.23124" lon="-81.492897">
<ele>306</ele>
<time>2026-07-21T00:43:28Z</time></trkpt>
<trkpt lat="41.230531" lon="-81.492046">
<ele>308</ele>
<time>2026-07-21T00:44:08Z</time></trkpt>
<trkpt lat="41.23035" lon="-81.4918">
<ele>311</ele>
<time>2026-07-21T00:44:19Z</time></trkpt>
<trkpt lat="41.229804" lon="-81.490911">
<ele>310</ele>
<time>2026-07-21T00:44:56Z</time></trkpt>
<trkpt lat="41.229503" lon="-81.490622">
<ele>312</ele>
<time>2026-07-21T00:45:11Z</time></trkpt>
<trkpt lat="41.229189" lon="-81.490483">
<ele>315</ele>
<time>2026-07-21T00:45:25Z</time></trkpt>
<trkpt lat="41.22887" lon="-81.490165">
<ele>315</ele>
<time>2026-07-21T00:45:38Z</time></trkpt>
<trkpt lat="41.228637" lon="-81.489962">
<ele>316</ele>
<time>2026-07-21T00:45:46Z</time></trkpt>
<trkpt lat="41.228588" lon="-81.489885">
<ele>315</ele>
<time>2026-07-21T00:45:49Z</time></trkpt>
<trkpt lat="41.228356" lon="-81.489007">
<ele>316</ele>
<time>2026-07-21T00:46:11Z</time></trkpt>
<trkpt lat="41.228321" lon="-81.488887">
<ele>318</ele>
<time>2026-07-21T00:46:14Z</time></trkpt>
<trkpt lat="41.228256" lon="-81.488766">
<ele>316</ele>
<time>2026-07-21T00:46:17Z</time></trkpt>
<trkpt lat="41.228077" lon="-81.488479">
<ele>315</ele>
<time>2026-07-21T00:46:26Z</time></trkpt>
<trkpt lat="41.227979" lon="-81.488268">
<ele>314</ele>
<time>2026-07-21T00:46:32Z</time></trkpt>
<trkpt lat="41.227706" lon="-81.487394">
<ele>309</ele>
<time>2026-07-21T00:46:55Z</time></trkpt>
<trkpt lat="41.227435" lon="-81.486651">
<ele>307</ele>
<time>2026-07-21T00:47:15Z</time></trkpt>
<trkpt lat="41.226796" lon="-81.48558">
<ele>308</ele>
<time>2026-07-21T00:47:49Z</time></trkpt>
<trkpt lat="41.22425" lon="-81.481413">
<ele>307</ele>
<time>2026-07-21T00:50:04Z</time></trkpt>
<trkpt lat="41.22425" lon="-81.481413">
<ele>307</ele>
<time>2026-07-21T00:50:04Z</time></trkpt>
<trkpt lat="41.222398" lon="-81.478305">
<ele>306</ele>
<time>2026-07-21T00:51:43Z</time></trkpt>
<trkpt lat="41.22083" lon="-81.475726">
<ele>308</ele>
<time>2026-07-21T00:53:05Z</time></trkpt>
<trkpt lat="41.22052" lon="-81.475259">
<ele>307</ele>
<time>2026-07-21T00:53:21Z</time></trkpt>
<trkpt lat="41.219488" lon="-81.473517">
<ele>307</ele>
<time>2026-07-21T00:54:17Z</time></trkpt>
<trkpt lat="41.218408" lon="-81.47174">
<ele>307</ele>
<time>2026-07-21T00:55:16Z</time></trkpt>
<trkpt lat="41.218165" lon="-81.471334">
<ele>306</ele>
<time>2026-07-21T00:55:29Z</time></trkpt>
<trkpt lat="41.217846" lon="-81.470848">
<ele>305</ele>
<time>2026-07-21T00:55:46Z</time></trkpt>
<trkpt lat="41.217692" lon="-81.470599">
<ele>304</ele>
<time>2026-07-21T00:55:54Z</time></trkpt>
<trkpt lat="41.217287" lon="-81.469996">
<ele>308</ele>
<time>2026-07-21T00:56:15Z</time></trkpt>
<trkpt lat="41.216836" lon="-81.469193">
<ele>307</ele>
<time>2026-07-21T00:56:40Z</time></trkpt>
<trkpt lat="41.215948" lon="-81.467687">
<ele>305</ele>
<time>2026-07-21T00:57:30Z</time></trkpt>
<trkpt lat="41.211684" lon="-81.460667">
<ele>311</ele>
<time>2026-07-21T01:01:18Z</time></trkpt>
<trkpt lat="41.211684" lon="-81.460667">
<ele>311</ele>
<time>2026-07-21T01:01:18Z</time></trkpt>
<trkpt lat="41.206445" lon="-81.452071">
<ele>317</ele>
<time>2026-07-21T01:06:14Z</time></trkpt>
<trkpt lat="41.205439" lon="-81.450402">
<ele>318</ele>
<time>2026-07-21T01:07:10Z</time></trkpt>
<trkpt lat="41.205155" lon="-81.449906">
<ele>318</ele>
<time>2026-07-21T01:07:26Z</time></trkpt>
<trkpt lat="41.204613" lon="-81.448893">
<ele>318</ele>
<time>2026-07-21T01:07:57Z</time></trkpt>
<trkpt lat="41.20416" lon="-81.447949">
<ele>317</ele>
<time>2026-07-21T01:08:25Z</time></trkpt>
<trkpt lat="41.203617" lon="-81.446746">
<ele>317</ele>
<time>2026-07-21T01:09:00Z</time></trkpt>
<trkpt lat="41.203116" lon="-81.445495">
<ele>320</ele>
<time>2026-07-21T01:09:35Z</time></trkpt>
<trkpt lat="41.20305" lon="-81.445231">
<ele>321</ele>
<time>2026-07-21T01:09:42Z</time></trkpt>
<trkpt lat="41.203037" lon="-81.444807">
<ele>323</ele>
<time>2026-07-21T01:09:52Z</time></trkpt>
<trkpt lat="41.202846" lon="-81.44479">
<ele>322</ele>
<time>2026-07-21T01:09:59Z</time></trkpt>
<trkpt lat="41.202799" lon="-81.444741">
<ele>321</ele>
<time>2026-07-21T01:10:01Z</time></trkpt>
<trkpt lat="41.202663" lon="-81.444264">
<ele>319</ele>
<time>2026-07-21T01:10:13Z</time></trkpt>
<trkpt lat="41.202106" lon="-81.442783">
<ele>318</ele>
<time>2026-07-21T01:10:59Z</time></trkpt>
<trkpt lat="41.201387" lon="-81.44069">
<ele>320</ele>
<time>2026-07-21T01:12:05Z</time></trkpt>
<trkpt lat="41.200908" lon="-81.439276">
<ele>320</ele>
<time>2026-07-21T01:12:44Z</time></trkpt>
<trkpt lat="41.200178" lon="-81.437236">
<ele>319</ele>
<time>2026-07-21T01:13:39Z</time></trkpt>
<trkpt lat="41.200178" lon="-81.437236">
<ele>319</ele>
<time>2026-07-21T01:13:39Z</time></trkpt>
<trkpt lat="41.199257" lon="-81.434657">
<ele>320</ele>
<time>2026-07-21T01:14:51Z</time></trkpt>
<trkpt lat="41.197305" lon="-81.429116">
<ele>320</ele>
<time>2026-07-21T01:17:26Z</time></trkpt>
<trkpt lat="41.195372" lon="-81.423709">
<ele>321</ele>
<time>2026-07-21T01:19:58Z</time></trkpt>
<trkpt lat="41.19497" lon="-81.422478">
<ele>321</ele>
<time>2026-07-21T01:20:31Z</time></trkpt>
<trkpt lat="41.194654" lon="-81.421416">
<ele>322</ele>
<time>2026-07-21T01:21:02Z</time></trkpt>
<trkpt lat="41.19433" lon="-81.420217">
<ele>325</ele>
<time>2026-07-21T01:21:36Z</time></trkpt>
<trkpt lat="41.194333" lon="-81.420074">
<ele>326</ele>
<time>2026-07-21T01:21:40Z</time></trkpt>
<trkpt lat="41.19442" lon="-81.419913">
<ele>326</ele>
<time>2026-07-21T01:21:45Z</time></trkpt>
<trkpt lat="41.194415" lon="-81.41973">
<ele>326</ele>
<time>2026-07-21T01:21:50Z</time></trkpt>
<trkpt lat="41.194333" lon="-81.419568">
<ele>324</ele>
<time>2026-07-21T01:21:55Z</time></trkpt>
<trkpt lat="41.194117" lon="-81.419292">
<ele>323</ele>
<time>2026-07-21T01:22:06Z</time></trkpt>
<trkpt lat="41.19405" lon="-81.419094">
<ele>324</ele>
<time>2026-07-21T01:22:12Z</time></trkpt>
<trkpt lat="41.193778" lon="-81.417905">
<ele>322</ele>
<time>2026-07-21T01:22:43Z</time></trkpt>
<trkpt lat="41.193486" lon="-81.416478">
<ele>320</ele>
<time>2026-07-21T01:23:19Z</time></trkpt>
<trkpt lat="41.192569" lon="-81.411201">
<ele>322</ele>
<time>2026-07-21T01:25:38Z</time></trkpt>
<trkpt lat="41.192569" lon="-81.411201">
<ele>322</ele>
<time>2026-07-21T01:25:38Z</time></trkpt>
<trkpt lat="41.192565" lon="-81.411178">
<ele>323</ele>
<time>2026-07-21T01:25:38Z</time></trkpt>
<trkpt lat="41.192814" lon="-81.411104">
<ele>322</ele>
<time>2026-07-21T01:25:47Z</time></trkpt>
<trkpt lat="41.192819" lon="-81.411119">
<ele>322</ele>
<time>2026-07-21T01:25:47Z</time></trkpt>
<trkpt lat="41.192819" lon="-81.411119">
<ele>322</ele>
<time>2026-07-21T01:25:47Z</time></trkpt>
<trkpt lat="41.192907" lon="-81.411403">
<ele>321</ele>
<time>2026-07-21T01:25:55Z</time></trkpt>
<trkpt lat="41.192907" lon="-81.411403">
<ele>321</ele>
<time>2026-07-21T01:25:55Z</time></trkpt>
<trkpt lat="41.192939" lon="-81.411507">
<ele>321</ele>
<time>2026-07-21T01:25:58Z</time></trkpt>
<trkpt lat="41.192969" lon="-81.411765">
<ele>320</ele>
<time>2026-07-21T01:26:04Z</time></trkpt>
<trkpt lat="41.1931271" lon="-81.411792">
<ele>320</ele>
<time>2026-07-21T01:26:09Z</time></trkpt>
<trkpt lat="41.1932886" lon="-81.411851">
<ele>320</ele>
<time>2026-07-21T01:26:15Z</time></trkpt>
<trkpt lat="41.1934003" lon="-81.4118935">
<ele>320</ele>
<time>2026-07-21T01:26:19Z</time></trkpt>
<trkpt lat="41.193551" lon="-81.4118725">
<ele>321</ele>
<time>2026-07-21T01:26:24Z</time></trkpt>
<trkpt lat="41.1935671" lon="-81.4116365">
<ele>321</ele>
<time>2026-07-21T01:26:30Z</time></trkpt>
<trkpt lat="41.1935631" lon="-81.4112824">
<ele>322</ele>
<time>2026-07-21T01:26:39Z</time></trkpt>
<trkpt lat="41.1934468" lon="-81.410971">
<ele>323</ele>
<time>2026-07-21T01:26:47Z</time></trkpt>
<trkpt lat="41.1928284" lon="-81.4103007">
<ele>322</ele>
<time>2026-07-21T01:27:14Z</time></trkpt>
<trkpt lat="41.192716" lon="-81.410307">
<ele>322</ele>
<time>2026-07-21T01:27:18Z</time></trkpt>
<trkpt lat="41.192779" lon="-81.41091">
<ele>322</ele>
<time>2026-07-21T01:27:33Z</time></trkpt>
<trkpt lat="41.192814" lon="-81.411104">
<ele>322</ele>
<time>2026-07-21T01:27:38Z</time></trkpt>
<trkpt lat="41.192565" lon="-81.411178">
<ele>323</ele>
<time>2026-07-21T01:27:46Z</time></trkpt>
<trkpt lat="41.192569" lon="-81.411201">
<ele>322</ele>
<time>2026-07-21T01:27:47Z</time></trkpt>
<trkpt lat="41.192569" lon="-81.411201">
<ele>322</ele>
<time>2026-07-21T01:27:47Z</time></trkpt>
<trkpt lat="41.193486" lon="-81.416478">
<ele>320</ele>
<time>2026-07-21T01:30:02Z</time></trkpt>
<trkpt lat="41.193778" lon="-81.417905">
<ele>322</ele>
<time>2026-07-21T01:30:39Z</time></trkpt>
<trkpt lat="41.19405" lon="-81.419094">
<ele>324</ele>
<time>2026-07-21T01:31:12Z</time></trkpt>
<trkpt lat="41.194117" lon="-81.419292">
<ele>323</ele>
<time>2026-07-21T01:31:17Z</time></trkpt>
<trkpt lat="41.194333" lon="-81.419568">
<ele>324</ele>
<time>2026-07-21T01:31:28Z</time></trkpt>
<trkpt lat="41.194415" lon="-81.41973">
<ele>326</ele>
<time>2026-07-21T01:31:33Z</time></trkpt>
<trkpt lat="41.19442" lon="-81.419913">
<ele>326</ele>
<time>2026-07-21T01:31:38Z</time></trkpt>
<trkpt lat="41.194333" lon="-81.420074">
<ele>326</ele>
<time>2026-07-21T01:31:43Z</time></trkpt>
<trkpt lat="41.19433" lon="-81.420217">
<ele>325</ele>
<time>2026-07-21T01:31:47Z</time></trkpt>
<trkpt lat="41.194654" lon="-81.421416">
<ele>322</ele>
<time>2026-07-21T01:32:20Z</time></trkpt>
<trkpt lat="41.19497" lon="-81.422478">
<ele>321</ele>
<time>2026-07-21T01:32:48Z</time></trkpt>
<trkpt lat="41.195372" lon="-81.423709">
<ele>321</ele>
<time>2026-07-21T01:33:20Z</time></trkpt>
<trkpt lat="41.197305" lon="-81.429116">
<ele>320</ele>
<time>2026-07-21T01:35:51Z</time></trkpt>
<trkpt lat="41.199257" lon="-81.434657">
<ele>320</ele>
<time>2026-07-21T01:38:24Z</time></trkpt>
<trkpt lat="41.200178" lon="-81.437236">
<ele>319</ele>
<time>2026-07-21T01:39:35Z</time></trkpt>
<trkpt lat="41.200178" lon="-81.437236">
<ele>319</ele>
<time>2026-07-21T01:39:35Z</time></trkpt>
<trkpt lat="41.200908" lon="-81.439276">
<ele>320</ele>
<time>2026-07-21T01:40:32Z</time></trkpt>
<trkpt lat="41.201387" lon="-81.44069">
<ele>320</ele>
<time>2026-07-21T01:41:10Z</time></trkpt>
<trkpt lat="41.202106" lon="-81.442783">
<ele>318</ele>
<time>2026-07-21T01:42:07Z</time></trkpt>
<trkpt lat="41.202663" lon="-81.444264">
<ele>319</ele>
<time>2026-07-21T01:42:49Z</time></trkpt>
<trkpt lat="41.202799" lon="-81.444741">
<ele>321</ele>
<time>2026-07-21T01:43:01Z</time></trkpt>
<trkpt lat="41.202846" lon="-81.44479">
<ele>322</ele>
<time>2026-07-21T01:43:03Z</time></trkpt>
<trkpt lat="41.203037" lon="-81.444807">
<ele>323</ele>
<time>2026-07-21T01:43:10Z</time></trkpt>
<trkpt lat="41.20305" lon="-81.445231">
<ele>321</ele>
<time>2026-07-21T01:43:20Z</time></trkpt>
<trkpt lat="41.203116" lon="-81.445495">
<ele>320</ele>
<time>2026-07-21T01:43:27Z</time></trkpt>
<trkpt lat="41.203617" lon="-81.446746">
<ele>317</ele>
<time>2026-07-21T01:44:03Z</time></trkpt>
<trkpt lat="41.20416" lon="-81.447949">
<ele>317</ele>
<time>2026-07-21T01:44:38Z</time></trkpt>
<trkpt lat="41.204613" lon="-81.448893">
<ele>318</ele>
<time>2026-07-21T01:45:06Z</time></trkpt>
<trkpt lat="41.205155" lon="-81.449906">
<ele>318</ele>
<time>2026-07-21T01:45:37Z</time></trkpt>
<trkpt lat="41.205439" lon="-81.450402">
<ele>318</ele>
<time>2026-07-21T01:45:52Z</time></trkpt>
<trkpt lat="41.206445" lon="-81.452071">
<ele>317</ele>
<time>2026-07-21T01:46:45Z</time></trkpt>
<trkpt lat="41.211684" lon="-81.460667">
<ele>311</ele>
<time>2026-07-21T01:51:17Z</time></trkpt>
<trkpt lat="41.211684" lon="-81.460667">
<ele>311</ele>
<time>2026-07-21T01:51:17Z</time></trkpt>
<trkpt lat="41.215948" lon="-81.467687">
<ele>305</ele>
<time>2026-07-21T01:55:01Z</time></trkpt>
<trkpt lat="41.216836" lon="-81.469193">
<ele>307</ele>
<time>2026-07-21T01:55:48Z</time></trkpt>
<trkpt lat="41.217287" lon="-81.469996">
<ele>308</ele>
<time>2026-07-21T01:56:12Z</time></trkpt>
<trkpt lat="41.217692" lon="-81.470599">
<ele>304</ele>
<time>2026-07-21T01:56:32Z</time></trkpt>
<trkpt lat="41.217846" lon="-81.470848">
<ele>305</ele>
<time>2026-07-21T01:56:40Z</time></trkpt>
<trkpt lat="41.218165" lon="-81.471334">
<ele>306</ele>
<time>2026-07-21T01:56:56Z</time></trkpt>
<trkpt lat="41.218408" lon="-81.47174">
<ele>307</ele>
<time>2026-07-21T01:57:10Z</time></trkpt>
<trkpt lat="41.219488" lon="-81.473517">
<ele>307</ele>
<time>2026-07-21T01:58:10Z</time></trkpt>
<trkpt lat="41.22052" lon="-81.475259">
<ele>307</ele>
<time>2026-07-21T01:59:06Z</time></trkpt>
<trkpt lat="41.22083" lon="-81.475726">
<ele>308</ele>
<time>2026-07-21T01:59:22Z</time></trkpt>
<trkpt lat="41.222398" lon="-81.478305">
<ele>306</ele>
<time>2026-07-21T02:00:45Z</time></trkpt>
<trkpt lat="41.22425" lon="-81.481413">
<ele>307</ele>
<time>2026-07-21T02:02:25Z</time></trkpt>
<trkpt lat="41.22425" lon="-81.481413">
<ele>307</ele>
<time>2026-07-21T02:02:25Z</time></trkpt>
<trkpt lat="41.226796" lon="-81.48558">
<ele>308</ele>
<time>2026-07-21T02:04:39Z</time></trkpt>
<trkpt lat="41.227435" lon="-81.486651">
<ele>307</ele>
<time>2026-07-21T02:05:16Z</time></trkpt>
<trkpt lat="41.227706" lon="-81.487394">
<ele>309</ele>
<time>2026-07-21T02:05:41Z</time></trkpt>
<trkpt lat="41.227979" lon="-81.488268">
<ele>314</ele>
<time>2026-07-21T02:06:10Z</time></trkpt>
<trkpt lat="41.228077" lon="-81.488479">
<ele>315</ele>
<time>2026-07-21T02:06:17Z</time></trkpt>
<trkpt lat="41.228256" lon="-81.488766">
<ele>316</ele>
<time>2026-07-21T02:06:28Z</time></trkpt>
<trkpt lat="41.228321" lon="-81.488887">
<ele>318</ele>
<time>2026-07-21T02:06:33Z</time></trkpt>
<trkpt lat="41.228356" lon="-81.489007">
<ele>316</ele>
<time>2026-07-21T02:06:37Z</time></trkpt>
<trkpt lat="41.228588" lon="-81.489885">
<ele>315</ele>
<time>2026-07-21T02:07:05Z</time></trkpt>
<trkpt lat="41.228637" lon="-81.489962">
<ele>316</ele>
<time>2026-07-21T02:07:07Z</time></trkpt>
<trkpt lat="41.22887" lon="-81.490165">
<ele>315</ele>
<time>2026-07-21T02:07:16Z</time></trkpt>
<trkpt lat="41.229189" lon="-81.490483">
<ele>315</ele>
<time>2026-07-21T02:07:28Z</time></trkpt>
<trkpt lat="41.229503" lon="-81.490622">
<ele>312</ele>
<time>2026-07-21T02:07:38Z</time></trkpt>
<trkpt lat="41.229804" lon="-81.490911">
<ele>310</ele>
<time>2026-07-21T02:07:50Z</time></trkpt>
<trkpt lat="41.23035" lon="-81.4918">
<ele>311</ele>
<time>2026-07-21T02:08:17Z</time></trkpt>
<trkpt lat="41.230531" lon="-81.492046">
<ele>308</ele>
<time>2026-07-21T02:08:25Z</time></trkpt>
<trkpt lat="41.23124" lon="-81.492897">
<ele>306</ele>
<time>2026-07-21T02:08:55Z</time></trkpt>
<trkpt lat="41.234207" lon="-81.497752">
<ele>300</ele>
<time>2026-07-21T02:11:25Z</time></trkpt>
<trkpt lat="41.234207" lon="-81.497752">
<ele>300</ele>
<time>2026-07-21T02:11:25Z</time></trkpt>
<trkpt lat="41.237633" lon="-81.503424">
<ele>301</ele>
<time>2026-07-21T02:14:32Z</time></trkpt>
<trkpt lat="41.2376488" lon="-81.5034056">
<ele>301</ele>
<time>2026-07-21T02:14:32Z</time></trkpt>
<trkpt lat="41.237432" lon="-81.503903">
<ele>298</ele>
<time>2026-07-21T02:14:46Z</time></trkpt>
<trkpt lat="41.237271" lon="-81.503734">
<ele>298</ele>
<time>2026-07-21T02:14:53Z</time></trkpt>
<trkpt lat="41.237119" lon="-81.503646">
<ele>297</ele>
<time>2026-07-21T02:14:58Z</time></trkpt>
<trkpt lat="41.237043" lon="-81.503574">
<ele>297</ele>
<time>2026-07-21T02:15:01Z</time></trkpt>
<trkpt lat="41.23699" lon="-81.50348">
<ele>297</ele>
<time>2026-07-21T02:15:04Z</time></trkpt>
<trkpt lat="41.236893" lon="-81.503197">
<ele>297</ele>
<time>2026-07-21T02:15:12Z</time></trkpt>
<trkpt lat="41.236801" lon="-81.503009">
<ele>297</ele>
<time>2026-07-21T02:15:17Z</time></trkpt>
<trkpt lat="41.236727" lon="-81.502727">
<ele>298</ele>
<time>2026-07-21T02:15:24Z</time></trkpt>
<trkpt lat="41.236691" lon="-81.502665">
<ele>298</ele>
<time>2026-07-21T02:15:26Z</time></trkpt>
<trkpt lat="41.236592" lon="-81.502576">
<ele>298</ele>
<time>2026-07-21T02:15:29Z</time></trkpt>
<trkpt lat="41.236462" lon="-81.502422">
<ele>297</ele>
<time>2026-07-21T02:15:35Z</time></trkpt>
<trkpt lat="41.236367" lon="-81.502399">
<ele>295</ele>
<time>2026-07-21T02:15:38Z</time></trkpt>
<trkpt lat="41.236295" lon="-81.502408">
<ele>295</ele>
<time>2026-07-21T02:15:40Z</time></trkpt>
<trkpt lat="41.23623" lon="-81.502439">
<ele>294</ele>
<time>2026-07-21T02:15:42Z</time></trkpt>
<trkpt lat="41.236101" lon="-81.502609">
<ele>293</ele>
<time>2026-07-21T02:15:48Z</time></trkpt>
<trkpt lat="41.236046" lon="-81.502645">
<ele>292</ele>
<time>2026-07-21T02:15:50Z</time></trkpt>
<trkpt lat="41.235986" lon="-81.502656">
<ele>292</ele>
<time>2026-07-21T02:15:52Z</time></trkpt>
<trkpt lat="41.235866" lon="-81.502635">
<ele>290</ele>
<time>2026-07-21T02:15:55Z</time></trkpt>
<trkpt lat="41.235686" lon="-81.502529">
<ele>289</ele>
<time>2026-07-21T02:16:02Z</time></trkpt>
<trkpt lat="41.235586" lon="-81.502566">
<ele>289</ele>
<time>2026-07-21T02:16:05Z</time></trkpt>
<trkpt lat="41.235464" lon="-81.502663">
<ele>288</ele>
<time>2026-07-21T02:16:09Z</time></trkpt>
<trkpt lat="41.235349" lon="-81.502727">
<ele>287</ele>
<time>2026-07-21T02:16:13Z</time></trkpt>
<trkpt lat="41.235218" lon="-81.502749">
<ele>287</ele>
<time>2026-07-21T02:16:17Z</time></trkpt>
<trkpt lat="41.235116" lon="-81.502704">
<ele>288</ele>
<time>2026-07-21T02:16:20Z</time></trkpt>
<trkpt lat="41.235042" lon="-81.502611">
<ele>288</ele>
<time>2026-07-21T02:16:24Z</time></trkpt>
<trkpt lat="41.235024" lon="-81.50255">
<ele>288</ele>
<time>2026-07-21T02:16:25Z</time></trkpt>
<trkpt lat="41.235007" lon="-81.502357">
<ele>289</ele>
<time>2026-07-21T02:16:30Z</time></trkpt>
<trkpt lat="41.235004" lon="-81.501933">
<ele>289</ele>
<time>2026-07-21T02:16:40Z</time></trkpt>
<trkpt lat="41.235014" lon="-81.501879">
<ele>289</ele>
<time>2026-07-21T02:16:41Z</time></trkpt>
<trkpt lat="41.235046" lon="-81.501842">
<ele>290</ele>
<time>2026-07-21T02:16:43Z</time></trkpt>
<trkpt lat="41.235294" lon="-81.501739">
<ele>291</ele>
<time>2026-07-21T02:16:52Z</time></trkpt>
<trkpt lat="41.235375" lon="-81.501669">
<ele>292</ele>
<time>2026-07-21T02:16:56Z</time></trkpt>
<trkpt lat="41.235436" lon="-81.501525">
<ele>293</ele>
<time>2026-07-21T02:17:01Z</time></trkpt>
<trkpt lat="41.235585" lon="-81.501352">
<ele>294</ele>
<time>2026-07-21T02:17:08Z</time></trkpt>
<trkpt lat="41.235614" lon="-81.501287">
<ele>294</ele>
<time>2026-07-21T02:17:10Z</time></trkpt>
<trkpt lat="41.235646" lon="-81.501143">
<ele>294</ele>
<time>2026-07-21T02:17:14Z</time></trkpt>
<trkpt lat="41.235601" lon="-81.501017">
<ele>295</ele>
<time>2026-07-21T02:17:18Z</time></trkpt>
<trkpt lat="41.235063" lon="-81.500226">
<ele>295</ele>
<time>2026-07-21T02:17:47Z</time></trkpt>
<trkpt lat="41.234926" lon="-81.499981">
<ele>295</ele>
<time>2026-07-21T02:17:55Z</time></trkpt>
<trkpt lat="41.23481" lon="-81.499721">
<ele>294</ele>
<time>2026-07-21T02:18:04Z</time></trkpt>
<trkpt lat="41.234769" lon="-81.499671">
<ele>293</ele>
<time>2026-07-21T02:18:06Z</time></trkpt>
<trkpt lat="41.234662" lon="-81.49962">
<ele>293</ele>
<time>2026-07-21T02:18:10Z</time></trkpt>
<trkpt lat="41.234585" lon="-81.499628">
<ele>293</ele>
<time>2026-07-21T02:18:13Z</time></trkpt>
<trkpt lat="41.234532" lon="-81.499665">
<ele>292</ele>
<time>2026-07-21T02:18:15Z</time></trkpt>
<trkpt lat="41.234446" lon="-81.499888">
<ele>293</ele>
<time>2026-07-21T02:18:22Z</time></trkpt>
<trkpt lat="41.234321" lon="-81.50015">
<ele>293</ele>
<time>2026-07-21T02:18:30Z</time></trkpt>
<trkpt lat="41.234301" lon="-81.50029">
<ele>293</ele>
<time>2026-07-21T02:18:34Z</time></trkpt>
<trkpt lat="41.23431" lon="-81.500526">
<ele>292</ele>
<time>2026-07-21T02:18:40Z</time></trkpt>
<trkpt lat="41.234297" lon="-81.500574">
<ele>291</ele>
<time>2026-07-21T02:18:41Z</time></trkpt>
<trkpt lat="41.234259" lon="-81.500605">
<ele>291</ele>
<time>2026-07-21T02:18:42Z</time></trkpt>
<trkpt lat="41.234211" lon="-81.500602">
<ele>290</ele>
<time>2026-07-21T02:18:44Z</time></trkpt>
<trkpt lat="41.234152" lon="-81.500571">
<ele>290</ele>
<time>2026-07-21T02:18:46Z</time></trkpt>
<trkpt lat="41.233941" lon="-81.500286">
<ele>287</ele>
<time>2026-07-21T02:18:57Z</time></trkpt>
<trkpt lat="41.233901" lon="-81.500253">
<ele>286</ele>
<time>2026-07-21T02:18:58Z</time></trkpt>
<trkpt lat="41.233861" lon="-81.500255">
<ele>286</ele>
<time>2026-07-21T02:18:59Z</time></trkpt>
<trkpt lat="41.233686" lon="-81.500344">
<ele>282</ele>
<time>2026-07-21T02:19:06Z</time></trkpt>
<trkpt lat="41.233625" lon="-81.500358">
<ele>281</ele>
<time>2026-07-21T02:19:08Z</time></trkpt>
<trkpt lat="41.23358" lon="-81.500332">
<ele>282</ele>
<time>2026-07-21T02:19:10Z</time></trkpt>
<trkpt lat="41.233386" lon="-81.499995">
<ele>284</ele>
<time>2026-07-21T02:19:21Z</time></trkpt>
<trkpt lat="41.233317" lon="-81.499817">
<ele>287</ele>
<time>2026-07-21T02:19:26Z</time></trkpt>
<trkpt lat="41.233313" lon="-81.499738">
<ele>288</ele>
<time>2026-07-21T02:19:28Z</time></trkpt>
<trkpt lat="41.233341" lon="-81.499645">
<ele>289</ele>
<time>2026-07-21T02:19:30Z</time></trkpt>
<trkpt lat="41.233381" lon="-81.499578">
<ele>289</ele>
<time>2026-07-21T02:19:32Z</time></trkpt>
<trkpt lat="41.233514" lon="-81.499424">
<ele>288</ele>
<time>2026-07-21T02:19:38Z</time></trkpt>
<trkpt lat="41.233624" lon="-81.499253">
<ele>289</ele>
<time>2026-07-21T02:19:44Z</time></trkpt>
<trkpt lat="41.233691" lon="-81.499108">
<ele>289</ele>
<time>2026-07-21T02:19:49Z</time></trkpt>
<trkpt lat="41.233782" lon="-81.498749">
<ele>292</ele>
<time>2026-07-21T02:19:58Z</time></trkpt>
<trkpt lat="41.233798" lon="-81.498601">
<ele>293</ele>
<time>2026-07-21T02:20:02Z</time></trkpt>
<trkpt lat="41.233793" lon="-81.498349">
<ele>295</ele>
<time>2026-07-21T02:20:09Z</time></trkpt>
<trkpt lat="41.233771" lon="-81.498251">
<ele>295</ele>
<time>2026-07-21T02:20:11Z</time></trkpt>
<trkpt lat="41.233506" lon="-81.497637">
<ele>295</ele>
<time>2026-07-21T02:20:30Z</time></trkpt>
<trkpt lat="41.233255" lon="-81.497174">
<ele>296</ele>
<time>2026-07-21T02:20:46Z</time></trkpt>
<trkpt lat="41.233172" lon="-81.497077">
<ele>296</ele>
<time>2026-07-21T02:20:50Z</time></trkpt>
<trkpt lat="41.233084" lon="-81.497022">
<ele>297</ele>
<time>2026-07-21T02:20:53Z</time></trkpt>
<trkpt lat="41.232909" lon="-81.496954">
<ele>296</ele>
<time>2026-07-21T02:21:00Z</time></trkpt>
<trkpt lat="41.232685" lon="-81.496807">
<ele>297</ele>
<time>2026-07-21T02:21:09Z</time></trkpt>
<trkpt lat="41.23261" lon="-81.496788">
<ele>297</ele>
<time>2026-07-21T02:21:11Z</time></trkpt>
<trkpt lat="41.232504" lon="-81.496845">
<ele>296</ele>
<time>2026-07-21T02:21:15Z</time></trkpt>
<trkpt lat="41.232455" lon="-81.496919">
<ele>296</ele>
<time>2026-07-21T02:21:18Z</time></trkpt>
<trkpt lat="41.232403" lon="-81.497128">
<ele>297</ele>
<time>2026-07-21T02:21:24Z</time></trkpt>
<trkpt lat="41.232431" lon="-81.497387">
<ele>297</ele>
<time>2026-07-21T02:21:31Z</time></trkpt>
<trkpt lat="41.232393" lon="-81.49761">
<ele>297</ele>
<time>2026-07-21T02:21:37Z</time></trkpt>
<trkpt lat="41.232331" lon="-81.497774">
<ele>297</ele>
<time>2026-07-21T02:21:42Z</time></trkpt>
<trkpt lat="41.232179" lon="-81.498025">
<ele>296</ele>
<time>2026-07-21T02:21:51Z</time></trkpt>
<trkpt lat="41.232083" lon="-81.498395">
<ele>298</ele>
<time>2026-07-21T02:22:00Z</time></trkpt>
<trkpt lat="41.23209" lon="-81.498464">
<ele>298</ele>
<time>2026-07-21T02:22:02Z</time></trkpt>
<trkpt lat="41.232148" lon="-81.498572">
<ele>298</ele>
<time>2026-07-21T02:22:05Z</time></trkpt>
<trkpt lat="41.232268" lon="-81.498684">
<ele>298</ele>
<time>2026-07-21T02:22:09Z</time></trkpt>
<trkpt lat="41.232333" lon="-81.498775">
<ele>298</ele>
<time>2026-07-21T02:22:12Z</time></trkpt>
<trkpt lat="41.232378" lon="-81.498888">
<ele>298</ele>
<time>2026-07-21T02:22:15Z</time></trkpt>
<trkpt lat="41.232403" lon="-81.499045">
<ele>298</ele>
<time>2026-07-21T02:22:19Z</time></trkpt>
<trkpt lat="41.232419" lon="-81.499144">
<ele>299</ele>
<time>2026-07-21T02:22:21Z</time></trkpt>
<trkpt lat="41.232467" lon="-81.499232">
<ele>298</ele>
<time>2026-07-21T02:22:24Z</time></trkpt>
<trkpt lat="41.232479" lon="-81.499296">
<ele>298</ele>
<time>2026-07-21T02:22:25Z</time></trkpt>
<trkpt lat="41.232381" lon="-81.499754">
<ele>296</ele>
<time>2026-07-21T02:22:36Z</time></trkpt>
<trkpt lat="41.232341" lon="-81.499804">
<ele>296</ele>
<time>2026-07-21T02:22:38Z</time></trkpt>
<trkpt lat="41.232209" lon="-81.499885">
<ele>295</ele>
<time>2026-07-21T02:22:42Z</time></trkpt>
<trkpt lat="41.232083" lon="-81.499903">
<ele>295</ele>
<time>2026-07-21T02:22:46Z</time></trkpt>
<trkpt lat="41.232043" lon="-81.49989">
<ele>295</ele>
<time>2026-07-21T02:22:47Z</time></trkpt>
<trkpt lat="41.231782" lon="-81.499665">
<ele>295</ele>
<time>2026-07-21T02:22:57Z</time></trkpt>
<trkpt lat="41.231732" lon="-81.49968">
<ele>295</ele>
<time>2026-07-21T02:22:59Z</time></trkpt>
<trkpt lat="41.231688" lon="-81.499734">
<ele>295</ele>
<time>2026-07-21T02:23:00Z</time></trkpt>
<trkpt lat="41.231631" lon="-81.499891">
<ele>294</ele>
<time>2026-07-21T02:23:05Z</time></trkpt>
<trkpt lat="41.231504" lon="-81.500696">
<ele>288</ele>
<time>2026-07-21T02:23:24Z</time></trkpt>
<trkpt lat="41.23138" lon="-81.502015">
<ele>282</ele>
<time>2026-07-21T02:23:57Z</time></trkpt>
<trkpt lat="41.231407" lon="-81.502159">
<ele>282</ele>
<time>2026-07-21T02:24:00Z</time></trkpt>
<trkpt lat="41.231553" lon="-81.502343">
<ele>283</ele>
<time>2026-07-21T02:24:07Z</time></trkpt>
<trkpt lat="41.23157" lon="-81.502402">
<ele>283</ele>
<time>2026-07-21T02:24:08Z</time></trkpt>
<trkpt lat="41.231514" lon="-81.502777">
<ele>283</ele>
<time>2026-07-21T02:24:18Z</time></trkpt>
<trkpt lat="41.231521" lon="-81.503002">
<ele>281</ele>
<time>2026-07-21T02:24:24Z</time></trkpt>
<trkpt lat="41.231553" lon="-81.503071">
<ele>281</ele>
<time>2026-07-21T02:24:26Z</time></trkpt>
<trkpt lat="41.231626" lon="-81.503163">
<ele>281</ele>
<time>2026-07-21T02:24:29Z</time></trkpt>
<trkpt lat="41.231632" lon="-81.503211">
<ele>281</ele>
<time>2026-07-21T02:24:30Z</time></trkpt>
<trkpt lat="41.231604" lon="-81.503283">
<ele>283</ele>
<time>2026-07-21T02:24:32Z</time></trkpt>
<trkpt lat="41.231409" lon="-81.503486">
<ele>283</ele>
<time>2026-07-21T02:24:40Z</time></trkpt>
<trkpt lat="41.231378" lon="-81.503543">
<ele>283</ele>
<time>2026-07-21T02:24:42Z</time></trkpt>
<trkpt lat="41.231366" lon="-81.503623">
<ele>282</ele>
<time>2026-07-21T02:24:44Z</time></trkpt>
<trkpt lat="41.231377" lon="-81.503789">
<ele>283</ele>
<time>2026-07-21T02:24:48Z</time></trkpt>
<trkpt lat="41.231347" lon="-81.503946">
<ele>284</ele>
<time>2026-07-21T02:24:52Z</time></trkpt>
<trkpt lat="41.231422" lon="-81.504324">
<ele>287</ele>
<time>2026-07-21T02:25:02Z</time></trkpt>
<trkpt lat="41.23151" lon="-81.504494">
<ele>287</ele>
<time>2026-07-21T02:25:07Z</time></trkpt>
<trkpt lat="41.231593" lon="-81.504737">
<ele>290</ele>
<time>2026-07-21T02:25:13Z</time></trkpt>
<trkpt lat="41.23157" lon="-81.504828">
<ele>290</ele>
<time>2026-07-21T02:25:16Z</time></trkpt>
<trkpt lat="41.231477" lon="-81.504958">
<ele>290</ele>
<time>2026-07-21T02:25:20Z</time></trkpt>
<trkpt lat="41.231472" lon="-81.50503">
<ele>290</ele>
<time>2026-07-21T02:25:22Z</time></trkpt>
<trkpt lat="41.2316" lon="-81.505205">
<ele>289</ele>
<time>2026-07-21T02:25:28Z</time></trkpt>
<trkpt lat="41.2316289" lon="-81.5051786">
<ele>289</ele>
<time>2026-07-21T02:25:29Z</time></trkpt>
<trkpt lat="41.2316" lon="-81.505205">
<ele>289</ele>
<time>2026-07-21T02:25:30Z</time></trkpt>
<trkpt lat="41.231714" lon="-81.505368">
<ele>289</ele>
<time>2026-07-21T02:25:35Z</time></trkpt>
<trkpt lat="41.231779" lon="-81.505491">
<ele>288</ele>
<time>2026-07-21T02:25:39Z</time></trkpt>
<trkpt lat="41.231887" lon="-81.505785">
<ele>288</ele>
<time>2026-07-21T02:25:47Z</time></trkpt>
<trkpt lat="41.232038" lon="-81.506075">
<ele>285</ele>
<time>2026-07-21T02:25:55Z</time></trkpt>
<trkpt lat="41.232104" lon="-81.506299">
<ele>283</ele>
<time>2026-07-21T02:26:01Z</time></trkpt>
<trkpt lat="41.232117" lon="-81.506469">
<ele>282</ele>
<time>2026-07-21T02:26:05Z</time></trkpt>
<trkpt lat="41.232109" lon="-81.506516">
<ele>283</ele>
<time>2026-07-21T02:26:06Z</time></trkpt>
<trkpt lat="41.232006" lon="-81.506783">
<ele>284</ele>
<time>2026-07-21T02:26:14Z</time></trkpt>
<trkpt lat="41.232006" lon="-81.506783">
<ele>284</ele>
<time>2026-07-21T02:26:14Z</time></trkpt>
<trkpt lat="41.231973" lon="-81.50687">
<ele>284</ele>
<time>2026-07-21T02:26:16Z</time></trkpt>
<trkpt lat="41.23195" lon="-81.506991">
<ele>284</ele>
<time>2026-07-21T02:26:19Z</time></trkpt>
<trkpt lat="41.232016" lon="-81.507242">
<ele>283</ele>
<time>2026-07-21T02:26:26Z</time></trkpt>
<trkpt lat="41.23202" lon="-81.507432">
<ele>283</ele>
<time>2026-07-21T02:26:30Z</time></trkpt>
<trkpt lat="41.232156" lon="-81.507433">
<ele>282</ele>
<time>2026-07-21T02:26:35Z</time></trkpt>
<trkpt lat="41.232179" lon="-81.507452">
<ele>282</ele>
<time>2026-07-21T02:26:35Z</time></trkpt>
<trkpt lat="41.232179" lon="-81.507452">
<ele>282</ele>
<time>2026-07-21T02:26:35Z</time></trkpt>
<trkpt lat="41.2322" lon="-81.507469">
<ele>283</ele>
<time>2026-07-21T02:26:36Z</time></trkpt>
<trkpt lat="41.23222" lon="-81.507735">
<ele>283</ele>
<time>2026-07-21T02:26:43Z</time></trkpt>
<trkpt lat="41.23223" lon="-81.507969">
<ele>283</ele>
<time>2026-07-21T02:26:49Z</time></trkpt>
<trkpt lat="41.232212" lon="-81.508019">
<ele>283</ele>
<time>2026-07-21T02:26:50Z</time></trkpt>
<trkpt lat="41.232173" lon="-81.508045">
<ele>283</ele>
<time>2026-07-21T02:26:51Z</time></trkpt>
<trkpt lat="41.232113" lon="-81.508048">
<ele>283</ele>
<time>2026-07-21T02:26:53Z</time></trkpt>
<trkpt lat="41.232113" lon="-81.508048">
<ele>283</ele>
<time>2026-07-21T02:26:53Z</time></trkpt>
<trkpt lat="41.231674" lon="-81.508073">
<ele>282</ele>
<time>2026-07-21T02:27:08Z</time></trkpt>
<trkpt lat="41.23161" lon="-81.508007">
<ele>282</ele>
<time>2026-07-21T02:27:10Z</time></trkpt>
<trkpt lat="41.231608" lon="-81.507913">
<ele>282</ele>
<time>2026-07-21T02:27:13Z</time></trkpt>
<trkpt lat="41.231608" lon="-81.507913">
<ele>282</ele>
<time>2026-07-21T02:27:13Z</time></trkpt>
<trkpt lat="41.231606" lon="-81.507844">
<ele>282</ele>
<time>2026-07-21T02:27:14Z</time></trkpt>
<trkpt lat="41.231496" lon="-81.507865">
<ele>282</ele>
<time>2026-07-21T02:27:18Z</time></trkpt>
<trkpt lat="41.231422" lon="-81.507909">
<ele>281</ele>
<time>2026-07-21T02:27:21Z</time></trkpt>
<trkpt lat="41.231333" lon="-81.508029">
<ele>279</ele>
<time>2026-07-21T02:27:25Z</time></trkpt>
<trkpt lat="41.231306" lon="-81.50815">
<ele>279</ele>
<time>2026-07-21T02:27:28Z</time></trkpt>
<trkpt lat="41.231258" lon="-81.508151">
<ele>279</ele>
<time>2026-07-21T02:27:29Z</time></trkpt>
<trkpt lat="41.231067" lon="-81.50816">
<ele>280</ele>
<time>2026-07-21T02:27:36Z</time></trkpt>
<trkpt lat="41.231016" lon="-81.508165">
<ele>280</ele>
<time>2026-07-21T02:27:37Z</time></trkpt>
<trkpt lat="41.230983" lon="-81.50819">
<ele>280</ele>
<time>2026-07-21T02:27:39Z</time></trkpt>
<trkpt lat="41.230947" lon="-81.508231">
<ele>280</ele>
<time>2026-07-21T02:27:40Z</time></trkpt>
<trkpt lat="41.230904" lon="-81.508328">
<ele>280</ele>
<time>2026-07-21T02:27:43Z</time></trkpt>
<trkpt lat="41.230838" lon="-81.508334">
<ele>280</ele>
<time>2026-07-21T02:27:45Z</time></trkpt>
<trkpt lat="41.230795" lon="-81.508339">
<ele>280</ele>
<time>2026-07-21T02:27:47Z</time></trkpt>
<trkpt lat="41.230155" lon="-81.508379">
<ele>282</ele>
<time>2026-07-21T02:28:07Z</time></trkpt>
<trkpt lat="41.230051" lon="-81.508438">
<ele>283</ele>
<time>2026-07-21T02:28:11Z</time></trkpt>
<trkpt lat="41.23003" lon="-81.508435">
<ele>283</ele>
<time>2026-07-21T02:28:12Z</time></trkpt>
<trkpt lat="41.23003" lon="-81.508435">
<ele>283</ele>
<time>2026-07-21T02:28:12Z</time></trkpt>
<trkpt lat="41.229913" lon="-81.508419">
<ele>279</ele>
<time>2026-07-21T02:28:16Z</time></trkpt>
<trkpt lat="41.229899" lon="-81.5084">
<ele>278</ele>
<time>2026-07-21T02:28:16Z</time></trkpt>
<trkpt lat="41.229895" lon="-81.508344">
<ele>278</ele>
<time>2026-07-21T02:28:17Z</time></trkpt>
<trkpt lat="41.229921" lon="-81.508268">
<ele>280</ele>
<time>2026-07-21T02:28:19Z</time></trkpt>
<trkpt lat="41.229926" lon="-81.507977">
<ele>282</ele>
<time>2026-07-21T02:28:26Z</time></trkpt>
<trkpt lat="41.229845" lon="-81.507728">
<ele>282</ele>
<time>2026-07-21T02:28:32Z</time></trkpt>
<trkpt lat="41.229649" lon="-81.507342">
<ele>284</ele>
<time>2026-07-21T02:28:42Z</time></trkpt>
<trkpt lat="41.229583" lon="-81.507285">
<ele>283</ele>
<time>2026-07-21T02:28:44Z</time></trkpt>
<trkpt lat="41.229399" lon="-81.507045">
<ele>285</ele>
<time>2026-07-21T02:28:52Z</time></trkpt>
<trkpt lat="41.229372" lon="-81.507033">
<ele>285</ele>
<time>2026-07-21T02:28:52Z</time></trkpt>
<trkpt lat="41.229171" lon="-81.507046">
<ele>282</ele>
<time>2026-07-21T02:28:58Z</time></trkpt>
<trkpt lat="41.229006" lon="-81.507069">
<ele>282</ele>
<time>2026-07-21T02:29:03Z</time></trkpt>
<trkpt lat="41.22893" lon="-81.507107">
<ele>281</ele>
<time>2026-07-21T02:29:05Z</time></trkpt>
<trkpt lat="41.228885" lon="-81.507148">
<ele>280</ele>
<time>2026-07-21T02:29:07Z</time></trkpt>
<trkpt lat="41.228838" lon="-81.507243">
<ele>279</ele>
<time>2026-07-21T02:29:10Z</time></trkpt>
<trkpt lat="41.228778" lon="-81.507442">
<ele>275</ele>
<time>2026-07-21T02:29:14Z</time></trkpt>
<trkpt lat="41.22877" lon="-81.507609">
<ele>272</ele>
<time>2026-07-21T02:29:18Z</time></trkpt>
<trkpt lat="41.228834" lon="-81.507733">
<ele>270</ele>
<time>2026-07-21T02:29:21Z</time></trkpt>
<trkpt lat="41.228943" lon="-81.507851">
<ele>269</ele>
<time>2026-07-21T02:29:25Z</time></trkpt>
<trkpt lat="41.229063" lon="-81.507912">
<ele>268</ele>
<time>2026-07-21T02:29:29Z</time></trkpt>
<trkpt lat="41.229149" lon="-81.508004">
<ele>267</ele>
<time>2026-07-21T02:29:32Z</time></trkpt>
<trkpt lat="41.2293" lon="-81.508314">
<ele>266</ele>
<time>2026-07-21T02:29:40Z</time></trkpt>
<trkpt lat="41.229441" lon="-81.508542">
<ele>266</ele>
<time>2026-07-21T02:29:52Z</time></trkpt>
<trkpt lat="41.229441" lon="-81.508542">
<ele>266</ele>
<time>2026-07-21T02:29:52Z</time></trkpt>
<trkpt lat="41.229621" lon="-81.508833">
<ele>268</ele>
<time>2026-07-21T02:30:08Z</time></trkpt>
<trkpt lat="41.229685" lon="-81.508983">
<ele>268</ele>
<time>2026-07-21T02:30:15Z</time></trkpt>
<trkpt lat="41.229697" lon="-81.509064">
<ele>267</ele>
<time>2026-07-21T02:30:18Z</time></trkpt>
<trkpt lat="41.229689" lon="-81.509112">
<ele>266</ele>
<time>2026-07-21T02:30:20Z</time></trkpt>
<trkpt lat="41.229663" lon="-81.509144">
<ele>266</ele>
<time>2026-07-21T02:30:22Z</time></trkpt>
<trkpt lat="41.229565" lon="-81.509204">
<ele>265</ele>
<time>2026-07-21T02:30:28Z</time></trkpt>
<trkpt lat="41.229548" lon="-81.509273">
<ele>265</ele>
<time>2026-07-21T02:30:31Z</time></trkpt>
<trkpt lat="41.229544" lon="-81.509591">
<ele>266</ele>
<time>2026-07-21T02:30:44Z</time></trkpt>
<trkpt lat="41.229486" lon="-81.509756">
<ele>267</ele>
<time>2026-07-21T02:30:51Z</time></trkpt>
<trkpt lat="41.229469" lon="-81.50986">
<ele>268</ele>
<time>2026-07-21T02:30:55Z</time></trkpt>
<trkpt lat="41.229372" lon="-81.510027">
<ele>271</ele>
<time>2026-07-21T02:31:04Z</time></trkpt>
<trkpt lat="41.229327" lon="-81.510212">
<ele>273</ele>
<time>2026-07-21T02:31:12Z</time></trkpt>
<trkpt lat="41.229205" lon="-81.510419">
<ele>277</ele>
<time>2026-07-21T02:31:22Z</time></trkpt>
<trkpt lat="41.229188" lon="-81.51058">
<ele>278</ele>
<time>2026-07-21T02:31:29Z</time></trkpt>
<trkpt lat="41.229164" lon="-81.510625">
<ele>280</ele>
<time>2026-07-21T02:31:31Z</time></trkpt>
<trkpt lat="41.229012" lon="-81.51072">
<ele>283</ele>
<time>2026-07-21T02:31:40Z</time></trkpt>
<trkpt lat="41.228962" lon="-81.510731">
<ele>284</ele>
<time>2026-07-21T02:31:43Z</time></trkpt>
<trkpt lat="41.228872" lon="-81.510702">
<ele>286</ele>
<time>2026-07-21T02:31:48Z</time></trkpt>
<trkpt lat="41.228779" lon="-81.510625">
<ele>289</ele>
<time>2026-07-21T02:31:54Z</time></trkpt>
<trkpt lat="41.228812" lon="-81.510719">
<ele>288</ele>
<time>2026-07-21T02:31:58Z</time></trkpt>
<trkpt lat="41.228818" lon="-81.510847">
<ele>289</ele>
<time>2026-07-21T02:32:03Z</time></trkpt>
<trkpt lat="41.228776" lon="-81.511028">
<ele>290</ele>
<time>2026-07-21T02:32:11Z</time></trkpt>
<trkpt lat="41.228626" lon="-81.511382">
<ele>294</ele>
<time>2026-07-21T02:32:25Z</time></trkpt>
<trkpt lat="41.228575" lon="-81.51147">
<ele>294</ele>
<time>2026-07-21T02:32:28Z</time></trkpt>
<trkpt lat="41.228519" lon="-81.511568">
<ele>294</ele>
<time>2026-07-21T02:32:31Z</time></trkpt>
<trkpt lat="41.228485" lon="-81.511627">
<ele>294</ele>
<time>2026-07-21T02:32:33Z</time></trkpt>
<trkpt lat="41.228457" lon="-81.511675">
<ele>294</ele>
<time>2026-07-21T02:32:35Z</time></trkpt>
<trkpt lat="41.227841" lon="-81.512254">
<ele>294</ele>
<time>2026-07-21T02:33:00Z</time></trkpt>
<trkpt lat="41.227659" lon="-81.512397">
<ele>295</ele>
<time>2026-07-21T02:33:07Z</time></trkpt>
<trkpt lat="41.227632" lon="-81.512418">
<ele>295</ele>
<time>2026-07-21T02:33:08Z</time></trkpt>
<trkpt lat="41.227273" lon="-81.512638">
<ele>298</ele>
<time>2026-07-21T02:33:22Z</time></trkpt>
<trkpt lat="41.226854" lon="-81.512819">
<ele>299</ele>
<time>2026-07-21T02:33:37Z</time></trkpt>
<trkpt lat="41.226787" lon="-81.512877">
<ele>298</ele>
<time>2026-07-21T02:33:40Z</time></trkpt>
<trkpt lat="41.226645" lon="-81.513125">
<ele>295</ele>
<time>2026-07-21T02:33:48Z</time></trkpt>
<trkpt lat="41.226645" lon="-81.513125">
<ele>295</ele>
<time>2026-07-21T02:33:48Z</time></trkpt>
<trkpt lat="41.226433" lon="-81.513389">
<ele>293</ele>
<time>2026-07-21T02:33:58Z</time></trkpt>
<trkpt lat="41.226012" lon="-81.513647">
<ele>292</ele>
<time>2026-07-21T02:34:12Z</time></trkpt>
<trkpt lat="41.225773" lon="-81.513847">
<ele>290</ele>
<time>2026-07-21T02:34:21Z</time></trkpt>
<trkpt lat="41.225584" lon="-81.514147">
<ele>288</ele>
<time>2026-07-21T02:34:29Z</time></trkpt>
<trkpt lat="41.225484" lon="-81.514272">
<ele>287</ele>
<time>2026-07-21T02:34:34Z</time></trkpt>
<trkpt lat="41.22537" lon="-81.514322">
<ele>287</ele>
<time>2026-07-21T02:34:37Z</time></trkpt>
<trkpt lat="41.225121" lon="-81.514414">
<ele>286</ele>
<time>2026-07-21T02:34:45Z</time></trkpt>
<trkpt lat="41.224829" lon="-81.514404">
<ele>286</ele>
<time>2026-07-21T02:34:54Z</time></trkpt>
<trkpt lat="41.224629" lon="-81.514464">
<ele>285</ele>
<time>2026-07-21T02:35:00Z</time></trkpt>
<trkpt lat="41.224526" lon="-81.514562">
<ele>284</ele>
<time>2026-07-21T02:35:04Z</time></trkpt>
<trkpt lat="41.224424" lon="-81.514561">
<ele>284</ele>
<time>2026-07-21T02:35:07Z</time></trkpt>
<trkpt lat="41.224167" lon="-81.514619">
<ele>284</ele>
<time>2026-07-21T02:35:15Z</time></trkpt>
<trkpt lat="41.223825" lon="-81.514618">
<ele>283</ele>
<time>2026-07-21T02:35:25Z</time></trkpt>
<trkpt lat="41.223371" lon="-81.514543">
<ele>282</ele>
<time>2026-07-21T02:35:40Z</time></trkpt>
<trkpt lat="41.223195" lon="-81.514574">
<ele>282</ele>
<time>2026-07-21T02:35:46Z</time></trkpt>
<trkpt lat="41.223097" lon="-81.514635">
<ele>282</ele>
<time>2026-07-21T02:35:49Z</time></trkpt>
<trkpt lat="41.223014" lon="-81.514724">
<ele>281</ele>
<time>2026-07-21T02:35:53Z</time></trkpt>
<trkpt lat="41.222831" lon="-81.515008">
<ele>279</ele>
<time>2026-07-21T02:36:02Z</time></trkpt>
<trkpt lat="41.222703" lon="-81.515127">
<ele>280</ele>
<time>2026-07-21T02:36:07Z</time></trkpt>
<trkpt lat="41.222327" lon="-81.515287">
<ele>282</ele>
<time>2026-07-21T02:36:20Z</time></trkpt>
<trkpt lat="41.222033" lon="-81.515325">
<ele>284</ele>
<time>2026-07-21T02:36:30Z</time></trkpt>
<trkpt lat="41.221872" lon="-81.515395">
<ele>285</ele>
<time>2026-07-21T02:36:36Z</time></trkpt>
<trkpt lat="41.221712" lon="-81.515526">
<ele>284</ele>
<time>2026-07-21T02:36:42Z</time></trkpt>
<trkpt lat="41.221631" lon="-81.51562">
<ele>284</ele>
<time>2026-07-21T02:36:45Z</time></trkpt>
<trkpt lat="41.221535" lon="-81.515803">
<ele>283</ele>
<time>2026-07-21T02:36:51Z</time></trkpt>
<trkpt lat="41.221476" lon="-81.51596">
<ele>283</ele>
<time>2026-07-21T02:36:55Z</time></trkpt>
<trkpt lat="41.221486" lon="-81.516194">
<ele>282</ele>
<time>2026-07-21T02:37:01Z</time></trkpt>
<trkpt lat="41.221388" lon="-81.516458">
<ele>281</ele>
<time>2026-07-21T02:37:08Z</time></trkpt>
<trkpt lat="41.221439" lon="-81.516591">
<ele>282</ele>
<time>2026-07-21T02:37:12Z</time></trkpt>
<trkpt lat="41.221545" lon="-81.516613">
<ele>281</ele>
<time>2026-07-21T02:37:15Z</time></trkpt>
<trkpt lat="41.221675" lon="-81.516671">
<ele>281</ele>
<time>2026-07-21T02:37:20Z</time></trkpt>
<trkpt lat="41.221813" lon="-81.516765">
<ele>280</ele>
<time>2026-07-21T02:37:25Z</time></trkpt>
<trkpt lat="41.22191" lon="-81.51694">
<ele>280</ele>
<time>2026-07-21T02:37:30Z</time></trkpt>
<trkpt lat="41.222004" lon="-81.517049">
<ele>280</ele>
<time>2026-07-21T02:37:34Z</time></trkpt>
<trkpt lat="41.222175" lon="-81.517084">
<ele>279</ele>
<time>2026-07-21T02:37:39Z</time></trkpt>
<trkpt lat="41.22228" lon="-81.517176">
<ele>279</ele>
<time>2026-07-21T02:37:43Z</time></trkpt>
<trkpt lat="41.222295" lon="-81.517264">
<ele>279</ele>
<time>2026-07-21T02:37:46Z</time></trkpt>
<trkpt lat="41.222295" lon="-81.517264">
<ele>279</ele>
<time>2026-07-21T02:37:46Z</time></trkpt>
<trkpt lat="41.222324" lon="-81.517432">
<ele>279</ele>
<time>2026-07-21T02:37:50Z</time></trkpt>
<trkpt lat="41.222417" lon="-81.517521">
<ele>278</ele>
<time>2026-07-21T02:37:53Z</time></trkpt>
<trkpt lat="41.22262" lon="-81.517652">
<ele>279</ele>
<time>2026-07-21T02:38:01Z</time></trkpt>
<trkpt lat="41.223012" lon="-81.51776">
<ele>279</ele>
<time>2026-07-21T02:38:13Z</time></trkpt>
<trkpt lat="41.223085" lon="-81.517737">
<ele>278</ele>
<time>2026-07-21T02:38:16Z</time></trkpt>
<trkpt lat="41.223148" lon="-81.51767">
<ele>278</ele>
<time>2026-07-21T02:38:18Z</time></trkpt>
<trkpt lat="41.223209" lon="-81.517557">
<ele>277</ele>
<time>2026-07-21T02:38:22Z</time></trkpt>
<trkpt lat="41.223423" lon="-81.517251">
<ele>276</ele>
<time>2026-07-21T02:38:32Z</time></trkpt>
<trkpt lat="41.223471" lon="-81.517014">
<ele>275</ele>
<time>2026-07-21T02:38:38Z</time></trkpt>
<trkpt lat="41.223577" lon="-81.516961">
<ele>276</ele>
<time>2026-07-21T02:38:41Z</time></trkpt>
<trkpt lat="41.223703" lon="-81.516985">
<ele>276</ele>
<time>2026-07-21T02:38:45Z</time></trkpt>
<trkpt lat="41.22395" lon="-81.517082">
<ele>275</ele>
<time>2026-07-21T02:38:53Z</time></trkpt>
<trkpt lat="41.224039" lon="-81.517167">
<ele>275</ele>
<time>2026-07-21T02:38:57Z</time></trkpt>
<trkpt lat="41.224096" lon="-81.517285">
<ele>275</ele>
<time>2026-07-21T02:39:00Z</time></trkpt>
<trkpt lat="41.224107" lon="-81.517462">
<ele>274</ele>
<time>2026-07-21T02:39:04Z</time></trkpt>
<trkpt lat="41.224207" lon="-81.517523">
<ele>274</ele>
<time>2026-07-21T02:39:08Z</time></trkpt>
<trkpt lat="41.224391" lon="-81.517533">
<ele>273</ele>
<time>2026-07-21T02:39:14Z</time></trkpt>
<trkpt lat="41.224565" lon="-81.517481">
<ele>271</ele>
<time>2026-07-21T02:39:19Z</time></trkpt>
<trkpt lat="41.224673" lon="-81.517529">
<ele>271</ele>
<time>2026-07-21T02:39:23Z</time></trkpt>
<trkpt lat="41.224731" lon="-81.517636">
<ele>271</ele>
<time>2026-07-21T02:39:26Z</time></trkpt>
<trkpt lat="41.224771" lon="-81.517779">
<ele>270</ele>
<time>2026-07-21T02:39:30Z</time></trkpt>
<trkpt lat="41.224734" lon="-81.517919">
<ele>269</ele>
<time>2026-07-21T02:39:33Z</time></trkpt>
<trkpt lat="41.224605" lon="-81.518086">
<ele>269</ele>
<time>2026-07-21T02:39:39Z</time></trkpt>
<trkpt lat="41.224577" lon="-81.518219">
<ele>267</ele>
<time>2026-07-21T02:39:42Z</time></trkpt>
<trkpt lat="41.224472" lon="-81.518372">
<ele>269</ele>
<time>2026-07-21T02:39:47Z</time></trkpt>
<trkpt lat="41.224441" lon="-81.518656">
<ele>268</ele>
<time>2026-07-21T02:39:54Z</time></trkpt>
<trkpt lat="41.22433" lon="-81.518808">
<ele>268</ele>
<time>2026-07-21T02:39:59Z</time></trkpt>
<trkpt lat="41.224104" lon="-81.518933">
<ele>272</ele>
<time>2026-07-21T02:40:07Z</time></trkpt>
<trkpt lat="41.2241" lon="-81.519038">
<ele>271</ele>
<time>2026-07-21T02:40:09Z</time></trkpt>
<trkpt lat="41.224131" lon="-81.519117">
<ele>271</ele>
<time>2026-07-21T02:40:11Z</time></trkpt>
<trkpt lat="41.224131" lon="-81.519117">
<ele>271</ele>
<time>2026-07-21T02:40:11Z</time></trkpt>
<trkpt lat="41.224187" lon="-81.519457">
<ele>269</ele>
<time>2026-07-21T02:40:20Z</time></trkpt>
<trkpt lat="41.224125" lon="-81.519981">
<ele>269</ele>
<time>2026-07-21T02:40:33Z</time></trkpt>
<trkpt lat="41.224029" lon="-81.520036">
<ele>269</ele>
<time>2026-07-21T02:40:37Z</time></trkpt>
<trkpt lat="41.223936" lon="-81.519995">
<ele>270</ele>
<time>2026-07-21T02:40:40Z</time></trkpt>
<trkpt lat="41.223864" lon="-81.519883">
<ele>271</ele>
<time>2026-07-21T02:40:44Z</time></trkpt>
<trkpt lat="41.223862" lon="-81.519689">
<ele>272</ele>
<time>2026-07-21T02:40:49Z</time></trkpt>
<trkpt lat="41.223827" lon="-81.519546">
<ele>273</ele>
<time>2026-07-21T02:40:53Z</time></trkpt>
<trkpt lat="41.223654" lon="-81.519359">
<ele>274</ele>
<time>2026-07-21T02:41:01Z</time></trkpt>
<trkpt lat="41.22348" lon="-81.519228">
<ele>274</ele>
<time>2026-07-21T02:41:07Z</time></trkpt>
<trkpt lat="41.223375" lon="-81.519182">
<ele>274</ele>
<time>2026-07-21T02:41:11Z</time></trkpt>
<trkpt lat="41.22331" lon="-81.519247">
<ele>274</ele>
<time>2026-07-21T02:41:14Z</time></trkpt>
<trkpt lat="41.223309" lon="-81.51938">
<ele>273</ele>
<time>2026-07-21T02:41:17Z</time></trkpt>
<trkpt lat="41.223197" lon="-81.520204">
<ele>273</ele>
<time>2026-07-21T02:41:39Z</time></trkpt>
<trkpt lat="41.223241" lon="-81.520354">
<ele>273</ele>
<time>2026-07-21T02:41:43Z</time></trkpt>
<trkpt lat="41.223489" lon="-81.520484">
<ele>271</ele>
<time>2026-07-21T02:41:52Z</time></trkpt>
<trkpt lat="41.223564" lon="-81.520653">
<ele>271</ele>
<time>2026-07-21T02:41:57Z</time></trkpt>
<trkpt lat="41.223574" lon="-81.520792">
<ele>271</ele>
<time>2026-07-21T02:42:01Z</time></trkpt>
<trkpt lat="41.223476" lon="-81.520925">
<ele>272</ele>
<time>2026-07-21T02:42:06Z</time></trkpt>
<trkpt lat="41.223384" lon="-81.521005">
<ele>272</ele>
<time>2026-07-21T02:42:10Z</time></trkpt>
<trkpt lat="41.223315" lon="-81.521141">
<ele>272</ele>
<time>2026-07-21T02:42:15Z</time></trkpt>
<trkpt lat="41.223332" lon="-81.521491">
<ele>272</ele>
<time>2026-07-21T02:42:25Z</time></trkpt>
<trkpt lat="41.223489" lon="-81.521734">
<ele>273</ele>
<time>2026-07-21T02:42:34Z</time></trkpt>
<trkpt lat="41.223487" lon="-81.521888">
<ele>273</ele>
<time>2026-07-21T02:42:39Z</time></trkpt>
<trkpt lat="41.223407" lon="-81.522044">
<ele>273</ele>
<time>2026-07-21T02:42:44Z</time></trkpt>
<trkpt lat="41.223264" lon="-81.52216">
<ele>274</ele>
<time>2026-07-21T02:42:50Z</time></trkpt>
<trkpt lat="41.223142" lon="-81.5222">
<ele>274</ele>
<time>2026-07-21T02:42:55Z</time></trkpt>
<trkpt lat="41.22304" lon="-81.522108">
<ele>275</ele>
<time>2026-07-21T02:43:00Z</time></trkpt>
<trkpt lat="41.222925" lon="-81.521971">
<ele>275</ele>
<time>2026-07-21T02:43:06Z</time></trkpt>
<trkpt lat="41.222696" lon="-81.521762">
<ele>276</ele>
<time>2026-07-21T02:43:16Z</time></trkpt>
<trkpt lat="41.222619" lon="-81.521642">
<ele>277</ele>
<time>2026-07-21T02:43:21Z</time></trkpt>
<trkpt lat="41.222566" lon="-81.521516">
<ele>276</ele>
<time>2026-07-21T02:43:25Z</time></trkpt>
<trkpt lat="41.222554" lon="-81.521384">
<ele>276</ele>
<time>2026-07-21T02:43:29Z</time></trkpt>
<trkpt lat="41.222666" lon="-81.521063">
<ele>276</ele>
<time>2026-07-21T02:43:39Z</time></trkpt>
<trkpt lat="41.222659" lon="-81.52092">
<ele>276</ele>
<time>2026-07-21T02:43:43Z</time></trkpt>
<trkpt lat="41.222589" lon="-81.520557">
<ele>277</ele>
<time>2026-07-21T02:43:53Z</time></trkpt>
<trkpt lat="41.222498" lon="-81.52043">
<ele>277</ele>
<time>2026-07-21T02:43:58Z</time></trkpt>
<trkpt lat="41.222446" lon="-81.520308">
<ele>276</ele>
<time>2026-07-21T02:44:01Z</time></trkpt>
<trkpt lat="41.22243" lon="-81.520107">
<ele>275</ele>
<time>2026-07-21T02:44:06Z</time></trkpt>
<trkpt lat="41.222442" lon="-81.520037">
<ele>276</ele>
<time>2026-07-21T02:44:08Z</time></trkpt>
<trkpt lat="41.222442" lon="-81.520037">
<ele>276</ele>
<time>2026-07-21T02:44:08Z</time></trkpt>
<trkpt lat="41.222518" lon="-81.519589">
<ele>276</ele>
<time>2026-07-21T02:44:20Z</time></trkpt>
<trkpt lat="41.222496" lon="-81.519316">
<ele>276</ele>
<time>2026-07-21T02:44:27Z</time></trkpt>
<trkpt lat="41.222442" lon="-81.518929">
<ele>277</ele>
<time>2026-07-21T02:44:36Z</time></trkpt>
<trkpt lat="41.22238" lon="-81.518826">
<ele>277</ele>
<time>2026-07-21T02:44:40Z</time></trkpt>
<trkpt lat="41.222284" lon="-81.518805">
<ele>277</ele>
<time>2026-07-21T02:44:43Z</time></trkpt>
<trkpt lat="41.222163" lon="-81.518974">
<ele>277</ele>
<time>2026-07-21T02:44:49Z</time></trkpt>
<trkpt lat="41.221928" lon="-81.51914">
<ele>279</ele>
<time>2026-07-21T02:44:58Z</time></trkpt>
<trkpt lat="41.221684" lon="-81.519277">
<ele>278</ele>
<time>2026-07-21T02:45:06Z</time></trkpt>
<trkpt lat="41.221518" lon="-81.519347">
<ele>278</ele>
<time>2026-07-21T02:45:12Z</time></trkpt>
<trkpt lat="41.221432" lon="-81.519465">
<ele>278</ele>
<time>2026-07-21T02:45:16Z</time></trkpt>
<trkpt lat="41.221468" lon="-81.519917">
<ele>276</ele>
<time>2026-07-21T02:45:28Z</time></trkpt>
<trkpt lat="41.221399" lon="-81.520064">
<ele>278</ele>
<time>2026-07-21T02:45:32Z</time></trkpt>
<trkpt lat="41.2213" lon="-81.520134">
<ele>278</ele>
<time>2026-07-21T02:45:36Z</time></trkpt>
<trkpt lat="41.221179" lon="-81.520163">
<ele>279</ele>
<time>2026-07-21T02:45:40Z</time></trkpt>
<trkpt lat="41.221037" lon="-81.520164">
<ele>279</ele>
<time>2026-07-21T02:45:44Z</time></trkpt>
<trkpt lat="41.220878" lon="-81.520129">
<ele>278</ele>
<time>2026-07-21T02:45:50Z</time></trkpt>
<trkpt lat="41.220799" lon="-81.51998">
<ele>277</ele>
<time>2026-07-21T02:45:54Z</time></trkpt>
<trkpt lat="41.220696" lon="-81.519537">
<ele>276</ele>
<time>2026-07-21T02:46:06Z</time></trkpt>
<trkpt lat="41.220542" lon="-81.519518">
<ele>273</ele>
<time>2026-07-21T02:46:11Z</time></trkpt>
<trkpt lat="41.220425" lon="-81.519434">
<ele>270</ele>
<time>2026-07-21T02:46:15Z</time></trkpt>
<trkpt lat="41.220359" lon="-81.519358">
<ele>269</ele>
<time>2026-07-21T02:46:18Z</time></trkpt>
<trkpt lat="41.220247" lon="-81.519367">
<ele>267</ele>
<time>2026-07-21T02:46:22Z</time></trkpt>
<trkpt lat="41.220199" lon="-81.519191">
<ele>269</ele>
<time>2026-07-21T02:46:27Z</time></trkpt>
<trkpt lat="41.22007" lon="-81.51888">
<ele>273</ele>
<time>2026-07-21T02:46:35Z</time></trkpt>
<trkpt lat="41.220039" lon="-81.518713">
<ele>275</ele>
<time>2026-07-21T02:46:40Z</time></trkpt>
<trkpt lat="41.220013" lon="-81.518694">
<ele>275</ele>
<time>2026-07-21T02:46:41Z</time></trkpt>
<trkpt lat="41.219994" lon="-81.518711">
<ele>276</ele>
<time>2026-07-21T02:46:41Z</time></trkpt>
<trkpt lat="41.219957" lon="-81.518804">
<ele>275</ele>
<time>2026-07-21T02:46:44Z</time></trkpt>
<trkpt lat="41.219958" lon="-81.519194">
<ele>275</ele>
<time>2026-07-21T02:46:54Z</time></trkpt>
<trkpt lat="41.220014" lon="-81.519566">
<ele>276</ele>
<time>2026-07-21T02:47:03Z</time></trkpt>
<trkpt lat="41.220065" lon="-81.521418">
<ele>275</ele>
<time>2026-07-21T02:47:42Z</time></trkpt>
<trkpt lat="41.219963" lon="-81.521726">
<ele>273</ele>
<time>2026-07-21T02:47:48Z</time></trkpt>
<trkpt lat="41.219948" lon="-81.522091">
<ele>271</ele>
<time>2026-07-21T02:47:56Z</time></trkpt>
<trkpt lat="41.21989" lon="-81.522361">
<ele>269</ele>
<time>2026-07-21T02:48:01Z</time></trkpt>
<trkpt lat="41.219768" lon="-81.522504">
<ele>266</ele>
<time>2026-07-21T02:48:06Z</time></trkpt>
<trkpt lat="41.219636" lon="-81.522589">
<ele>262</ele>
<time>2026-07-21T02:48:10Z</time></trkpt>
<trkpt lat="41.219568" lon="-81.522945">
<ele>259</ele>
<time>2026-07-21T02:48:17Z</time></trkpt>
<trkpt lat="41.219485" lon="-81.523227">
<ele>255</ele>
<time>2026-07-21T02:48:23Z</time></trkpt>
<trkpt lat="41.219271" lon="-81.523772">
<ele>251</ele>
<time>2026-07-21T02:48:37Z</time></trkpt>
<trkpt lat="41.219212" lon="-81.523844">
<ele>250</ele>
<time>2026-07-21T02:48:40Z</time></trkpt>
<trkpt lat="41.219212" lon="-81.523844">
<ele>250</ele>
<time>2026-07-21T02:48:40Z</time></trkpt>
<trkpt lat="41.219121" lon="-81.523954">
<ele>248</ele>
<time>2026-07-21T02:48:44Z</time></trkpt>
<trkpt lat="41.219" lon="-81.523995">
<ele>248</ele>
<time>2026-07-21T02:48:48Z</time></trkpt>
<trkpt lat="41.218979" lon="-81.524047">
<ele>248</ele>
<time>2026-07-21T02:48:49Z</time></trkpt>
<trkpt lat="41.218795" lon="-81.524033">
<ele>248</ele>
<time>2026-07-21T02:48:55Z</time></trkpt>
<trkpt lat="41.218456" lon="-81.524017">
<ele>248</ele>
<time>2026-07-21T02:49:06Z</time></trkpt>
<trkpt lat="41.218345" lon="-81.524011">
<ele>248</ele>
<time>2026-07-21T02:49:09Z</time></trkpt>
<trkpt lat="41.218313" lon="-81.524008">
<ele>248</ele>
<time>2026-07-21T02:49:11Z</time></trkpt>
<trkpt lat="41.218128" lon="-81.524">
<ele>249</ele>
<time>2026-07-21T02:49:16Z</time></trkpt>
<trkpt lat="41.217982" lon="-81.524019">
<ele>250</ele>
<time>2026-07-21T02:49:21Z</time></trkpt>
<trkpt lat="41.217866" lon="-81.524067">
<ele>249</ele>
<time>2026-07-21T02:49:25Z</time></trkpt>
<trkpt lat="41.217806" lon="-81.524131">
<ele>249</ele>
<time>2026-07-21T02:49:27Z</time></trkpt>
<trkpt lat="41.21763" lon="-81.52441">
<ele>249</ele>
<time>2026-07-21T02:49:36Z</time></trkpt>
<trkpt lat="41.21763" lon="-81.52441">
<ele>249</ele>
<time>2026-07-21T02:49:36Z</time></trkpt>
<trkpt lat="41.217374" lon="-81.524814">
<ele>249</ele>
<time>2026-07-21T02:49:49Z</time></trkpt>
<trkpt lat="41.217388" lon="-81.524829">
<ele>249</ele>
<time>2026-07-21T02:49:49Z</time></trkpt>
<trkpt lat="41.217388" lon="-81.524829">
<ele>249</ele>
<time>2026-07-21T02:49:49Z</time></trkpt>
<trkpt lat="41.217468" lon="-81.524911">
<ele>248</ele>
<time>2026-07-21T02:49:53Z</time></trkpt>
<trkpt lat="41.217332" lon="-81.525179">
<ele>248</ele>
<time>2026-07-21T02:50:00Z</time></trkpt>
<trkpt lat="41.217332" lon="-81.525179">
<ele>248</ele>
<time>2026-07-21T02:50:00Z</time></trkpt>
<trkpt lat="41.217239" lon="-81.525362">
<ele>248</ele>
<time>2026-07-21T02:50:06Z</time></trkpt>
<trkpt lat="41.217181" lon="-81.525645">
<ele>247</ele>
<time>2026-07-21T02:50:15Z</time></trkpt>
<trkpt lat="41.217103" lon="-81.525638">
<ele>248</ele>
<time>2026-07-21T02:50:18Z</time></trkpt>
<trkpt lat="41.217044" lon="-81.525771">
<ele>247</ele>
<time>2026-07-21T02:50:22Z</time></trkpt>
<trkpt lat="41.217039" lon="-81.525774">
<ele>247</ele>
<time>2026-07-21T02:50:22Z</time></trkpt>
<trkpt lat="41.217039" lon="-81.525774">
<ele>247</ele>
<time>2026-07-21T02:50:22Z</time></trkpt>
<trkpt lat="41.216985" lon="-81.52581">
<ele>247</ele>
<time>2026-07-21T02:50:25Z</time></trkpt>
<trkpt lat="41.216935" lon="-81.525805">
<ele>247</ele>
<time>2026-07-21T02:50:27Z</time></trkpt>
<trkpt lat="41.216931" lon="-81.525834">
<ele>247</ele>
<time>2026-07-21T02:50:27Z</time></trkpt>
<trkpt lat="41.216707" lon="-81.525871">
<ele>248</ele>
<time>2026-07-21T02:50:36Z</time></trkpt>
<trkpt lat="41.216373" lon="-81.525833">
<ele>248</ele>
<time>2026-07-21T02:50:49Z</time></trkpt>
<trkpt lat="41.216373" lon="-81.525833">
<ele>248</ele>
<time>2026-07-21T02:50:49Z</time></trkpt>
<trkpt lat="41.216295" lon="-81.525772">
<ele>248</ele>
<time>2026-07-21T02:50:52Z</time></trkpt>
<trkpt lat="41.2162" lon="-81.525555">
<ele>248</ele>
<time>2026-07-21T02:50:59Z</time></trkpt>
<trkpt lat="41.216202" lon="-81.525477">
<ele>249</ele>
<time>2026-07-21T02:51:02Z</time></trkpt>
<trkpt lat="41.216271" lon="-81.525142">
<ele>253</ele>
<time>2026-07-21T02:51:12Z</time></trkpt>
<trkpt lat="41.216299" lon="-81.524822">
<ele>253</ele>
<time>2026-07-21T02:51:21Z</time></trkpt>
<trkpt lat="41.216289" lon="-81.524364">
<ele>251</ele>
<time>2026-07-21T02:51:34Z</time></trkpt>
<trkpt lat="41.216303" lon="-81.524184">
<ele>251</ele>
<time>2026-07-21T02:51:39Z</time></trkpt>
<trkpt lat="41.216151" lon="-81.523912">
<ele>252</ele>
<time>2026-07-21T02:51:49Z</time></trkpt>
<trkpt lat="41.216185" lon="-81.523548">
<ele>256</ele>
<time>2026-07-21T02:52:01Z</time></trkpt>
<trkpt lat="41.216151" lon="-81.523389">
<ele>257</ele>
<time>2026-07-21T02:52:07Z</time></trkpt>
<trkpt lat="41.21634" lon="-81.523271">
<ele>259</ele>
<time>2026-07-21T02:52:18Z</time></trkpt>
<trkpt lat="41.21634" lon="-81.523271">
<ele>259</ele>
<time>2026-07-21T02:52:18Z</time></trkpt>
<trkpt lat="41.216568" lon="-81.523159">
<ele>259</ele>
<time>2026-07-21T02:52:31Z</time></trkpt>
<trkpt lat="41.216399" lon="-81.522541">
<ele>268</ele>
<time>2026-07-21T02:52:56Z</time></trkpt>
<trkpt lat="41.216318" lon="-81.5221">
<ele>272</ele>
<time>2026-07-21T02:53:14Z</time></trkpt>
<trkpt lat="41.216215" lon="-81.521856">
<ele>273</ele>
<time>2026-07-21T02:53:25Z</time></trkpt>
<trkpt lat="41.216037" lon="-81.521331">
<ele>275</ele>
<time>2026-07-21T02:53:47Z</time></trkpt>
<trkpt lat="41.215792" lon="-81.520787">
<ele>277</ele>
<time>2026-07-21T02:54:12Z</time></trkpt>
<trkpt lat="41.215464" lon="-81.519887">
<ele>277</ele>
<time>2026-07-21T02:54:45Z</time></trkpt>
<trkpt lat="41.214986" lon="-81.518897">
<ele>279</ele>
<time>2026-07-21T02:55:20Z</time></trkpt>
<trkpt lat="41.214717" lon="-81.518303">
<ele>281</ele>
<time>2026-07-21T02:55:41Z</time></trkpt>
<trkpt lat="41.213967" lon="-81.516539">
<ele>287</ele>
<time>2026-07-21T02:56:42Z</time></trkpt>
<trkpt lat="41.213404" lon="-81.515325">
<ele>287</ele>
<time>2026-07-21T02:57:25Z</time></trkpt>
<trkpt lat="41.21319" lon="-81.514871">
<ele>287</ele>
<time>2026-07-21T02:57:42Z</time></trkpt>
<trkpt lat="41.212822" lon="-81.51419">
<ele>292</ele>
<time>2026-07-21T02:58:07Z</time></trkpt>
<trkpt lat="41.212822" lon="-81.51419">
<ele>292</ele>
<time>2026-07-21T02:58:07Z</time></trkpt>
<trkpt lat="41.212664" lon="-81.513867">
<ele>293</ele>
<time>2026-07-21T02:58:19Z</time></trkpt>
<trkpt lat="41.212651" lon="-81.513771">
<ele>294</ele>
<time>2026-07-21T02:58:22Z</time></trkpt>
<trkpt lat="41.212665" lon="-81.513462">
<ele>295</ele>
<time>2026-07-21T02:58:30Z</time></trkpt>
<trkpt lat="41.212617" lon="-81.513247">
<ele>295</ele>
<time>2026-07-21T02:58:36Z</time></trkpt>
<trkpt lat="41.212559" lon="-81.513168">
<ele>294</ele>
<time>2026-07-21T02:58:39Z</time></trkpt>
<trkpt lat="41.212478" lon="-81.513115">
<ele>294</ele>
<time>2026-07-21T02:58:42Z</time></trkpt>
<trkpt lat="41.212305" lon="-81.513062">
<ele>294</ele>
<time>2026-07-21T02:58:47Z</time></trkpt>
<trkpt lat="41.212235" lon="-81.51301">
<ele>294</ele>
<time>2026-07-21T02:58:50Z</time></trkpt>
<trkpt lat="41.212185" lon="-81.512935">
<ele>294</ele>
<time>2026-07-21T02:58:53Z</time></trkpt>
<trkpt lat="41.212153" lon="-81.512838">
<ele>294</ele>
<time>2026-07-21T02:58:55Z</time></trkpt>
<trkpt lat="41.21208" lon="-81.512408">
<ele>296</ele>
<time>2026-07-21T02:59:06Z</time></trkpt>
<trkpt lat="41.212021" lon="-81.512175">
<ele>296</ele>
<time>2026-07-21T02:59:12Z</time></trkpt>
<trkpt lat="41.211871" lon="-81.511672">
<ele>295</ele>
<time>2026-07-21T02:59:26Z</time></trkpt>
<trkpt lat="41.211797" lon="-81.511546">
<ele>295</ele>
<time>2026-07-21T02:59:30Z</time></trkpt>
<trkpt lat="41.211684" lon="-81.511422">
<ele>295</ele>
<time>2026-07-21T02:59:35Z</time></trkpt>
<trkpt lat="41.211406" lon="-81.511168">
<ele>295</ele>
<time>2026-07-21T02:59:46Z</time></trkpt>
<trkpt lat="41.211125" lon="-81.51097">
<ele>293</ele>
<time>2026-07-21T02:59:57Z</time></trkpt>
<trkpt lat="41.211063" lon="-81.510953">
<ele>293</ele>
<time>2026-07-21T02:59:59Z</time></trkpt>
<trkpt lat="41.21087" lon="-81.510968">
<ele>295</ele>
<time>2026-07-21T03:00:05Z</time></trkpt>
<trkpt lat="41.210797" lon="-81.510936">
<ele>295</ele>
<time>2026-07-21T03:00:08Z</time></trkpt>
<trkpt lat="41.210663" lon="-81.510799">
<ele>297</ele>
<time>2026-07-21T03:00:13Z</time></trkpt>
<trkpt lat="41.210606" lon="-81.51077">
<ele>297</ele>
<time>2026-07-21T03:00:15Z</time></trkpt>
<trkpt lat="41.210067" lon="-81.510789">
<ele>297</ele>
<time>2026-07-21T03:00:33Z</time></trkpt>
<trkpt lat="41.210037" lon="-81.510813">
<ele>297</ele>
<time>2026-07-21T03:00:35Z</time></trkpt>
<trkpt lat="41.20998" lon="-81.510918">
<ele>296</ele>
<time>2026-07-21T03:00:38Z</time></trkpt>
<trkpt lat="41.209823" lon="-81.511013">
<ele>295</ele>
<time>2026-07-21T03:00:44Z</time></trkpt>
<trkpt lat="41.209784" lon="-81.511086">
<ele>295</ele>
<time>2026-07-21T03:00:46Z</time></trkpt>
<trkpt lat="41.20976" lon="-81.511186">
<ele>295</ele>
<time>2026-07-21T03:00:48Z</time></trkpt>
<trkpt lat="41.209768" lon="-81.511344">
<ele>296</ele>
<time>2026-07-21T03:00:52Z</time></trkpt>
<trkpt lat="41.209814" lon="-81.511425">
<ele>295</ele>
<time>2026-07-21T03:00:55Z</time></trkpt>
<trkpt lat="41.210143" lon="-81.511758">
<ele>295</ele>
<time>2026-07-21T03:01:09Z</time></trkpt>
<trkpt lat="41.210204" lon="-81.51185">
<ele>295</ele>
<time>2026-07-21T03:01:12Z</time></trkpt>
<trkpt lat="41.210237" lon="-81.511938">
<ele>295</ele>
<time>2026-07-21T03:01:14Z</time></trkpt>
<trkpt lat="41.210259" lon="-81.512159">
<ele>296</ele>
<time>2026-07-21T03:01:20Z</time></trkpt>
<trkpt lat="41.210285" lon="-81.512264">
<ele>296</ele>
<time>2026-07-21T03:01:23Z</time></trkpt>
<trkpt lat="41.210252" lon="-81.51248">
<ele>295</ele>
<time>2026-07-21T03:01:28Z</time></trkpt>
<trkpt lat="41.210145" lon="-81.512607">
<ele>295</ele>
<time>2026-07-21T03:01:33Z</time></trkpt>
<trkpt lat="41.209902" lon="-81.512684">
<ele>294</ele>
<time>2026-07-21T03:01:41Z</time></trkpt>
<trkpt lat="41.209734" lon="-81.512781">
<ele>294</ele>
<time>2026-07-21T03:01:47Z</time></trkpt>
<trkpt lat="41.209626" lon="-81.5128">
<ele>293</ele>
<time>2026-07-21T03:01:51Z</time></trkpt>
<trkpt lat="41.209475" lon="-81.512737">
<ele>292</ele>
<time>2026-07-21T03:01:56Z</time></trkpt>
<trkpt lat="41.209343" lon="-81.512577">
<ele>292</ele>
<time>2026-07-21T03:02:02Z</time></trkpt>
<trkpt lat="41.20911" lon="-81.512192">
<ele>294</ele>
<time>2026-07-21T03:02:14Z</time></trkpt>
<trkpt lat="41.209063" lon="-81.511943">
<ele>295</ele>
<time>2026-07-21T03:02:21Z</time></trkpt>
<trkpt lat="41.209009" lon="-81.511843">
<ele>295</ele>
<time>2026-07-21T03:02:24Z</time></trkpt>
<trkpt lat="41.208945" lon="-81.511779">
<ele>295</ele>
<time>2026-07-21T03:02:26Z</time></trkpt>
<trkpt lat="41.208843" lon="-81.511725">
<ele>295</ele>
<time>2026-07-21T03:02:30Z</time></trkpt>
<trkpt lat="41.208663" lon="-81.5117">
<ele>295</ele>
<time>2026-07-21T03:02:36Z</time></trkpt>
<trkpt lat="41.20836" lon="-81.511702">
<ele>295</ele>
<time>2026-07-21T03:02:46Z</time></trkpt>
<trkpt lat="41.208263" lon="-81.511764">
<ele>295</ele>
<time>2026-07-21T03:02:49Z</time></trkpt>
<trkpt lat="41.208216" lon="-81.511852">
<ele>295</ele>
<time>2026-07-21T03:02:52Z</time></trkpt>
<trkpt lat="41.208263" lon="-81.512444">
<ele>293</ele>
<time>2026-07-21T03:03:07Z</time></trkpt>
<trkpt lat="41.208248" lon="-81.512507">
<ele>293</ele>
<time>2026-07-21T03:03:08Z</time></trkpt>
<trkpt lat="41.208137" lon="-81.512755">
<ele>293</ele>
<time>2026-07-21T03:03:16Z</time></trkpt>
<trkpt lat="41.208112" lon="-81.512903">
<ele>293</ele>
<time>2026-07-21T03:03:19Z</time></trkpt>
<trkpt lat="41.208152" lon="-81.512975">
<ele>294</ele>
<time>2026-07-21T03:03:22Z</time></trkpt>
<trkpt lat="41.208246" lon="-81.513062">
<ele>294</ele>
<time>2026-07-21T03:03:25Z</time></trkpt>
<trkpt lat="41.208246" lon="-81.513062">
<ele>294</ele>
<time>2026-07-21T03:03:25Z</time></trkpt>
<trkpt lat="41.208261" lon="-81.513076">
<ele>294</ele>
<time>2026-07-21T03:03:26Z</time></trkpt>
<trkpt lat="41.208254" lon="-81.513286">
<ele>294</ele>
<time>2026-07-21T03:03:30Z</time></trkpt>
<trkpt lat="41.208269" lon="-81.513419">
<ele>293</ele>
<time>2026-07-21T03:03:34Z</time></trkpt>
<trkpt lat="41.208432" lon="-81.513836">
<ele>292</ele>
<time>2026-07-21T03:03:44Z</time></trkpt>
<trkpt lat="41.208426" lon="-81.513918">
<ele>292</ele>
<time>2026-07-21T03:03:46Z</time></trkpt>
<trkpt lat="41.208377" lon="-81.514121">
<ele>293</ele>
<time>2026-07-21T03:03:51Z</time></trkpt>
<trkpt lat="41.208373" lon="-81.514225">
<ele>293</ele>
<time>2026-07-21T03:03:54Z</time></trkpt>
<trkpt lat="41.208469" lon="-81.514534">
<ele>291</ele>
<time>2026-07-21T03:04:01Z</time></trkpt>
<trkpt lat="41.208534" lon="-81.514671">
<ele>290</ele>
<time>2026-07-21T03:04:05Z</time></trkpt>
<trkpt lat="41.20858" lon="-81.515002">
<ele>289</ele>
<time>2026-07-21T03:04:13Z</time></trkpt>
<trkpt lat="41.208799" lon="-81.5155">
<ele>288</ele>
<time>2026-07-21T03:04:26Z</time></trkpt>
<trkpt lat="41.209049" lon="-81.516658">
<ele>282</ele>
<time>2026-07-21T03:04:54Z</time></trkpt>
<trkpt lat="41.20912" lon="-81.516855">
<ele>282</ele>
<time>2026-07-21T03:05:00Z</time></trkpt>
<trkpt lat="41.209254" lon="-81.51696">
<ele>282</ele>
<time>2026-07-21T03:05:05Z</time></trkpt>
<trkpt lat="41.209287" lon="-81.51701">
<ele>282</ele>
<time>2026-07-21T03:05:07Z</time></trkpt>
<trkpt lat="41.209334" lon="-81.517171">
<ele>280</ele>
<time>2026-07-21T03:05:12Z</time></trkpt>
<trkpt lat="41.20935" lon="-81.517279">
<ele>280</ele>
<time>2026-07-21T03:05:15Z</time></trkpt>
<trkpt lat="41.209348" lon="-81.517442">
<ele>278</ele>
<time>2026-07-21T03:05:19Z</time></trkpt>
<trkpt lat="41.209319" lon="-81.517712">
<ele>274</ele>
<time>2026-07-21T03:05:26Z</time></trkpt>
<trkpt lat="41.20935" lon="-81.517917">
<ele>272</ele>
<time>2026-07-21T03:05:32Z</time></trkpt>
<trkpt lat="41.209318" lon="-81.518116">
<ele>271</ele>
<time>2026-07-21T03:05:38Z</time></trkpt>
<trkpt lat="41.209283" lon="-81.518218">
<ele>270</ele>
<time>2026-07-21T03:05:41Z</time></trkpt>
<trkpt lat="41.209281" lon="-81.518261">
<ele>270</ele>
<time>2026-07-21T03:05:42Z</time></trkpt>
<trkpt lat="41.209307" lon="-81.518349">
<ele>270</ele>
<time>2026-07-21T03:05:44Z</time></trkpt>
<trkpt lat="41.20935" lon="-81.51844">
<ele>270</ele>
<time>2026-07-21T03:05:47Z</time></trkpt>
<trkpt lat="41.20953" lon="-81.518708">
<ele>271</ele>
<time>2026-07-21T03:05:57Z</time></trkpt>
<trkpt lat="41.209543" lon="-81.518776">
<ele>272</ele>
<time>2026-07-21T03:05:59Z</time></trkpt>
<trkpt lat="41.209538" lon="-81.518836">
<ele>273</ele>
<time>2026-07-21T03:06:00Z</time></trkpt>
<trkpt lat="41.209484" lon="-81.518955">
<ele>276</ele>
<time>2026-07-21T03:06:04Z</time></trkpt>
<trkpt lat="41.209329" lon="-81.519103">
<ele>278</ele>
<time>2026-07-21T03:06:11Z</time></trkpt>
<trkpt lat="41.209272" lon="-81.519193">
<ele>279</ele>
<time>2026-07-21T03:06:14Z</time></trkpt>
<trkpt lat="41.208906" lon="-81.520003">
<ele>285</ele>
<time>2026-07-21T03:06:39Z</time></trkpt>
<trkpt lat="41.208744" lon="-81.520267">
<ele>286</ele>
<time>2026-07-21T03:06:48Z</time></trkpt>
<trkpt lat="41.208721" lon="-81.52033">
<ele>285</ele>
<time>2026-07-21T03:06:50Z</time></trkpt>
<trkpt lat="41.20873" lon="-81.520365">
<ele>285</ele>
<time>2026-07-21T03:06:51Z</time></trkpt>
<trkpt lat="41.208748" lon="-81.52039">
<ele>285</ele>
<time>2026-07-21T03:06:52Z</time></trkpt>
<trkpt lat="41.208829" lon="-81.520362">
<ele>285</ele>
<time>2026-07-21T03:06:55Z</time></trkpt>
<trkpt lat="41.208985" lon="-81.52014">
<ele>286</ele>
<time>2026-07-21T03:07:03Z</time></trkpt>
<trkpt lat="41.209028" lon="-81.520103">
<ele>287</ele>
<time>2026-07-21T03:07:05Z</time></trkpt>
<trkpt lat="41.209082" lon="-81.520097">
<ele>287</ele>
<time>2026-07-21T03:07:06Z</time></trkpt>
<trkpt lat="41.209979" lon="-81.520702">
<ele>289</ele>
<time>2026-07-21T03:07:42Z</time></trkpt>
<trkpt lat="41.210052" lon="-81.520779">
<ele>289</ele>
<time>2026-07-21T03:07:45Z</time></trkpt>
<trkpt lat="41.21038" lon="-81.521267">
<ele>289</ele>
<time>2026-07-21T03:08:02Z</time></trkpt>
<trkpt lat="41.211128" lon="-81.522116">
<ele>286</ele>
<time>2026-07-21T03:08:34Z</time></trkpt>
<trkpt lat="41.211374" lon="-81.522309">
<ele>286</ele>
<time>2026-07-21T03:08:43Z</time></trkpt>
<trkpt lat="41.211849" lon="-81.522615">
<ele>284</ele>
<time>2026-07-21T03:08:58Z</time></trkpt>
<trkpt lat="41.212046" lon="-81.522727">
<ele>283</ele>
<time>2026-07-21T03:09:05Z</time></trkpt>
<trkpt lat="41.212381" lon="-81.522858">
<ele>282</ele>
<time>2026-07-21T03:09:15Z</time></trkpt>
<trkpt lat="41.212489" lon="-81.522944">
<ele>281</ele>
<time>2026-07-21T03:09:19Z</time></trkpt>
<trkpt lat="41.212533" lon="-81.523038">
<ele>281</ele>
<time>2026-07-21T03:09:22Z</time></trkpt>
<trkpt lat="41.212774" lon="-81.523808">
<ele>279</ele>
<time>2026-07-21T03:09:40Z</time></trkpt>
<trkpt lat="41.21288" lon="-81.524064">
<ele>277</ele>
<time>2026-07-21T03:09:47Z</time></trkpt>
<trkpt lat="41.21288" lon="-81.524064">
<ele>277</ele>
<time>2026-07-21T03:09:47Z</time></trkpt>
<trkpt lat="41.212975" lon="-81.524267">
<ele>275</ele>
<time>2026-07-21T03:09:52Z</time></trkpt>
<trkpt lat="41.213014" lon="-81.524302">
<ele>275</ele>
<time>2026-07-21T03:09:53Z</time></trkpt>
<trkpt lat="41.213713" lon="-81.524441">
<ele>261</ele>
<time>2026-07-21T03:10:12Z</time></trkpt>
<trkpt lat="41.214106" lon="-81.524423">
<ele>257</ele>
<time>2026-07-21T03:10:22Z</time></trkpt>
<trkpt lat="41.214591" lon="-81.524674">
<ele>254</ele>
<time>2026-07-21T03:10:36Z</time></trkpt>
<trkpt lat="41.214794" lon="-81.524881">
<ele>254</ele>
<time>2026-07-21T03:10:42Z</time></trkpt>
<trkpt lat="41.214982" lon="-81.525163">
<ele>253</ele>
<time>2026-07-21T03:10:50Z</time></trkpt>
<trkpt lat="41.215109" lon="-81.525475">
<ele>250</ele>
<time>2026-07-21T03:10:57Z</time></trkpt>
<trkpt lat="41.215114" lon="-81.52559">
<ele>249</ele>
<time>2026-07-21T03:10:59Z</time></trkpt>
<trkpt lat="41.215114" lon="-81.52559">
<ele>249</ele>
<time>2026-07-21T03:10:59Z</time></trkpt>
<trkpt lat="41.215163" lon="-81.526">
<ele>250</ele>
<time>2026-07-21T03:11:07Z</time></trkpt>
<trkpt lat="41.215018" lon="-81.526077">
<ele>251</ele>
<time>2026-07-21T03:11:13Z</time></trkpt>
<trkpt lat="41.214558" lon="-81.526688">
<ele>262</ele>
<time>2026-07-21T03:11:37Z</time></trkpt>
<trkpt lat="41.214452" lon="-81.526879">
<ele>266</ele>
<time>2026-07-21T03:11:44Z</time></trkpt>
<trkpt lat="41.214402" lon="-81.526997">
<ele>266</ele>
<time>2026-07-21T03:11:48Z</time></trkpt>
<trkpt lat="41.214346" lon="-81.52728">
<ele>261</ele>
<time>2026-07-21T03:11:56Z</time></trkpt>
<trkpt lat="41.214347" lon="-81.527503">
<ele>257</ele>
<time>2026-07-21T03:12:02Z</time></trkpt>
<trkpt lat="41.214347" lon="-81.527503">
<ele>257</ele>
<time>2026-07-21T03:12:02Z</time></trkpt>
<trkpt lat="41.214351" lon="-81.527971">
<ele>252</ele>
<time>2026-07-21T03:12:15Z</time></trkpt>
<trkpt lat="41.214332" lon="-81.528328">
<ele>251</ele>
<time>2026-07-21T03:12:25Z</time></trkpt>
<trkpt lat="41.214418" lon="-81.52851">
<ele>252</ele>
<time>2026-07-21T03:12:31Z</time></trkpt>
<trkpt lat="41.214517" lon="-81.528648">
<ele>253</ele>
<time>2026-07-21T03:12:37Z</time></trkpt>
<trkpt lat="41.214636" lon="-81.528741">
<ele>253</ele>
<time>2026-07-21T03:12:42Z</time></trkpt>
<trkpt lat="41.214771" lon="-81.528819">
<ele>253</ele>
<time>2026-07-21T03:12:47Z</time></trkpt>
<trkpt lat="41.215021" lon="-81.529032">
<ele>256</ele>
<time>2026-07-21T03:12:58Z</time></trkpt>
<trkpt lat="41.21531" lon="-81.529344">
<ele>262</ele>
<time>2026-07-21T03:13:11Z</time></trkpt>
<trkpt lat="41.2153211" lon="-81.5293264">
<ele>262</ele>
<time>2026-07-21T03:13:11Z</time></trkpt>
<trkpt lat="41.2154341" lon="-81.5294981">
<ele>263</ele>
<time>2026-07-21T03:13:17Z</time></trkpt>
<trkpt lat="41.2156278" lon="-81.5300345">
<ele>256</ele>
<time>2026-07-21T03:13:32Z</time></trkpt>
<trkpt lat="41.2158861" lon="-81.5303028">
<ele>253</ele>
<time>2026-07-21T03:13:43Z</time></trkpt>
<trkpt lat="41.216211" lon="-81.530369">
<ele>252</ele>
<time>2026-07-21T03:13:54Z</time></trkpt>
<trkpt lat="41.216429" lon="-81.53012">
<ele>252</ele>
<time>2026-07-21T03:14:03Z</time></trkpt>
<trkpt lat="41.216455" lon="-81.530068">
<ele>252</ele>
<time>2026-07-21T03:14:05Z</time></trkpt>
<trkpt lat="41.216455" lon="-81.529862">
<ele>251</ele>
<time>2026-07-21T03:14:05Z</time></trkpt>
<trkpt lat="41.21648" lon="-81.529794">
<ele>251</ele>
<time>2026-07-21T03:14:07Z</time></trkpt>
<trkpt lat="41.216552" lon="-81.529973">
<ele>254</ele>
<time>2026-07-21T03:14:12Z</time></trkpt>
<trkpt lat="41.216552" lon="-81.529973">
<ele>254</ele>
<time>2026-07-21T03:14:12Z</time></trkpt>
<trkpt lat="41.216574" lon="-81.530025">
<ele>255</ele>
<time>2026-07-21T03:14:13Z</time></trkpt>
<trkpt lat="41.21663" lon="-81.530244">
<ele>258</ele>
<time>2026-07-21T03:14:19Z</time></trkpt>
<trkpt lat="41.216772" lon="-81.530336">
<ele>259</ele>
<time>2026-07-21T03:14:24Z</time></trkpt>
<trkpt lat="41.216794" lon="-81.530375">
<ele>259</ele>
<time>2026-07-21T03:14:25Z</time></trkpt>
<trkpt lat="41.216776" lon="-81.530637">
<ele>256</ele>
<time>2026-07-21T03:14:32Z</time></trkpt>
<trkpt lat="41.216787" lon="-81.530717">
<ele>255</ele>
<time>2026-07-21T03:14:34Z</time></trkpt>
<trkpt lat="41.216833" lon="-81.530773">
<ele>255</ele>
<time>2026-07-21T03:14:36Z</time></trkpt>
<trkpt lat="41.216892" lon="-81.530786">
<ele>254</ele>
<time>2026-07-21T03:14:39Z</time></trkpt>
<trkpt lat="41.217019" lon="-81.53075">
<ele>254</ele>
<time>2026-07-21T03:14:45Z</time></trkpt>
<trkpt lat="41.217071" lon="-81.530762">
<ele>253</ele>
<time>2026-07-21T03:14:48Z</time></trkpt>
<trkpt lat="41.217116" lon="-81.530809">
<ele>253</ele>
<time>2026-07-21T03:14:51Z</time></trkpt>
<trkpt lat="41.217169" lon="-81.530905">
<ele>253</ele>
<time>2026-07-21T03:14:55Z</time></trkpt>
<trkpt lat="41.217204" lon="-81.53093">
<ele>253</ele>
<time>2026-07-21T03:14:57Z</time></trkpt>
<trkpt lat="41.217243" lon="-81.530928">
<ele>253</ele>
<time>2026-07-21T03:14:59Z</time></trkpt>
<trkpt lat="41.217558" lon="-81.530724">
<ele>251</ele>
<time>2026-07-21T03:15:15Z</time></trkpt>
<trkpt lat="41.217593" lon="-81.530726">
<ele>251</ele>
<time>2026-07-21T03:15:17Z</time></trkpt>
<trkpt lat="41.217613" lon="-81.530753">
<ele>252</ele>
<time>2026-07-21T03:15:18Z</time></trkpt>
<trkpt lat="41.21774" lon="-81.531221">
<ele>257</ele>
<time>2026-07-21T03:15:36Z</time></trkpt>
<trkpt lat="41.217761" lon="-81.531359">
<ele>257</ele>
<time>2026-07-21T03:15:41Z</time></trkpt>
<trkpt lat="41.217763" lon="-81.531425">
<ele>257</ele>
<time>2026-07-21T03:15:44Z</time></trkpt>
<trkpt lat="41.217717" lon="-81.531613">
<ele>258</ele>
<time>2026-07-21T03:15:51Z</time></trkpt>
<trkpt lat="41.217677" lon="-81.531702">
<ele>258</ele>
<time>2026-07-21T03:15:54Z</time></trkpt>
<trkpt lat="41.21763" lon="-81.531732">
<ele>259</ele>
<time>2026-07-21T03:15:57Z</time></trkpt>
<trkpt lat="41.217447" lon="-81.531725">
<ele>261</ele>
<time>2026-07-21T03:16:06Z</time></trkpt>
<trkpt lat="41.217367" lon="-81.531744">
<ele>261</ele>
<time>2026-07-21T03:16:09Z</time></trkpt>
<trkpt lat="41.217298" lon="-81.531902">
<ele>263</ele>
<time>2026-07-21T03:16:16Z</time></trkpt>
<trkpt lat="41.217292" lon="-81.531959">
<ele>264</ele>
<time>2026-07-21T03:16:18Z</time></trkpt>
<trkpt lat="41.217314" lon="-81.532145">
<ele>266</ele>
<time>2026-07-21T03:16:25Z</time></trkpt>
<trkpt lat="41.217302" lon="-81.532238">
<ele>267</ele>
<time>2026-07-21T03:16:28Z</time></trkpt>
<trkpt lat="41.217171" lon="-81.532503">
<ele>271</ele>
<time>2026-07-21T03:16:40Z</time></trkpt>
<trkpt lat="41.217015" lon="-81.532752">
<ele>274</ele>
<time>2026-07-21T03:16:51Z</time></trkpt>
<trkpt lat="41.216996" lon="-81.532833">
<ele>274</ele>
<time>2026-07-21T03:16:54Z</time></trkpt>
<trkpt lat="41.217008" lon="-81.532909">
<ele>273</ele>
<time>2026-07-21T03:16:57Z</time></trkpt>
<trkpt lat="41.217051" lon="-81.532993">
<ele>272</ele>
<time>2026-07-21T03:16:59Z</time></trkpt>
<trkpt lat="41.217092" lon="-81.533019">
<ele>271</ele>
<time>2026-07-21T03:17:00Z</time></trkpt>
<trkpt lat="41.217291" lon="-81.533055">
<ele>268</ele>
<time>2026-07-21T03:17:05Z</time></trkpt>
<trkpt lat="41.217686" lon="-81.533439">
<ele>258</ele>
<time>2026-07-21T03:17:17Z</time></trkpt>
<trkpt lat="41.217741" lon="-81.533472">
<ele>258</ele>
<time>2026-07-21T03:17:19Z</time></trkpt>
<trkpt lat="41.217981" lon="-81.533503">
<ele>258</ele>
<time>2026-07-21T03:17:25Z</time></trkpt>
<trkpt lat="41.218035" lon="-81.533487">
<ele>258</ele>
<time>2026-07-21T03:17:26Z</time></trkpt>
<trkpt lat="41.21813" lon="-81.533419">
<ele>259</ele>
<time>2026-07-21T03:17:29Z</time></trkpt>
<trkpt lat="41.218172" lon="-81.533421">
<ele>259</ele>
<time>2026-07-21T03:17:30Z</time></trkpt>
<trkpt lat="41.218172" lon="-81.533421">
<ele>259</ele>
<time>2026-07-21T03:17:30Z</time></trkpt>
<trkpt lat="41.218248" lon="-81.533458">
<ele>259</ele>
<time>2026-07-21T03:17:32Z</time></trkpt>
<trkpt lat="41.218284" lon="-81.533508">
<ele>259</ele>
<time>2026-07-21T03:17:33Z</time></trkpt>
<trkpt lat="41.218376" lon="-81.53373">
<ele>259</ele>
<time>2026-07-21T03:17:38Z</time></trkpt>
<trkpt lat="41.218492" lon="-81.533848">
<ele>258</ele>
<time>2026-07-21T03:17:41Z</time></trkpt>
<trkpt lat="41.21859" lon="-81.534033">
<ele>257</ele>
<time>2026-07-21T03:17:46Z</time></trkpt>
<trkpt lat="41.218606" lon="-81.534213">
<ele>257</ele>
<time>2026-07-21T03:17:49Z</time></trkpt>
<trkpt lat="41.218623" lon="-81.53426">
<ele>257</ele>
<time>2026-07-21T03:17:50Z</time></trkpt>
<trkpt lat="41.218764" lon="-81.534435">
<ele>254</ele>
<time>2026-07-21T03:17:55Z</time></trkpt>
<trkpt lat="41.218776" lon="-81.534518">
<ele>253</ele>
<time>2026-07-21T03:17:56Z</time></trkpt>
<trkpt lat="41.218763" lon="-81.534646">
<ele>252</ele>
<time>2026-07-21T03:17:59Z</time></trkpt>
<trkpt lat="41.218736" lon="-81.534727">
<ele>251</ele>
<time>2026-07-21T03:18:00Z</time></trkpt>
<trkpt lat="41.218703" lon="-81.53477">
<ele>250</ele>
<time>2026-07-21T03:18:01Z</time></trkpt>
<trkpt lat="41.218578" lon="-81.534737">
<ele>250</ele>
<time>2026-07-21T03:18:05Z</time></trkpt>
<trkpt lat="41.218554" lon="-81.534767">
<ele>248</ele>
<time>2026-07-21T03:18:05Z</time></trkpt>
<trkpt lat="41.218588" lon="-81.534991">
<ele>243</ele>
<time>2026-07-21T03:18:10Z</time></trkpt>
<trkpt lat="41.218534" lon="-81.535031">
<ele>241</ele>
<time>2026-07-21T03:18:11Z</time></trkpt>
<trkpt lat="41.218536" lon="-81.53506">
<ele>241</ele>
<time>2026-07-21T03:18:12Z</time></trkpt>
<trkpt lat="41.218645" lon="-81.53519">
<ele>240</ele>
<time>2026-07-21T03:18:16Z</time></trkpt>
<trkpt lat="41.218755" lon="-81.53533">
<ele>238</ele>
<time>2026-07-21T03:18:21Z</time></trkpt>
<trkpt lat="41.218817" lon="-81.535418">
<ele>237</ele>
<time>2026-07-21T03:18:23Z</time></trkpt>
<trkpt lat="41.21896" lon="-81.535592">
<ele>235</ele>
<time>2026-07-21T03:18:29Z</time></trkpt>
<trkpt lat="41.219143" lon="-81.535787">
<ele>233</ele>
<time>2026-07-21T03:18:36Z</time></trkpt>
<trkpt lat="41.219508" lon="-81.536082">
<ele>231</ele>
<time>2026-07-21T03:18:49Z</time></trkpt>
<trkpt lat="41.219639" lon="-81.536233">
<ele>231</ele>
<time>2026-07-21T03:18:54Z</time></trkpt>
<trkpt lat="41.219763" lon="-81.536388">
<ele>230</ele>
<time>2026-07-21T03:18:59Z</time></trkpt>
<trkpt lat="41.219838" lon="-81.536461">
<ele>231</ele>
<time>2026-07-21T03:19:01Z</time></trkpt>
<trkpt lat="41.220028" lon="-81.536493">
<ele>232</ele>
<time>2026-07-21T03:19:07Z</time></trkpt>
<trkpt lat="41.220079" lon="-81.536489">
<ele>232</ele>
<time>2026-07-21T03:19:09Z</time></trkpt>
<trkpt lat="41.220403" lon="-81.536358">
<ele>229</ele>
<time>2026-07-21T03:19:19Z</time></trkpt>
<trkpt lat="41.22063" lon="-81.536377">
<ele>228</ele>
<time>2026-07-21T03:19:25Z</time></trkpt>
<trkpt lat="41.220667" lon="-81.536419">
<ele>228</ele>
<time>2026-07-21T03:19:27Z</time></trkpt>
<trkpt lat="41.2207" lon="-81.536686">
<ele>228</ele>
<time>2026-07-21T03:19:33Z</time></trkpt>
<trkpt lat="41.220791" lon="-81.536961">
<ele>228</ele>
<time>2026-07-21T03:19:41Z</time></trkpt>
<trkpt lat="41.221191" lon="-81.537337">
<ele>227</ele>
<time>2026-07-21T03:20:05Z</time></trkpt>
<trkpt lat="41.22122" lon="-81.537387">
<ele>227</ele>
<time>2026-07-21T03:20:07Z</time></trkpt>
<trkpt lat="41.221229" lon="-81.537513">
<ele>228</ele>
<time>2026-07-21T03:20:12Z</time></trkpt>
<trkpt lat="41.221185" lon="-81.53765">
<ele>228</ele>
<time>2026-07-21T03:20:18Z</time></trkpt>
<trkpt lat="41.221131" lon="-81.537778">
<ele>228</ele>
<time>2026-07-21T03:20:23Z</time></trkpt>
<trkpt lat="41.221036" lon="-81.537935">
<ele>231</ele>
<time>2026-07-21T03:20:31Z</time></trkpt>
<trkpt lat="41.221015" lon="-81.538039">
<ele>231</ele>
<time>2026-07-21T03:20:35Z</time></trkpt>
<trkpt lat="41.221017" lon="-81.538151">
<ele>233</ele>
<time>2026-07-21T03:20:39Z</time></trkpt>
<trkpt lat="41.221043" lon="-81.538241">
<ele>233</ele>
<time>2026-07-21T03:20:43Z</time></trkpt>
<trkpt lat="41.221122" lon="-81.538351">
<ele>232</ele>
<time>2026-07-21T03:20:48Z</time></trkpt>
<trkpt lat="41.221265" lon="-81.538647">
<ele>234</ele>
<time>2026-07-21T03:21:02Z</time></trkpt>
<trkpt lat="41.221433" lon="-81.538655">
<ele>232</ele>
<time>2026-07-21T03:21:10Z</time></trkpt>
<trkpt lat="41.221521" lon="-81.538678">
<ele>232</ele>
<time>2026-07-21T03:21:15Z</time></trkpt>
<trkpt lat="41.221608" lon="-81.538846">
<ele>236</ele>
<time>2026-07-21T03:21:22Z</time></trkpt>
<trkpt lat="41.221653" lon="-81.538906">
<ele>236</ele>
<time>2026-07-21T03:21:26Z</time></trkpt>
<trkpt lat="41.221738" lon="-81.538924">
<ele>238</ele>
<time>2026-07-21T03:21:30Z</time></trkpt>
<trkpt lat="41.221797" lon="-81.538925">
<ele>238</ele>
<time>2026-07-21T03:21:33Z</time></trkpt>
<trkpt lat="41.221836" lon="-81.538951">
<ele>239</ele>
<time>2026-07-21T03:21:35Z</time></trkpt>
<trkpt lat="41.221872" lon="-81.539006">
<ele>240</ele>
<time>2026-07-21T03:21:38Z</time></trkpt>
<trkpt lat="41.221918" lon="-81.539137">
<ele>242</ele>
<time>2026-07-21T03:21:43Z</time></trkpt>
<trkpt lat="41.221962" lon="-81.539476">
<ele>246</ele>
<time>2026-07-21T03:21:56Z</time></trkpt>
<trkpt lat="41.22204" lon="-81.539648">
<ele>249</ele>
<time>2026-07-21T03:22:04Z</time></trkpt>
<trkpt lat="41.22204" lon="-81.539648">
<ele>249</ele>
<time>2026-07-21T03:22:04Z</time></trkpt>
<trkpt lat="41.222123" lon="-81.53972">
<ele>250</ele>
<time>2026-07-21T03:22:08Z</time></trkpt>
<trkpt lat="41.222205" lon="-81.53972">
<ele>250</ele>
<time>2026-07-21T03:22:10Z</time></trkpt>
<trkpt lat="41.222365" lon="-81.539674">
<ele>250</ele>
<time>2026-07-21T03:22:15Z</time></trkpt>
<trkpt lat="41.222523" lon="-81.539701">
<ele>251</ele>
<time>2026-07-21T03:22:19Z</time></trkpt>
<trkpt lat="41.222576" lon="-81.539727">
<ele>251</ele>
<time>2026-07-21T03:22:21Z</time></trkpt>
<trkpt lat="41.222541" lon="-81.539845">
<ele>251</ele>
<time>2026-07-21T03:22:24Z</time></trkpt>
<trkpt lat="41.222576" lon="-81.539727">
<ele>251</ele>
<time>2026-07-21T03:22:26Z</time></trkpt>
<trkpt lat="41.22271" lon="-81.539665">
<ele>249</ele>
<time>2026-07-21T03:22:30Z</time></trkpt>
<trkpt lat="41.222769" lon="-81.539656">
<ele>249</ele>
<time>2026-07-21T03:22:32Z</time></trkpt>
<trkpt lat="41.222986" lon="-81.539758">
<ele>247</ele>
<time>2026-07-21T03:22:39Z</time></trkpt>
<trkpt lat="41.223271" lon="-81.53978">
<ele>242</ele>
<time>2026-07-21T03:22:47Z</time></trkpt>
<trkpt lat="41.223307" lon="-81.539806">
<ele>242</ele>
<time>2026-07-21T03:22:48Z</time></trkpt>
<trkpt lat="41.223355" lon="-81.53985">
<ele>241</ele>
<time>2026-07-21T03:22:50Z</time></trkpt>
<trkpt lat="41.223456" lon="-81.540032">
<ele>239</ele>
<time>2026-07-21T03:22:55Z</time></trkpt>
<trkpt lat="41.223497" lon="-81.540244">
<ele>239</ele>
<time>2026-07-21T03:23:00Z</time></trkpt>
<trkpt lat="41.2237" lon="-81.540578">
<ele>238</ele>
<time>2026-07-21T03:23:09Z</time></trkpt>
<trkpt lat="41.223743" lon="-81.540598">
<ele>238</ele>
<time>2026-07-21T03:23:10Z</time></trkpt>
<trkpt lat="41.223915" lon="-81.540619">
<ele>237</ele>
<time>2026-07-21T03:23:15Z</time></trkpt>
<trkpt lat="41.223953" lon="-81.540608">
<ele>236</ele>
<time>2026-07-21T03:23:16Z</time></trkpt>
<trkpt lat="41.224074" lon="-81.540489">
<ele>236</ele>
<time>2026-07-21T03:23:21Z</time></trkpt>
<trkpt lat="41.224196" lon="-81.540401">
<ele>235</ele>
<time>2026-07-21T03:23:25Z</time></trkpt>
<trkpt lat="41.22429" lon="-81.540361">
<ele>234</ele>
<time>2026-07-21T03:23:28Z</time></trkpt>
<trkpt lat="41.224482" lon="-81.540367">
<ele>233</ele>
<time>2026-07-21T03:23:33Z</time></trkpt>
<trkpt lat="41.224649" lon="-81.5404">
<ele>234</ele>
<time>2026-07-21T03:23:38Z</time></trkpt>
<trkpt lat="41.224699" lon="-81.540432">
<ele>235</ele>
<time>2026-07-21T03:23:40Z</time></trkpt>
<trkpt lat="41.224894" lon="-81.540631">
<ele>233</ele>
<time>2026-07-21T03:23:47Z</time></trkpt>
<trkpt lat="41.224993" lon="-81.540657">
<ele>231</ele>
<time>2026-07-21T03:23:50Z</time></trkpt>
<trkpt lat="41.225028" lon="-81.540643">
<ele>230</ele>
<time>2026-07-21T03:23:51Z</time></trkpt>
<trkpt lat="41.22509" lon="-81.540678">
<ele>227</ele>
<time>2026-07-21T03:23:53Z</time></trkpt>
<trkpt lat="41.225183" lon="-81.54078">
<ele>224</ele>
<time>2026-07-21T03:23:56Z</time></trkpt>
<trkpt lat="41.225159" lon="-81.540833">
<ele>224</ele>
<time>2026-07-21T03:23:58Z</time></trkpt>
<trkpt lat="41.224926" lon="-81.54093">
<ele>224</ele>
<time>2026-07-21T03:24:05Z</time></trkpt>
<trkpt lat="41.224823" lon="-81.54103">
<ele>221</ele>
<time>2026-07-21T03:24:09Z</time></trkpt>
<trkpt lat="41.22473" lon="-81.54125">
<ele>218</ele>
<time>2026-07-21T03:24:14Z</time></trkpt>
<trkpt lat="41.22462" lon="-81.541394">
<ele>218</ele>
<time>2026-07-21T03:24:19Z</time></trkpt>
<trkpt lat="41.224601" lon="-81.541467">
<ele>218</ele>
<time>2026-07-21T03:24:20Z</time></trkpt>
<trkpt lat="41.224644" lon="-81.541809">
<ele>218</ele>
<time>2026-07-21T03:24:28Z</time></trkpt>
<trkpt lat="41.224592" lon="-81.542031">
<ele>218</ele>
<time>2026-07-21T03:24:33Z</time></trkpt>
<trkpt lat="41.22458" lon="-81.542331">
<ele>218</ele>
<time>2026-07-21T03:24:40Z</time></trkpt>
<trkpt lat="41.224563" lon="-81.542398">
<ele>218</ele>
<time>2026-07-21T03:24:41Z</time></trkpt>
<trkpt lat="41.22441" lon="-81.542721">
<ele>218</ele>
<time>2026-07-21T03:24:49Z</time></trkpt>
<trkpt lat="41.224338" lon="-81.54316">
<ele>218</ele>
<time>2026-07-21T03:25:00Z</time></trkpt>
<trkpt lat="41.224227" lon="-81.543503">
<ele>219</ele>
<time>2026-07-21T03:25:09Z</time></trkpt>
<trkpt lat="41.224211" lon="-81.543641">
<ele>219</ele>
<time>2026-07-21T03:25:13Z</time></trkpt>
<trkpt lat="41.224253" lon="-81.543941">
<ele>219</ele>
<time>2026-07-21T03:25:20Z</time></trkpt>
<trkpt lat="41.224142" lon="-81.544454">
<ele>219</ele>
<time>2026-07-21T03:25:34Z</time></trkpt>
<trkpt lat="41.22411" lon="-81.544786">
<ele>218</ele>
<time>2026-07-21T03:25:43Z</time></trkpt>
<trkpt lat="41.224019" lon="-81.54505">
<ele>218</ele>
<time>2026-07-21T03:25:50Z</time></trkpt>
<trkpt lat="41.223969" lon="-81.545131">
<ele>218</ele>
<time>2026-07-21T03:25:53Z</time></trkpt>
<trkpt lat="41.223892" lon="-81.545212">
<ele>218</ele>
<time>2026-07-21T03:25:56Z</time></trkpt>
<trkpt lat="41.223774" lon="-81.54527">
<ele>218</ele>
<time>2026-07-21T03:26:01Z</time></trkpt>
<trkpt lat="41.223726" lon="-81.545351">
<ele>219</ele>
<time>2026-07-21T03:26:03Z</time></trkpt>
<trkpt lat="41.223701" lon="-81.545499">
<ele>219</ele>
<time>2026-07-21T03:26:07Z</time></trkpt>
<trkpt lat="41.223705" lon="-81.545613">
<ele>218</ele>
<time>2026-07-21T03:26:10Z</time></trkpt>
<trkpt lat="41.223768" lon="-81.545781">
<ele>218</ele>
<time>2026-07-21T03:26:15Z</time></trkpt>
<trkpt lat="41.223867" lon="-81.545934">
<ele>218</ele>
<time>2026-07-21T03:26:20Z</time></trkpt>
<trkpt lat="41.223954" lon="-81.546049">
<ele>218</ele>
<time>2026-07-21T03:26:24Z</time></trkpt>
<trkpt lat="41.224063" lon="-81.546123">
<ele>219</ele>
<time>2026-07-21T03:26:28Z</time></trkpt>
<trkpt lat="41.2243" lon="-81.546171">
<ele>219</ele>
<time>2026-07-21T03:26:36Z</time></trkpt>
<trkpt lat="41.224551" lon="-81.546119">
<ele>218</ele>
<time>2026-07-21T03:26:46Z</time></trkpt>
<trkpt lat="41.224949" lon="-81.546389">
<ele>219</ele>
<time>2026-07-21T03:27:02Z</time></trkpt>
<trkpt lat="41.225347" lon="-81.546714">
<ele>219</ele>
<time>2026-07-21T03:27:19Z</time></trkpt>
<trkpt lat="41.225401" lon="-81.546784">
<ele>219</ele>
<time>2026-07-21T03:27:22Z</time></trkpt>
<trkpt lat="41.225436" lon="-81.546879">
<ele>220</ele>
<time>2026-07-21T03:27:25Z</time></trkpt>
<trkpt lat="41.225447" lon="-81.546964">
<ele>221</ele>
<time>2026-07-21T03:27:27Z</time></trkpt>
<trkpt lat="41.225439" lon="-81.547022">
<ele>221</ele>
<time>2026-07-21T03:27:28Z</time></trkpt>
<trkpt lat="41.225413" lon="-81.547054">
<ele>221</ele>
<time>2026-07-21T03:27:30Z</time></trkpt>
<trkpt lat="41.22523" lon="-81.547069">
<ele>223</ele>
<time>2026-07-21T03:27:36Z</time></trkpt>
<trkpt lat="41.225124" lon="-81.5472">
<ele>220</ele>
<time>2026-07-21T03:27:42Z</time></trkpt>
<trkpt lat="41.225064" lon="-81.547244">
<ele>220</ele>
<time>2026-07-21T03:27:44Z</time></trkpt>
<trkpt lat="41.224757" lon="-81.547417">
<ele>219</ele>
<time>2026-07-21T03:27:56Z</time></trkpt>
<trkpt lat="41.224477" lon="-81.547532">
<ele>218</ele>
<time>2026-07-21T03:28:07Z</time></trkpt>
<trkpt lat="41.224359" lon="-81.547525">
<ele>219</ele>
<time>2026-07-21T03:28:11Z</time></trkpt>
<trkpt lat="41.224156" lon="-81.547461">
<ele>223</ele>
<time>2026-07-21T03:28:19Z</time></trkpt>
<trkpt lat="41.22409" lon="-81.547465">
<ele>223</ele>
<time>2026-07-21T03:28:21Z</time></trkpt>
<trkpt lat="41.223955" lon="-81.547571">
<ele>223</ele>
<time>2026-07-21T03:28:27Z</time></trkpt>
<trkpt lat="41.223765" lon="-81.547596">
<ele>223</ele>
<time>2026-07-21T03:28:36Z</time></trkpt>
<trkpt lat="41.223632" lon="-81.547679">
<ele>223</ele>
<time>2026-07-21T03:28:43Z</time></trkpt>
<trkpt lat="41.223561" lon="-81.54767">
<ele>223</ele>
<time>2026-07-21T03:28:46Z</time></trkpt>
<trkpt lat="41.223457" lon="-81.547625">
<ele>223</ele>
<time>2026-07-21T03:28:51Z</time></trkpt>
<trkpt lat="41.223151" lon="-81.54766">
<ele>223</ele>
<time>2026-07-21T03:29:06Z</time></trkpt>
<trkpt lat="41.222823" lon="-81.547872">
<ele>223</ele>
<time>2026-07-21T03:29:23Z</time></trkpt>
<trkpt lat="41.222745" lon="-81.547851">
<ele>223</ele>
<time>2026-07-21T03:29:27Z</time></trkpt>
<trkpt lat="41.222595" lon="-81.547749">
<ele>223</ele>
<time>2026-07-21T03:29:34Z</time></trkpt>
<trkpt lat="41.222429" lon="-81.54774">
<ele>223</ele>
<time>2026-07-21T03:29:42Z</time></trkpt>
<trkpt lat="41.222179" lon="-81.547656">
<ele>225</ele>
<time>2026-07-21T03:29:54Z</time></trkpt>
<trkpt lat="41.222009" lon="-81.547704">
<ele>225</ele>
<time>2026-07-21T03:30:02Z</time></trkpt>
<trkpt lat="41.221954" lon="-81.547699">
<ele>226</ele>
<time>2026-07-21T03:30:05Z</time></trkpt>
<trkpt lat="41.221818" lon="-81.547605">
<ele>228</ele>
<time>2026-07-21T03:30:12Z</time></trkpt>
<trkpt lat="41.221719" lon="-81.547576">
<ele>228</ele>
<time>2026-07-21T03:30:17Z</time></trkpt>
<trkpt lat="41.221662" lon="-81.547526">
<ele>229</ele>
<time>2026-07-21T03:30:20Z</time></trkpt>
<trkpt lat="41.221427" lon="-81.547217">
<ele>234</ele>
<time>2026-07-21T03:30:36Z</time></trkpt>
<trkpt lat="41.221442" lon="-81.547169">
<ele>236</ele>
<time>2026-07-21T03:30:38Z</time></trkpt>
<trkpt lat="41.221816" lon="-81.546933">
<ele>245</ele>
<time>2026-07-21T03:30:53Z</time></trkpt>
<trkpt lat="41.221891" lon="-81.546929">
<ele>246</ele>
<time>2026-07-21T03:30:55Z</time></trkpt>
<trkpt lat="41.221998" lon="-81.546966">
<ele>247</ele>
<time>2026-07-21T03:30:58Z</time></trkpt>
<trkpt lat="41.222188" lon="-81.546891">
<ele>247</ele>
<time>2026-07-21T03:31:04Z</time></trkpt>
<trkpt lat="41.222383" lon="-81.546917">
<ele>246</ele>
<time>2026-07-21T03:31:10Z</time></trkpt>
<trkpt lat="41.22248" lon="-81.546846">
<ele>244</ele>
<time>2026-07-21T03:31:13Z</time></trkpt>
<trkpt lat="41.222583" lon="-81.546836">
<ele>243</ele>
<time>2026-07-21T03:31:16Z</time></trkpt>
<trkpt lat="41.22263" lon="-81.54678">
<ele>243</ele>
<time>2026-07-21T03:31:18Z</time></trkpt>
<trkpt lat="41.222682" lon="-81.546387">
<ele>239</ele>
<time>2026-07-21T03:31:27Z</time></trkpt>
<trkpt lat="41.222636" lon="-81.546055">
<ele>239</ele>
<time>2026-07-21T03:31:34Z</time></trkpt>
<trkpt lat="41.22264" lon="-81.545896">
<ele>240</ele>
<time>2026-07-21T03:31:38Z</time></trkpt>
<trkpt lat="41.222662" lon="-81.545743">
<ele>238</ele>
<time>2026-07-21T03:31:41Z</time></trkpt>
<trkpt lat="41.222639" lon="-81.545585">
<ele>236</ele>
<time>2026-07-21T03:31:45Z</time></trkpt>
<trkpt lat="41.222576" lon="-81.545357">
<ele>235</ele>
<time>2026-07-21T03:31:50Z</time></trkpt>
<trkpt lat="41.222575" lon="-81.545274">
<ele>234</ele>
<time>2026-07-21T03:31:52Z</time></trkpt>
<trkpt lat="41.222603" lon="-81.545101">
<ele>232</ele>
<time>2026-07-21T03:31:56Z</time></trkpt>
<trkpt lat="41.22265" lon="-81.544939">
<ele>229</ele>
<time>2026-07-21T03:32:00Z</time></trkpt>
<trkpt lat="41.222648" lon="-81.544669">
<ele>228</ele>
<time>2026-07-21T03:32:06Z</time></trkpt>
<trkpt lat="41.222729" lon="-81.544356">
<ele>226</ele>
<time>2026-07-21T03:32:13Z</time></trkpt>
<trkpt lat="41.222656" lon="-81.543646">
<ele>227</ele>
<time>2026-07-21T03:32:39Z</time></trkpt>
<trkpt lat="41.222681" lon="-81.543483">
<ele>227</ele>
<time>2026-07-21T03:32:45Z</time></trkpt>
<trkpt lat="41.22276" lon="-81.543233">
<ele>226</ele>
<time>2026-07-21T03:32:55Z</time></trkpt>
<trkpt lat="41.222964" lon="-81.542907">
<ele>225</ele>
<time>2026-07-21T03:33:11Z</time></trkpt>
<trkpt lat="41.223003" lon="-81.542632">
<ele>225</ele>
<time>2026-07-21T03:33:21Z</time></trkpt>
<trkpt lat="41.223118" lon="-81.542403">
<ele>225</ele>
<time>2026-07-21T03:33:31Z</time></trkpt>
<trkpt lat="41.223148" lon="-81.542276">
<ele>225</ele>
<time>2026-07-21T03:33:36Z</time></trkpt>
<trkpt lat="41.223234" lon="-81.542142">
<ele>226</ele>
<time>2026-07-21T03:33:42Z</time></trkpt>
<trkpt lat="41.22323" lon="-81.541991">
<ele>228</ele>
<time>2026-07-21T03:33:48Z</time></trkpt>
<trkpt lat="41.223152" lon="-81.541941">
<ele>230</ele>
<time>2026-07-21T03:33:52Z</time></trkpt>
<trkpt lat="41.223045" lon="-81.54191">
<ele>232</ele>
<time>2026-07-21T03:33:57Z</time></trkpt>
<trkpt lat="41.222945" lon="-81.541841">
<ele>234</ele>
<time>2026-07-21T03:34:03Z</time></trkpt>
<trkpt lat="41.222876" lon="-81.541746">
<ele>236</ele>
<time>2026-07-21T03:34:07Z</time></trkpt>
<trkpt lat="41.222742" lon="-81.541676">
<ele>240</ele>
<time>2026-07-21T03:34:14Z</time></trkpt>
<trkpt lat="41.22264" lon="-81.54152">
<ele>239</ele>
<time>2026-07-21T03:34:22Z</time></trkpt>
<trkpt lat="41.222578" lon="-81.541471">
<ele>241</ele>
<time>2026-07-21T03:34:25Z</time></trkpt>
<trkpt lat="41.22248" lon="-81.541452">
<ele>243</ele>
<time>2026-07-21T03:34:30Z</time></trkpt>
<trkpt lat="41.222302" lon="-81.541492">
<ele>246</ele>
<time>2026-07-21T03:34:39Z</time></trkpt>
<trkpt lat="41.222203" lon="-81.541541">
<ele>248</ele>
<time>2026-07-21T03:34:44Z</time></trkpt>
<trkpt lat="41.222" lon="-81.541527">
<ele>252</ele>
<time>2026-07-21T03:34:53Z</time></trkpt>
<trkpt lat="41.221948" lon="-81.54148">
<ele>253</ele>
<time>2026-07-21T03:34:56Z</time></trkpt>
<trkpt lat="41.221834" lon="-81.541302">
<ele>255</ele>
<time>2026-07-21T03:35:04Z</time></trkpt>
<trkpt lat="41.221764" lon="-81.541124">
<ele>256</ele>
<time>2026-07-21T03:35:11Z</time></trkpt>
<trkpt lat="41.221609" lon="-81.540933">
<ele>259</ele>
<time>2026-07-21T03:35:21Z</time></trkpt>
<trkpt lat="41.221532" lon="-81.540789">
<ele>259</ele>
<time>2026-07-21T03:35:27Z</time></trkpt>
<trkpt lat="41.221446" lon="-81.540698">
<ele>260</ele>
<time>2026-07-21T03:35:32Z</time></trkpt>
<trkpt lat="41.221345" lon="-81.540543">
<ele>261</ele>
<time>2026-07-21T03:35:39Z</time></trkpt>
<trkpt lat="41.2214667" lon="-81.5404519">
<ele>260</ele>
<time>2026-07-21T03:35:46Z</time></trkpt>
<trkpt lat="41.221345" lon="-81.540543">
<ele>261</ele>
<time>2026-07-21T03:35:52Z</time></trkpt>
<trkpt lat="41.221272" lon="-81.540514">
<ele>261</ele>
<time>2026-07-21T03:35:55Z</time></trkpt>
<trkpt lat="41.221137" lon="-81.5405">
<ele>261</ele>
<time>2026-07-21T03:36:02Z</time></trkpt>
<trkpt lat="41.221006" lon="-81.540437">
<ele>262</ele>
<time>2026-07-21T03:36:08Z</time></trkpt>
<trkpt lat="41.220639" lon="-81.540392">
<ele>263</ele>
<time>2026-07-21T03:36:25Z</time></trkpt>
<trkpt lat="41.220591" lon="-81.540359">
<ele>263</ele>
<time>2026-07-21T03:36:28Z</time></trkpt>
<trkpt lat="41.220551" lon="-81.540278">
<ele>263</ele>
<time>2026-07-21T03:36:31Z</time></trkpt>
<trkpt lat="41.220534" lon="-81.54009">
<ele>263</ele>
<time>2026-07-21T03:36:37Z</time></trkpt>
<trkpt lat="41.220501" lon="-81.539933">
<ele>262</ele>
<time>2026-07-21T03:36:43Z</time></trkpt>
<trkpt lat="41.220444" lon="-81.539803">
<ele>261</ele>
<time>2026-07-21T03:36:48Z</time></trkpt>
<trkpt lat="41.220196" lon="-81.539523">
<ele>261</ele>
<time>2026-07-21T03:37:01Z</time></trkpt>
<trkpt lat="41.220153" lon="-81.539414">
<ele>262</ele>
<time>2026-07-21T03:37:05Z</time></trkpt>
<trkpt lat="41.220147" lon="-81.539276">
<ele>262</ele>
<time>2026-07-21T03:37:08Z</time></trkpt>
<trkpt lat="41.220182" lon="-81.539147">
<ele>261</ele>
<time>2026-07-21T03:37:12Z</time></trkpt>
<trkpt lat="41.220184" lon="-81.539045">
<ele>261</ele>
<time>2026-07-21T03:37:15Z</time></trkpt>
<trkpt lat="41.220081" lon="-81.538622">
<ele>262</ele>
<time>2026-07-21T03:37:27Z</time></trkpt>
<trkpt lat="41.219981" lon="-81.538291">
<ele>263</ele>
<time>2026-07-21T03:37:37Z</time></trkpt>
<trkpt lat="41.219919" lon="-81.538144">
<ele>262</ele>
<time>2026-07-21T03:37:42Z</time></trkpt>
<trkpt lat="41.219847" lon="-81.538087">
<ele>263</ele>
<time>2026-07-21T03:37:45Z</time></trkpt>
<trkpt lat="41.219277" lon="-81.537943">
<ele>264</ele>
<time>2026-07-21T03:38:06Z</time></trkpt>
<trkpt lat="41.219221" lon="-81.537906">
<ele>264</ele>
<time>2026-07-21T03:38:08Z</time></trkpt>
<trkpt lat="41.219095" lon="-81.537762">
<ele>264</ele>
<time>2026-07-21T03:38:14Z</time></trkpt>
<trkpt lat="41.218961" lon="-81.537664">
<ele>264</ele>
<time>2026-07-21T03:38:20Z</time></trkpt>
<trkpt lat="41.21886" lon="-81.537631">
<ele>265</ele>
<time>2026-07-21T03:38:24Z</time></trkpt>
<trkpt lat="41.218748" lon="-81.537646">
<ele>265</ele>
<time>2026-07-21T03:38:28Z</time></trkpt>
<trkpt lat="41.218673" lon="-81.53763">
<ele>265</ele>
<time>2026-07-21T03:38:30Z</time></trkpt>
<trkpt lat="41.218394" lon="-81.537435">
<ele>265</ele>
<time>2026-07-21T03:38:42Z</time></trkpt>
<trkpt lat="41.218268" lon="-81.537421">
<ele>267</ele>
<time>2026-07-21T03:38:47Z</time></trkpt>
<trkpt lat="41.21814" lon="-81.537335">
<ele>267</ele>
<time>2026-07-21T03:38:52Z</time></trkpt>
<trkpt lat="41.217986" lon="-81.537262">
<ele>269</ele>
<time>2026-07-21T03:38:58Z</time></trkpt>
<trkpt lat="41.217965" lon="-81.537219">
<ele>269</ele>
<time>2026-07-21T03:38:59Z</time></trkpt>
<trkpt lat="41.217922" lon="-81.536934">
<ele>269</ele>
<time>2026-07-21T03:39:08Z</time></trkpt>
<trkpt lat="41.217892" lon="-81.536867">
<ele>269</ele>
<time>2026-07-21T03:39:10Z</time></trkpt>
<trkpt lat="41.217709" lon="-81.536643">
<ele>268</ele>
<time>2026-07-21T03:39:19Z</time></trkpt>
<trkpt lat="41.217582" lon="-81.536576">
<ele>269</ele>
<time>2026-07-21T03:39:24Z</time></trkpt>
<trkpt lat="41.217516" lon="-81.53651">
<ele>269</ele>
<time>2026-07-21T03:39:27Z</time></trkpt>
<trkpt lat="41.217354" lon="-81.536214">
<ele>268</ele>
<time>2026-07-21T03:39:38Z</time></trkpt>
<trkpt lat="41.217335" lon="-81.536143">
<ele>268</ele>
<time>2026-07-21T03:39:40Z</time></trkpt>
<trkpt lat="41.217338" lon="-81.536055">
<ele>268</ele>
<time>2026-07-21T03:39:42Z</time></trkpt>
<trkpt lat="41.217444" lon="-81.535772">
<ele>266</ele>
<time>2026-07-21T03:39:51Z</time></trkpt>
<trkpt lat="41.217448" lon="-81.535687">
<ele>266</ele>
<time>2026-07-21T03:39:53Z</time></trkpt>
<trkpt lat="41.217331" lon="-81.535254">
<ele>269</ele>
<time>2026-07-21T03:40:06Z</time></trkpt>
<trkpt lat="41.217287" lon="-81.535129">
<ele>269</ele>
<time>2026-07-21T03:40:10Z</time></trkpt>
<trkpt lat="41.217175" lon="-81.534976">
<ele>269</ele>
<time>2026-07-21T03:40:16Z</time></trkpt>
<trkpt lat="41.217022" lon="-81.534607">
<ele>269</ele>
<time>2026-07-21T03:40:28Z</time></trkpt>
<trkpt lat="41.21693" lon="-81.534452">
<ele>270</ele>
<time>2026-07-21T03:40:33Z</time></trkpt>
<trkpt lat="41.216597" lon="-81.534036">
<ele>275</ele>
<time>2026-07-21T03:40:50Z</time></trkpt>
<trkpt lat="41.216509" lon="-81.53378">
<ele>276</ele>
<time>2026-07-21T03:40:57Z</time></trkpt>
<trkpt lat="41.216508" lon="-81.5337">
<ele>276</ele>
<time>2026-07-21T03:40:59Z</time></trkpt>
<trkpt lat="41.216575" lon="-81.533347">
<ele>274</ele>
<time>2026-07-21T03:41:09Z</time></trkpt>
<trkpt lat="41.216523" lon="-81.532956">
<ele>274</ele>
<time>2026-07-21T03:41:20Z</time></trkpt>
<trkpt lat="41.21648" lon="-81.532872">
<ele>273</ele>
<time>2026-07-21T03:41:23Z</time></trkpt>
<trkpt lat="41.216143" lon="-81.532461">
<ele>263</ele>
<time>2026-07-21T03:41:39Z</time></trkpt>
<trkpt lat="41.216019" lon="-81.532326">
<ele>263</ele>
<time>2026-07-21T03:41:45Z</time></trkpt>
<trkpt lat="41.215926" lon="-81.532224">
<ele>265</ele>
<time>2026-07-21T03:41:49Z</time></trkpt>
<trkpt lat="41.215926" lon="-81.532224">
<ele>265</ele>
<time>2026-07-21T03:41:49Z</time></trkpt>
<trkpt lat="41.215822" lon="-81.53211">
<ele>266</ele>
<time>2026-07-21T03:41:54Z</time></trkpt>
<trkpt lat="41.215792" lon="-81.532046">
<ele>266</ele>
<time>2026-07-21T03:41:56Z</time></trkpt>
<trkpt lat="41.215641" lon="-81.532047">
<ele>269</ele>
<time>2026-07-21T03:42:01Z</time></trkpt>
<trkpt lat="41.215363" lon="-81.532001">
<ele>271</ele>
<time>2026-07-21T03:42:11Z</time></trkpt>
<trkpt lat="41.215363" lon="-81.532001">
<ele>271</ele>
<time>2026-07-21T03:42:11Z</time></trkpt>
<trkpt lat="41.215176" lon="-81.53197">
<ele>273</ele>
<time>2026-07-21T03:42:18Z</time></trkpt>
<trkpt lat="41.2151758" lon="-81.5319711">
<ele>273</ele>
<time>2026-07-21T03:42:18Z</time></trkpt>
<trkpt lat="41.2148006" lon="-81.5318397">
<ele>275</ele>
<time>2026-07-21T03:42:32Z</time></trkpt>
<trkpt lat="41.2145988" lon="-81.5315822">
<ele>274</ele>
<time>2026-07-21T03:42:42Z</time></trkpt>
<trkpt lat="41.2144576" lon="-81.5314293">
<ele>273</ele>
<time>2026-07-21T03:42:48Z</time></trkpt>
<trkpt lat="41.2144354" lon="-81.5311906">
<ele>272</ele>
<time>2026-07-21T03:42:55Z</time></trkpt>
<trkpt lat="41.2143547" lon="-81.5310243">
<ele>272</ele>
<time>2026-07-21T03:43:00Z</time></trkpt>
<trkpt lat="41.2143062" lon="-81.5309063">
<ele>272</ele>
<time>2026-07-21T03:43:03Z</time></trkpt>
<trkpt lat="41.2141852" lon="-81.5308365">
<ele>274</ele>
<time>2026-07-21T03:43:08Z</time></trkpt>
<trkpt lat="41.2140298" lon="-81.5309063">
<ele>273</ele>
<time>2026-07-21T03:43:14Z</time></trkpt>
<trkpt lat="41.2138139" lon="-81.5310162">
<ele>273</ele>
<time>2026-07-21T03:43:22Z</time></trkpt>
<trkpt lat="41.2136565" lon="-81.5309921">
<ele>272</ele>
<time>2026-07-21T03:43:28Z</time></trkpt>
<trkpt lat="41.213567" lon="-81.530931">
<ele>272</ele>
<time>2026-07-21T03:43:32Z</time></trkpt>
<trkpt lat="41.212638" lon="-81.530581">
<ele>275</ele>
<time>2026-07-21T03:44:06Z</time></trkpt>
<trkpt lat="41.212261" lon="-81.530353">
<ele>274</ele>
<time>2026-07-21T03:44:19Z</time></trkpt>
<trkpt lat="41.211181" lon="-81.529334">
<ele>276</ele>
<time>2026-07-21T03:45:03Z</time></trkpt>
<trkpt lat="41.21099" lon="-81.529236">
<ele>275</ele>
<time>2026-07-21T03:45:09Z</time></trkpt>
<trkpt lat="41.210803" lon="-81.528857">
<ele>275</ele>
<time>2026-07-21T03:45:20Z</time></trkpt>
<trkpt lat="41.210737" lon="-81.52879">
<ele>275</ele>
<time>2026-07-21T03:45:23Z</time></trkpt>
<trkpt lat="41.210678" lon="-81.528762">
<ele>276</ele>
<time>2026-07-21T03:45:25Z</time></trkpt>
<trkpt lat="41.210678" lon="-81.528762">
<ele>276</ele>
<time>2026-07-21T03:45:25Z</time></trkpt>
<trkpt lat="41.210418" lon="-81.528637">
<ele>275</ele>
<time>2026-07-21T03:45:34Z</time></trkpt>
<trkpt lat="41.21037" lon="-81.52858">
<ele>275</ele>
<time>2026-07-21T03:45:36Z</time></trkpt>
<trkpt lat="41.210342" lon="-81.528514">
<ele>275</ele>
<time>2026-07-21T03:45:38Z</time></trkpt>
<trkpt lat="41.210305" lon="-81.528225">
<ele>275</ele>
<time>2026-07-21T03:45:46Z</time></trkpt>
<trkpt lat="41.210271" lon="-81.528119">
<ele>275</ele>
<time>2026-07-21T03:45:50Z</time></trkpt>
<trkpt lat="41.209686" lon="-81.527136">
<ele>278</ele>
<time>2026-07-21T03:46:26Z</time></trkpt>
<trkpt lat="41.209424" lon="-81.526751">
<ele>278</ele>
<time>2026-07-21T03:46:40Z</time></trkpt>
<trkpt lat="41.209116" lon="-81.526225">
<ele>279</ele>
<time>2026-07-21T03:46:59Z</time></trkpt>
<trkpt lat="41.208989" lon="-81.526423">
<ele>280</ele>
<time>2026-07-21T03:47:07Z</time></trkpt>
<trkpt lat="41.208808" lon="-81.526557">
<ele>281</ele>
<time>2026-07-21T03:47:15Z</time></trkpt>
<trkpt lat="41.208767" lon="-81.52656">
<ele>281</ele>
<time>2026-07-21T03:47:16Z</time></trkpt>
<trkpt lat="41.208702" lon="-81.526531">
<ele>281</ele>
<time>2026-07-21T03:47:19Z</time></trkpt>
<trkpt lat="41.208641" lon="-81.526521">
<ele>281</ele>
<time>2026-07-21T03:47:21Z</time></trkpt>
<trkpt lat="41.208559" lon="-81.526557">
<ele>281</ele>
<time>2026-07-21T03:47:25Z</time></trkpt>
<trkpt lat="41.208422" lon="-81.52648">
<ele>281</ele>
<time>2026-07-21T03:47:30Z</time></trkpt>
<trkpt lat="41.208264" lon="-81.526432">
<ele>280</ele>
<time>2026-07-21T03:47:36Z</time></trkpt>
<trkpt lat="41.208103" lon="-81.526341">
<ele>280</ele>
<time>2026-07-21T03:47:42Z</time></trkpt>
<trkpt lat="41.207851" lon="-81.526263">
<ele>275</ele>
<time>2026-07-21T03:47:50Z</time></trkpt>
<trkpt lat="41.20776" lon="-81.526139">
<ele>272</ele>
<time>2026-07-21T03:47:55Z</time></trkpt>
<trkpt lat="41.207635" lon="-81.525737">
<ele>271</ele>
<time>2026-07-21T03:48:06Z</time></trkpt>
<trkpt lat="41.20757" lon="-81.525615">
<ele>269</ele>
<time>2026-07-21T03:48:09Z</time></trkpt>
<trkpt lat="41.207505" lon="-81.525598">
<ele>266</ele>
<time>2026-07-21T03:48:12Z</time></trkpt>
<trkpt lat="41.207422" lon="-81.525626">
<ele>265</ele>
<time>2026-07-21T03:48:14Z</time></trkpt>
<trkpt lat="41.207355" lon="-81.525687">
<ele>265</ele>
<time>2026-07-21T03:48:17Z</time></trkpt>
<trkpt lat="41.207284" lon="-81.525809">
<ele>264</ele>
<time>2026-07-21T03:48:21Z</time></trkpt>
<trkpt lat="41.207195" lon="-81.525858">
<ele>265</ele>
<time>2026-07-21T03:48:24Z</time></trkpt>
<trkpt lat="41.207033" lon="-81.52585">
<ele>266</ele>
<time>2026-07-21T03:48:30Z</time></trkpt>
<trkpt lat="41.206889" lon="-81.52579">
<ele>267</ele>
<time>2026-07-21T03:48:35Z</time></trkpt>
<trkpt lat="41.206804" lon="-81.525792">
<ele>268</ele>
<time>2026-07-21T03:48:37Z</time></trkpt>
<trkpt lat="41.206604" lon="-81.52584">
<ele>270</ele>
<time>2026-07-21T03:48:44Z</time></trkpt>
<trkpt lat="41.206579" lon="-81.525808">
<ele>271</ele>
<time>2026-07-21T03:48:45Z</time></trkpt>
<trkpt lat="41.206582" lon="-81.525704">
<ele>273</ele>
<time>2026-07-21T03:48:48Z</time></trkpt>
<trkpt lat="41.206665" lon="-81.525603">
<ele>273</ele>
<time>2026-07-21T03:48:52Z</time></trkpt>
<trkpt lat="41.206683" lon="-81.525529">
<ele>273</ele>
<time>2026-07-21T03:48:54Z</time></trkpt>
<trkpt lat="41.206629" lon="-81.525432">
<ele>274</ele>
<time>2026-07-21T03:48:57Z</time></trkpt>
<trkpt lat="41.2066" lon="-81.525298">
<ele>274</ele>
<time>2026-07-21T03:49:00Z</time></trkpt>
<trkpt lat="41.206562" lon="-81.525214">
<ele>275</ele>
<time>2026-07-21T03:49:03Z</time></trkpt>
<trkpt lat="41.206332" lon="-81.524985">
<ele>280</ele>
<time>2026-07-21T03:49:12Z</time></trkpt>
<trkpt lat="41.206289" lon="-81.524985">
<ele>280</ele>
<time>2026-07-21T03:49:14Z</time></trkpt>
<trkpt lat="41.206232" lon="-81.525025">
<ele>281</ele>
<time>2026-07-21T03:49:17Z</time></trkpt>
<trkpt lat="41.206032" lon="-81.525306">
<ele>281</ele>
<time>2026-07-21T03:49:29Z</time></trkpt>
<trkpt lat="41.205997" lon="-81.52533">
<ele>281</ele>
<time>2026-07-21T03:49:31Z</time></trkpt>
<trkpt lat="41.205879" lon="-81.525328">
<ele>281</ele>
<time>2026-07-21T03:49:36Z</time></trkpt>
<trkpt lat="41.205792" lon="-81.525385">
<ele>281</ele>
<time>2026-07-21T03:49:40Z</time></trkpt>
<trkpt lat="41.205753" lon="-81.525361">
<ele>281</ele>
<time>2026-07-21T03:49:42Z</time></trkpt>
<trkpt lat="41.205691" lon="-81.525215">
<ele>282</ele>
<time>2026-07-21T03:49:47Z</time></trkpt>
<trkpt lat="41.205645" lon="-81.525178">
<ele>282</ele>
<time>2026-07-21T03:49:49Z</time></trkpt>
<trkpt lat="41.205612" lon="-81.525177">
<ele>282</ele>
<time>2026-07-21T03:49:51Z</time></trkpt>
<trkpt lat="41.205581" lon="-81.525204">
<ele>281</ele>
<time>2026-07-21T03:49:52Z</time></trkpt>
<trkpt lat="41.205546" lon="-81.525341">
<ele>281</ele>
<time>2026-07-21T03:49:57Z</time></trkpt>
<trkpt lat="41.205559" lon="-81.525639">
<ele>281</ele>
<time>2026-07-21T03:50:06Z</time></trkpt>
<trkpt lat="41.205534" lon="-81.52568">
<ele>281</ele>
<time>2026-07-21T03:50:08Z</time></trkpt>
<trkpt lat="41.205481" lon="-81.52569">
<ele>281</ele>
<time>2026-07-21T03:50:10Z</time></trkpt>
<trkpt lat="41.205028" lon="-81.525379">
<ele>287</ele>
<time>2026-07-21T03:50:31Z</time></trkpt>
<trkpt lat="41.204924" lon="-81.525282">
<ele>288</ele>
<time>2026-07-21T03:50:37Z</time></trkpt>
<trkpt lat="41.204643" lon="-81.524954">
<ele>289</ele>
<time>2026-07-21T03:50:53Z</time></trkpt>
<trkpt lat="41.204414" lon="-81.524742">
<ele>290</ele>
<time>2026-07-21T03:51:04Z</time></trkpt>
<trkpt lat="41.204297" lon="-81.524593">
<ele>290</ele>
<time>2026-07-21T03:51:11Z</time></trkpt>
<trkpt lat="41.204157" lon="-81.524329">
<ele>292</ele>
<time>2026-07-21T03:51:20Z</time></trkpt>
<trkpt lat="41.204113" lon="-81.524127">
<ele>293</ele>
<time>2026-07-21T03:51:25Z</time></trkpt>
<trkpt lat="41.204135" lon="-81.523907">
<ele>294</ele>
<time>2026-07-21T03:51:30Z</time></trkpt>
<trkpt lat="41.204152" lon="-81.523441">
<ele>296</ele>
<time>2026-07-21T03:51:41Z</time></trkpt>
<trkpt lat="41.204123" lon="-81.523318">
<ele>296</ele>
<time>2026-07-21T03:51:44Z</time></trkpt>
<trkpt lat="41.204068" lon="-81.523288">
<ele>296</ele>
<time>2026-07-21T03:51:46Z</time></trkpt>
<trkpt lat="41.203487" lon="-81.52334">
<ele>296</ele>
<time>2026-07-21T03:52:04Z</time></trkpt>
<trkpt lat="41.203251" lon="-81.523295">
<ele>296</ele>
<time>2026-07-21T03:52:12Z</time></trkpt>
<trkpt lat="41.203124" lon="-81.523313">
<ele>297</ele>
<time>2026-07-21T03:52:16Z</time></trkpt>
<trkpt lat="41.203106" lon="-81.523346">
<ele>297</ele>
<time>2026-07-21T03:52:17Z</time></trkpt>
<trkpt lat="41.203108" lon="-81.523398">
<ele>296</ele>
<time>2026-07-21T03:52:18Z</time></trkpt>
<trkpt lat="41.203108" lon="-81.523398">
<ele>296</ele>
<time>2026-07-21T03:52:18Z</time></trkpt>
<trkpt lat="41.203175" lon="-81.523563">
<ele>294</ele>
<time>2026-07-21T03:52:23Z</time></trkpt>
<trkpt lat="41.203171" lon="-81.52364">
<ele>294</ele>
<time>2026-07-21T03:52:24Z</time></trkpt>
<trkpt lat="41.203094" lon="-81.523837">
<ele>292</ele>
<time>2026-07-21T03:52:30Z</time></trkpt>
<trkpt lat="41.203099" lon="-81.523924">
<ele>291</ele>
<time>2026-07-21T03:52:32Z</time></trkpt>
<trkpt lat="41.203151" lon="-81.524087">
<ele>290</ele>
<time>2026-07-21T03:52:36Z</time></trkpt>
<trkpt lat="41.203219" lon="-81.52419">
<ele>288</ele>
<time>2026-07-21T03:52:39Z</time></trkpt>
<trkpt lat="41.203389" lon="-81.524245">
<ele>287</ele>
<time>2026-07-21T03:52:45Z</time></trkpt>
<trkpt lat="41.203437" lon="-81.524274">
<ele>286</ele>
<time>2026-07-21T03:52:46Z</time></trkpt>
<trkpt lat="41.203467" lon="-81.52432">
<ele>285</ele>
<time>2026-07-21T03:52:48Z</time></trkpt>
<trkpt lat="41.203494" lon="-81.524471">
<ele>283</ele>
<time>2026-07-21T03:52:52Z</time></trkpt>
<trkpt lat="41.203497" lon="-81.524648">
<ele>280</ele>
<time>2026-07-21T03:52:56Z</time></trkpt>
<trkpt lat="41.203427" lon="-81.524742">
<ele>280</ele>
<time>2026-07-21T03:53:00Z</time></trkpt>
<trkpt lat="41.203161" lon="-81.524687">
<ele>283</ele>
<time>2026-07-21T03:53:09Z</time></trkpt>
<trkpt lat="41.203094" lon="-81.524714">
<ele>284</ele>
<time>2026-07-21T03:53:11Z</time></trkpt>
<trkpt lat="41.203026" lon="-81.524774">
<ele>286</ele>
<time>2026-07-21T03:53:14Z</time></trkpt>
<trkpt lat="41.203003" lon="-81.524824">
<ele>287</ele>
<time>2026-07-21T03:53:16Z</time></trkpt>
<trkpt lat="41.203029" lon="-81.524858">
<ele>287</ele>
<time>2026-07-21T03:53:17Z</time></trkpt>
<trkpt lat="41.203199" lon="-81.524913">
<ele>286</ele>
<time>2026-07-21T03:53:23Z</time></trkpt>
<trkpt lat="41.203244" lon="-81.524949">
<ele>287</ele>
<time>2026-07-21T03:53:25Z</time></trkpt>
<trkpt lat="41.203267" lon="-81.525002">
<ele>287</ele>
<time>2026-07-21T03:53:27Z</time></trkpt>
<trkpt lat="41.20326" lon="-81.525044">
<ele>288</ele>
<time>2026-07-21T03:53:28Z</time></trkpt>
<trkpt lat="41.20318" lon="-81.525107">
<ele>288</ele>
<time>2026-07-21T03:53:31Z</time></trkpt>
<trkpt lat="41.203093" lon="-81.525213">
<ele>289</ele>
<time>2026-07-21T03:53:35Z</time></trkpt>
<trkpt lat="41.203052" lon="-81.525332">
<ele>290</ele>
<time>2026-07-21T03:53:39Z</time></trkpt>
<trkpt lat="41.203037" lon="-81.525419">
<ele>290</ele>
<time>2026-07-21T03:53:41Z</time></trkpt>
<trkpt lat="41.203025" lon="-81.526102">
<ele>292</ele>
<time>2026-07-21T03:53:59Z</time></trkpt>
<trkpt lat="41.203013" lon="-81.526197">
<ele>292</ele>
<time>2026-07-21T03:54:01Z</time></trkpt>
<trkpt lat="41.202983" lon="-81.526264">
<ele>293</ele>
<time>2026-07-21T03:54:03Z</time></trkpt>
<trkpt lat="41.202941" lon="-81.526307">
<ele>293</ele>
<time>2026-07-21T03:54:05Z</time></trkpt>
<trkpt lat="41.202806" lon="-81.526341">
<ele>292</ele>
<time>2026-07-21T03:54:10Z</time></trkpt>
<trkpt lat="41.202363" lon="-81.526291">
<ele>288</ele>
<time>2026-07-21T03:54:26Z</time></trkpt>
<trkpt lat="41.202312" lon="-81.526323">
<ele>287</ele>
<time>2026-07-21T03:54:28Z</time></trkpt>
<trkpt lat="41.202294" lon="-81.526372">
<ele>286</ele>
<time>2026-07-21T03:54:29Z</time></trkpt>
<trkpt lat="41.202316" lon="-81.526454">
<ele>286</ele>
<time>2026-07-21T03:54:31Z</time></trkpt>
<trkpt lat="41.202484" lon="-81.526713">
<ele>286</ele>
<time>2026-07-21T03:54:40Z</time></trkpt>
<trkpt lat="41.202688" lon="-81.526984">
<ele>285</ele>
<time>2026-07-21T03:54:49Z</time></trkpt>
<trkpt lat="41.202987" lon="-81.52728">
<ele>283</ele>
<time>2026-07-21T03:55:02Z</time></trkpt>
<trkpt lat="41.203014" lon="-81.527381">
<ele>283</ele>
<time>2026-07-21T03:55:05Z</time></trkpt>
<trkpt lat="41.203021" lon="-81.52747">
<ele>282</ele>
<time>2026-07-21T03:55:07Z</time></trkpt>
<trkpt lat="41.20302" lon="-81.527722">
<ele>280</ele>
<time>2026-07-21T03:55:13Z</time></trkpt>
<trkpt lat="41.203023" lon="-81.527848">
<ele>280</ele>
<time>2026-07-21T03:55:16Z</time></trkpt>
<trkpt lat="41.203043" lon="-81.527959">
<ele>280</ele>
<time>2026-07-21T03:55:19Z</time></trkpt>
<trkpt lat="41.20328" lon="-81.528653">
<ele>283</ele>
<time>2026-07-21T03:55:38Z</time></trkpt>
<trkpt lat="41.203337" lon="-81.528776">
<ele>283</ele>
<time>2026-07-21T03:55:42Z</time></trkpt>
<trkpt lat="41.203471" lon="-81.528943">
<ele>283</ele>
<time>2026-07-21T03:55:48Z</time></trkpt>
<trkpt lat="41.203751" lon="-81.529156">
<ele>285</ele>
<time>2026-07-21T03:55:59Z</time></trkpt>
<trkpt lat="41.20402" lon="-81.529481">
<ele>286</ele>
<time>2026-07-21T03:56:11Z</time></trkpt>
<trkpt lat="41.204344" lon="-81.530018">
<ele>283</ele>
<time>2026-07-21T03:56:26Z</time></trkpt>
<trkpt lat="41.204344" lon="-81.530018">
<ele>283</ele>
<time>2026-07-21T03:56:26Z</time></trkpt>
<trkpt lat="41.20451" lon="-81.530251">
<ele>284</ele>
<time>2026-07-21T03:56:33Z</time></trkpt>
<trkpt lat="41.204555" lon="-81.530377">
<ele>284</ele>
<time>2026-07-21T03:56:36Z</time></trkpt>
<trkpt lat="41.204711" lon="-81.530697">
<ele>284</ele>
<time>2026-07-21T03:56:44Z</time></trkpt>
<trkpt lat="41.204929" lon="-81.531105">
<ele>284</ele>
<time>2026-07-21T03:56:55Z</time></trkpt>
<trkpt lat="41.205027" lon="-81.531222">
<ele>285</ele>
<time>2026-07-21T03:56:59Z</time></trkpt>
<trkpt lat="41.205143" lon="-81.531325">
<ele>284</ele>
<time>2026-07-21T03:57:03Z</time></trkpt>
<trkpt lat="41.20518" lon="-81.531408">
<ele>284</ele>
<time>2026-07-21T03:57:05Z</time></trkpt>
<trkpt lat="41.205214" lon="-81.531692">
<ele>283</ele>
<time>2026-07-21T03:57:12Z</time></trkpt>
<trkpt lat="41.205033" lon="-81.531754">
<ele>283</ele>
<time>2026-07-21T03:57:17Z</time></trkpt>
<trkpt lat="41.204903" lon="-81.531695">
<ele>281</ele>
<time>2026-07-21T03:57:21Z</time></trkpt>
<trkpt lat="41.204875" lon="-81.531708">
<ele>280</ele>
<time>2026-07-21T03:57:22Z</time></trkpt>
<trkpt lat="41.204779" lon="-81.531813">
<ele>278</ele>
<time>2026-07-21T03:57:26Z</time></trkpt>
<trkpt lat="41.204635" lon="-81.532072">
<ele>274</ele>
<time>2026-07-21T03:57:33Z</time></trkpt>
<trkpt lat="41.204601" lon="-81.532094">
<ele>273</ele>
<time>2026-07-21T03:57:34Z</time></trkpt>
<trkpt lat="41.204543" lon="-81.532052">
<ele>272</ele>
<time>2026-07-21T03:57:36Z</time></trkpt>
<trkpt lat="41.204404" lon="-81.531798">
<ele>270</ele>
<time>2026-07-21T03:57:45Z</time></trkpt>
<trkpt lat="41.204329" lon="-81.531792">
<ele>269</ele>
<time>2026-07-21T03:57:48Z</time></trkpt>
<trkpt lat="41.203898" lon="-81.532157">
<ele>258</ele>
<time>2026-07-21T03:58:09Z</time></trkpt>
<trkpt lat="41.203835" lon="-81.532176">
<ele>258</ele>
<time>2026-07-21T03:58:12Z</time></trkpt>
<trkpt lat="41.203777" lon="-81.532161">
<ele>257</ele>
<time>2026-07-21T03:58:15Z</time></trkpt>
<trkpt lat="41.203724" lon="-81.532111">
<ele>257</ele>
<time>2026-07-21T03:58:17Z</time></trkpt>
<trkpt lat="41.203662" lon="-81.531963">
<ele>256</ele>
<time>2026-07-21T03:58:23Z</time></trkpt>
<trkpt lat="41.203636" lon="-81.531934">
<ele>255</ele>
<time>2026-07-21T03:58:24Z</time></trkpt>
<trkpt lat="41.203515" lon="-81.531908">
<ele>258</ele>
<time>2026-07-21T03:58:29Z</time></trkpt>
<trkpt lat="41.203431" lon="-81.531795">
<ele>259</ele>
<time>2026-07-21T03:58:34Z</time></trkpt>
<trkpt lat="41.203378" lon="-81.531764">
<ele>260</ele>
<time>2026-07-21T03:58:37Z</time></trkpt>
<trkpt lat="41.203283" lon="-81.531749">
<ele>262</ele>
<time>2026-07-21T03:58:41Z</time></trkpt>
<trkpt lat="41.203225" lon="-81.531768">
<ele>264</ele>
<time>2026-07-21T03:58:43Z</time></trkpt>
<trkpt lat="41.203187" lon="-81.531804">
<ele>265</ele>
<time>2026-07-21T03:58:45Z</time></trkpt>
<trkpt lat="41.203173" lon="-81.531859">
<ele>266</ele>
<time>2026-07-21T03:58:47Z</time></trkpt>
<trkpt lat="41.203176" lon="-81.532211">
<ele>267</ele>
<time>2026-07-21T03:58:58Z</time></trkpt>
<trkpt lat="41.203161" lon="-81.532295">
<ele>266</ele>
<time>2026-07-21T03:59:01Z</time></trkpt>
<trkpt lat="41.203126" lon="-81.532358">
<ele>267</ele>
<time>2026-07-21T03:59:03Z</time></trkpt>
<trkpt lat="41.203054" lon="-81.532396">
<ele>270</ele>
<time>2026-07-21T03:59:07Z</time></trkpt>
<trkpt lat="41.203024" lon="-81.532366">
<ele>270</ele>
<time>2026-07-21T03:59:08Z</time></trkpt>
<trkpt lat="41.202968" lon="-81.532234">
<ele>272</ele>
<time>2026-07-21T03:59:13Z</time></trkpt>
<trkpt lat="41.202933" lon="-81.532198">
<ele>273</ele>
<time>2026-07-21T03:59:15Z</time></trkpt>
<trkpt lat="41.202724" lon="-81.532064">
<ele>276</ele>
<time>2026-07-21T03:59:25Z</time></trkpt>
<trkpt lat="41.202634" lon="-81.532019">
<ele>277</ele>
<time>2026-07-21T03:59:29Z</time></trkpt>
<trkpt lat="41.202212" lon="-81.531959">
<ele>283</ele>
<time>2026-07-21T03:59:46Z</time></trkpt>
<trkpt lat="41.201891" lon="-81.531998">
<ele>285</ele>
<time>2026-07-21T03:59:57Z</time></trkpt>
<trkpt lat="41.201712" lon="-81.53205">
<ele>286</ele>
<time>2026-07-21T04:00:03Z</time></trkpt>
<trkpt lat="41.201452" lon="-81.532062">
<ele>288</ele>
<time>2026-07-21T04:00:12Z</time></trkpt>
<trkpt lat="41.200924" lon="-81.532177">
<ele>288</ele>
<time>2026-07-21T04:00:30Z</time></trkpt>
<trkpt lat="41.200872" lon="-81.532206">
<ele>288</ele>
<time>2026-07-21T04:00:32Z</time></trkpt>
<trkpt lat="41.200816" lon="-81.53227">
<ele>288</ele>
<time>2026-07-21T04:00:35Z</time></trkpt>
<trkpt lat="41.20071" lon="-81.532459">
<ele>286</ele>
<time>2026-07-21T04:00:41Z</time></trkpt>
<trkpt lat="41.200632" lon="-81.532541">
<ele>286</ele>
<time>2026-07-21T04:00:44Z</time></trkpt>
<trkpt lat="41.200574" lon="-81.532582">
<ele>285</ele>
<time>2026-07-21T04:00:46Z</time></trkpt>
<trkpt lat="41.200447" lon="-81.532621">
<ele>285</ele>
<time>2026-07-21T04:00:51Z</time></trkpt>
<trkpt lat="41.20024" lon="-81.532605">
<ele>286</ele>
<time>2026-07-21T04:00:58Z</time></trkpt>
<trkpt lat="41.199924" lon="-81.532532">
<ele>285</ele>
<time>2026-07-21T04:01:09Z</time></trkpt>
<trkpt lat="41.199558" lon="-81.532351">
<ele>283</ele>
<time>2026-07-21T04:01:22Z</time></trkpt>
<trkpt lat="41.199483" lon="-81.53236">
<ele>283</ele>
<time>2026-07-21T04:01:25Z</time></trkpt>
<trkpt lat="41.199406" lon="-81.532444">
<ele>282</ele>
<time>2026-07-21T04:01:28Z</time></trkpt>
<trkpt lat="41.199406" lon="-81.532552">
<ele>282</ele>
<time>2026-07-21T04:01:28Z</time></trkpt>
<trkpt lat="41.199533" lon="-81.53282">
<ele>282</ele>
<time>2026-07-21T04:01:36Z</time></trkpt>
<trkpt lat="41.199664" lon="-81.533145">
<ele>282</ele>
<time>2026-07-21T04:01:46Z</time></trkpt>
<trkpt lat="41.199833" lon="-81.533434">
<ele>282</ele>
<time>2026-07-21T04:01:56Z</time></trkpt>
<trkpt lat="41.199889" lon="-81.533497">
<ele>282</ele>
<time>2026-07-21T04:01:58Z</time></trkpt>
<trkpt lat="41.200196" lon="-81.533708">
<ele>282</ele>
<time>2026-07-21T04:02:10Z</time></trkpt>
<trkpt lat="41.20044" lon="-81.533931">
<ele>283</ele>
<time>2026-07-21T04:02:21Z</time></trkpt>
<trkpt lat="41.200475" lon="-81.533977">
<ele>283</ele>
<time>2026-07-21T04:02:22Z</time></trkpt>
<trkpt lat="41.20054" lon="-81.53418">
<ele>285</ele>
<time>2026-07-21T04:02:28Z</time></trkpt>
<trkpt lat="41.200573" lon="-81.534231">
<ele>285</ele>
<time>2026-07-21T04:02:30Z</time></trkpt>
<trkpt lat="41.200726" lon="-81.534372">
<ele>285</ele>
<time>2026-07-21T04:02:36Z</time></trkpt>
<trkpt lat="41.200958" lon="-81.534528">
<ele>285</ele>
<time>2026-07-21T04:02:45Z</time></trkpt>
<trkpt lat="41.201019" lon="-81.534539">
<ele>285</ele>
<time>2026-07-21T04:02:48Z</time></trkpt>
<trkpt lat="41.201147" lon="-81.534496">
<ele>286</ele>
<time>2026-07-21T04:02:52Z</time></trkpt>
<trkpt lat="41.201232" lon="-81.534552">
<ele>286</ele>
<time>2026-07-21T04:02:55Z</time></trkpt>
<trkpt lat="41.201232" lon="-81.534552">
<ele>286</ele>
<time>2026-07-21T04:02:55Z</time></trkpt>
<trkpt lat="41.20133" lon="-81.534616">
<ele>287</ele>
<time>2026-07-21T04:02:59Z</time></trkpt>
<trkpt lat="41.201491" lon="-81.534665">
<ele>286</ele>
<time>2026-07-21T04:03:05Z</time></trkpt>
<trkpt lat="41.201739" lon="-81.534929">
<ele>283</ele>
<time>2026-07-21T04:03:15Z</time></trkpt>
<trkpt lat="41.201971" lon="-81.535231">
<ele>280</ele>
<time>2026-07-21T04:03:26Z</time></trkpt>
<trkpt lat="41.202189" lon="-81.535549">
<ele>280</ele>
<time>2026-07-21T04:03:36Z</time></trkpt>
<trkpt lat="41.202233" lon="-81.535707">
<ele>281</ele>
<time>2026-07-21T04:03:40Z</time></trkpt>
<trkpt lat="41.202216" lon="-81.53614">
<ele>282</ele>
<time>2026-07-21T04:03:50Z</time></trkpt>
<trkpt lat="41.202247" lon="-81.536402">
<ele>282</ele>
<time>2026-07-21T04:03:57Z</time></trkpt>
<trkpt lat="41.202274" lon="-81.536481">
<ele>282</ele>
<time>2026-07-21T04:03:59Z</time></trkpt>
<trkpt lat="41.20234" lon="-81.536523">
<ele>282</ele>
<time>2026-07-21T04:04:01Z</time></trkpt>
<trkpt lat="41.202368" lon="-81.536569">
<ele>282</ele>
<time>2026-07-21T04:04:03Z</time></trkpt>
<trkpt lat="41.202493" lon="-81.536899">
<ele>282</ele>
<time>2026-07-21T04:04:12Z</time></trkpt>
<trkpt lat="41.202598" lon="-81.537046">
<ele>282</ele>
<time>2026-07-21T04:04:16Z</time></trkpt>
<trkpt lat="41.202644" lon="-81.537139">
<ele>282</ele>
<time>2026-07-21T04:04:19Z</time></trkpt>
<trkpt lat="41.202723" lon="-81.537389">
<ele>282</ele>
<time>2026-07-21T04:04:26Z</time></trkpt>
<trkpt lat="41.202765" lon="-81.537624">
<ele>282</ele>
<time>2026-07-21T04:04:31Z</time></trkpt>
<trkpt lat="41.202796" lon="-81.537717">
<ele>281</ele>
<time>2026-07-21T04:04:34Z</time></trkpt>
<trkpt lat="41.202907" lon="-81.537922">
<ele>280</ele>
<time>2026-07-21T04:04:40Z</time></trkpt>
<trkpt lat="41.202971" lon="-81.538201">
<ele>279</ele>
<time>2026-07-21T04:04:46Z</time></trkpt>
<trkpt lat="41.203124" lon="-81.538528">
<ele>278</ele>
<time>2026-07-21T04:04:55Z</time></trkpt>
<trkpt lat="41.203121" lon="-81.538632">
<ele>278</ele>
<time>2026-07-21T04:04:57Z</time></trkpt>
<trkpt lat="41.203084" lon="-81.538683">
<ele>278</ele>
<time>2026-07-21T04:04:59Z</time></trkpt>
<trkpt lat="41.20304" lon="-81.538799">
<ele>277</ele>
<time>2026-07-21T04:05:02Z</time></trkpt>
<trkpt lat="41.203042" lon="-81.538854">
<ele>277</ele>
<time>2026-07-21T04:05:03Z</time></trkpt>
<trkpt lat="41.20315" lon="-81.539027">
<ele>276</ele>
<time>2026-07-21T04:05:08Z</time></trkpt>
<trkpt lat="41.20328" lon="-81.539362">
<ele>276</ele>
<time>2026-07-21T04:05:17Z</time></trkpt>
<trkpt lat="41.203392" lon="-81.539467">
<ele>277</ele>
<time>2026-07-21T04:05:21Z</time></trkpt>
<trkpt lat="41.20352" lon="-81.539687">
<ele>277</ele>
<time>2026-07-21T04:05:27Z</time></trkpt>
<trkpt lat="41.203651" lon="-81.539802">
<ele>277</ele>
<time>2026-07-21T04:05:32Z</time></trkpt>
<trkpt lat="41.203919" lon="-81.540372">
<ele>273</ele>
<time>2026-07-21T04:05:47Z</time></trkpt>
<trkpt lat="41.203969" lon="-81.540508">
<ele>272</ele>
<time>2026-07-21T04:05:50Z</time></trkpt>
<trkpt lat="41.204072" lon="-81.54098">
<ele>269</ele>
<time>2026-07-21T04:06:01Z</time></trkpt>
<trkpt lat="41.204081" lon="-81.541103">
<ele>269</ele>
<time>2026-07-21T04:06:04Z</time></trkpt>
<trkpt lat="41.204055" lon="-81.541528">
<ele>266</ele>
<time>2026-07-21T04:06:13Z</time></trkpt>
<trkpt lat="41.204094" lon="-81.541758">
<ele>266</ele>
<time>2026-07-21T04:06:17Z</time></trkpt>
<trkpt lat="41.204136" lon="-81.541828">
<ele>266</ele>
<time>2026-07-21T04:06:19Z</time></trkpt>
<trkpt lat="41.204374" lon="-81.542033">
<ele>264</ele>
<time>2026-07-21T04:06:26Z</time></trkpt>
<trkpt lat="41.204491" lon="-81.542173">
<ele>262</ele>
<time>2026-07-21T04:06:30Z</time></trkpt>
<trkpt lat="41.204643" lon="-81.542369">
<ele>258</ele>
<time>2026-07-21T04:06:36Z</time></trkpt>
<trkpt lat="41.204704" lon="-81.542496">
<ele>255</ele>
<time>2026-07-21T04:06:39Z</time></trkpt>
<trkpt lat="41.204714" lon="-81.542679">
<ele>253</ele>
<time>2026-07-21T04:06:42Z</time></trkpt>
<trkpt lat="41.204632" lon="-81.542989">
<ele>250</ele>
<time>2026-07-21T04:06:49Z</time></trkpt>
<trkpt lat="41.204593" lon="-81.543082">
<ele>249</ele>
<time>2026-07-21T04:06:51Z</time></trkpt>
<trkpt lat="41.204566" lon="-81.543334">
<ele>243</ele>
<time>2026-07-21T04:06:56Z</time></trkpt>
<trkpt lat="41.20454" lon="-81.543398">
<ele>242</ele>
<time>2026-07-21T04:06:57Z</time></trkpt>
<trkpt lat="41.204471" lon="-81.543465">
<ele>242</ele>
<time>2026-07-21T04:07:00Z</time></trkpt>
<trkpt lat="41.204337" lon="-81.54355">
<ele>241</ele>
<time>2026-07-21T04:07:03Z</time></trkpt>
<trkpt lat="41.204286" lon="-81.543661">
<ele>240</ele>
<time>2026-07-21T04:07:06Z</time></trkpt>
<trkpt lat="41.204407" lon="-81.543962">
<ele>240</ele>
<time>2026-07-21T04:07:13Z</time></trkpt>
<trkpt lat="41.204422" lon="-81.544038">
<ele>240</ele>
<time>2026-07-21T04:07:14Z</time></trkpt>
<trkpt lat="41.204727" lon="-81.54423">
<ele>240</ele>
<time>2026-07-21T04:07:23Z</time></trkpt>
<trkpt lat="41.2049" lon="-81.544187">
<ele>240</ele>
<time>2026-07-21T04:07:28Z</time></trkpt>
<trkpt lat="41.20506" lon="-81.544062">
<ele>239</ele>
<time>2026-07-21T04:07:37Z</time></trkpt>
<trkpt lat="41.205146" lon="-81.54406">
<ele>239</ele>
<time>2026-07-21T04:07:42Z</time></trkpt>
<trkpt lat="41.205174" lon="-81.544078">
<ele>239</ele>
<time>2026-07-21T04:07:43Z</time></trkpt>
<trkpt lat="41.20521" lon="-81.54415">
<ele>239</ele>
<time>2026-07-21T04:07:46Z</time></trkpt>
<trkpt lat="41.205229" lon="-81.544377">
<ele>240</ele>
<time>2026-07-21T04:07:55Z</time></trkpt>
<trkpt lat="41.205317" lon="-81.544579">
<ele>241</ele>
<time>2026-07-21T04:08:03Z</time></trkpt>
<trkpt lat="41.205484" lon="-81.545114">
<ele>243</ele>
<time>2026-07-21T04:08:25Z</time></trkpt>
<trkpt lat="41.205535" lon="-81.545381">
<ele>243</ele>
<time>2026-07-21T04:08:35Z</time></trkpt>
<trkpt lat="41.205517" lon="-81.545512">
<ele>243</ele>
<time>2026-07-21T04:08:40Z</time></trkpt>
<trkpt lat="41.205424" lon="-81.545597">
<ele>244</ele>
<time>2026-07-21T04:08:46Z</time></trkpt>
<trkpt lat="41.20525" lon="-81.545677">
<ele>246</ele>
<time>2026-07-21T04:08:55Z</time></trkpt>
<trkpt lat="41.205205" lon="-81.545668">
<ele>247</ele>
<time>2026-07-21T04:08:57Z</time></trkpt>
<trkpt lat="41.204876" lon="-81.545434">
<ele>252</ele>
<time>2026-07-21T04:09:15Z</time></trkpt>
<trkpt lat="41.204796" lon="-81.545358">
<ele>253</ele>
<time>2026-07-21T04:09:20Z</time></trkpt>
<trkpt lat="41.204624" lon="-81.545275">
<ele>257</ele>
<time>2026-07-21T04:09:29Z</time></trkpt>
<trkpt lat="41.204602" lon="-81.545235">
<ele>257</ele>
<time>2026-07-21T04:09:31Z</time></trkpt>
<trkpt lat="41.204576" lon="-81.545002">
<ele>258</ele>
<time>2026-07-21T04:09:40Z</time></trkpt>
<trkpt lat="41.204542" lon="-81.544949">
<ele>258</ele>
<time>2026-07-21T04:09:42Z</time></trkpt>
<trkpt lat="41.204433" lon="-81.544889">
<ele>259</ele>
<time>2026-07-21T04:09:48Z</time></trkpt>
<trkpt lat="41.204192" lon="-81.544852">
<ele>260</ele>
<time>2026-07-21T04:09:59Z</time></trkpt>
<trkpt lat="41.204102" lon="-81.544903">
<ele>261</ele>
<time>2026-07-21T04:10:04Z</time></trkpt>
<trkpt lat="41.2039" lon="-81.544949">
<ele>264</ele>
<time>2026-07-21T04:10:13Z</time></trkpt>
<trkpt lat="41.203774" lon="-81.545046">
<ele>265</ele>
<time>2026-07-21T04:10:19Z</time></trkpt>
<trkpt lat="41.203709" lon="-81.545129">
<ele>266</ele>
<time>2026-07-21T04:10:23Z</time></trkpt>
<trkpt lat="41.203558" lon="-81.545403">
<ele>269</ele>
<time>2026-07-21T04:10:35Z</time></trkpt>
<trkpt lat="41.203466" lon="-81.545471">
<ele>269</ele>
<time>2026-07-21T04:10:39Z</time></trkpt>
<trkpt lat="41.203366" lon="-81.545505">
<ele>270</ele>
<time>2026-07-21T04:10:44Z</time></trkpt>
<trkpt lat="41.203293" lon="-81.545501">
<ele>271</ele>
<time>2026-07-21T04:10:47Z</time></trkpt>
<trkpt lat="41.20323" lon="-81.545482">
<ele>271</ele>
<time>2026-07-21T04:10:50Z</time></trkpt>
<trkpt lat="41.203112" lon="-81.545407">
<ele>272</ele>
<time>2026-07-21T04:10:56Z</time></trkpt>
<trkpt lat="41.203055" lon="-81.545405">
<ele>272</ele>
<time>2026-07-21T04:10:58Z</time></trkpt>
<trkpt lat="41.203021" lon="-81.545435">
<ele>273</ele>
<time>2026-07-21T04:11:00Z</time></trkpt>
<trkpt lat="41.20295" lon="-81.545776">
<ele>275</ele>
<time>2026-07-21T04:11:12Z</time></trkpt>
<trkpt lat="41.202943" lon="-81.545967">
<ele>277</ele>
<time>2026-07-21T04:11:18Z</time></trkpt>
<trkpt lat="41.202975" lon="-81.546077">
<ele>277</ele>
<time>2026-07-21T04:11:22Z</time></trkpt>
<trkpt lat="41.203011" lon="-81.546125">
<ele>277</ele>
<time>2026-07-21T04:11:25Z</time></trkpt>
<trkpt lat="41.203207" lon="-81.546204">
<ele>277</ele>
<time>2026-07-21T04:11:34Z</time></trkpt>
<trkpt lat="41.203382" lon="-81.546378">
<ele>277</ele>
<time>2026-07-21T04:11:43Z</time></trkpt>
<trkpt lat="41.203679" lon="-81.546615">
<ele>275</ele>
<time>2026-07-21T04:11:59Z</time></trkpt>
<trkpt lat="41.203898" lon="-81.546751">
<ele>273</ele>
<time>2026-07-21T04:12:08Z</time></trkpt>
<trkpt lat="41.204771" lon="-81.54715">
<ele>271</ele>
<time>2026-07-21T04:12:37Z</time></trkpt>
<trkpt lat="41.205191" lon="-81.547411">
<ele>270</ele>
<time>2026-07-21T04:12:51Z</time></trkpt>
<trkpt lat="41.2053" lon="-81.547511">
<ele>270</ele>
<time>2026-07-21T04:12:55Z</time></trkpt>
<trkpt lat="41.205392" lon="-81.547745">
<ele>270</ele>
<time>2026-07-21T04:13:01Z</time></trkpt>
<trkpt lat="41.205453" lon="-81.547974">
<ele>271</ele>
<time>2026-07-21T04:13:07Z</time></trkpt>
<trkpt lat="41.205491" lon="-81.548045">
<ele>271</ele>
<time>2026-07-21T04:13:09Z</time></trkpt>
<trkpt lat="41.205597" lon="-81.548153">
<ele>268</ele>
<time>2026-07-21T04:13:13Z</time></trkpt>
<trkpt lat="41.205847" lon="-81.548185">
<ele>270</ele>
<time>2026-07-21T04:13:21Z</time></trkpt>
<trkpt lat="41.205976" lon="-81.548239">
<ele>269</ele>
<time>2026-07-21T04:13:25Z</time></trkpt>
<trkpt lat="41.206101" lon="-81.548354">
<ele>269</ele>
<time>2026-07-21T04:13:30Z</time></trkpt>
<trkpt lat="41.206289" lon="-81.54864">
<ele>266</ele>
<time>2026-07-21T04:13:39Z</time></trkpt>
<trkpt lat="41.206464" lon="-81.548783">
<ele>264</ele>
<time>2026-07-21T04:13:45Z</time></trkpt>
<trkpt lat="41.206745" lon="-81.548911">
<ele>266</ele>
<time>2026-07-21T04:13:55Z</time></trkpt>
<trkpt lat="41.206745" lon="-81.548911">
<ele>266</ele>
<time>2026-07-21T04:13:55Z</time></trkpt>
<trkpt lat="41.206916" lon="-81.54895">
<ele>266</ele>
<time>2026-07-21T04:14:00Z</time></trkpt>
<trkpt lat="41.207268" lon="-81.549139">
<ele>268</ele>
<time>2026-07-21T04:14:13Z</time></trkpt>
<trkpt lat="41.207341" lon="-81.549197">
<ele>267</ele>
<time>2026-07-21T04:14:15Z</time></trkpt>
<trkpt lat="41.207436" lon="-81.549312">
<ele>266</ele>
<time>2026-07-21T04:14:19Z</time></trkpt>
<trkpt lat="41.207511" lon="-81.54956">
<ele>266</ele>
<time>2026-07-21T04:14:26Z</time></trkpt>
<trkpt lat="41.207539" lon="-81.550037">
<ele>264</ele>
<time>2026-07-21T04:14:37Z</time></trkpt>
<trkpt lat="41.207564" lon="-81.55014">
<ele>264</ele>
<time>2026-07-21T04:14:40Z</time></trkpt>
<trkpt lat="41.207651" lon="-81.550249">
<ele>264</ele>
<time>2026-07-21T04:14:44Z</time></trkpt>
<trkpt lat="41.207885" lon="-81.550401">
<ele>264</ele>
<time>2026-07-21T04:14:52Z</time></trkpt>
<trkpt lat="41.207963" lon="-81.55047">
<ele>264</ele>
<time>2026-07-21T04:14:55Z</time></trkpt>
<trkpt lat="41.208134" lon="-81.550669">
<ele>263</ele>
<time>2026-07-21T04:15:02Z</time></trkpt>
<trkpt lat="41.208293" lon="-81.550786">
<ele>262</ele>
<time>2026-07-21T04:15:08Z</time></trkpt>
<trkpt lat="41.208333" lon="-81.550845">
<ele>262</ele>
<time>2026-07-21T04:15:10Z</time></trkpt>
<trkpt lat="41.208408" lon="-81.551015">
<ele>260</ele>
<time>2026-07-21T04:15:14Z</time></trkpt>
<trkpt lat="41.208715" lon="-81.551572">
<ele>258</ele>
<time>2026-07-21T04:15:28Z</time></trkpt>
<trkpt lat="41.208754" lon="-81.551673">
<ele>257</ele>
<time>2026-07-21T04:15:31Z</time></trkpt>
<trkpt lat="41.208762" lon="-81.55182">
<ele>257</ele>
<time>2026-07-21T04:15:34Z</time></trkpt>
<trkpt lat="41.208749" lon="-81.552019">
<ele>257</ele>
<time>2026-07-21T04:15:38Z</time></trkpt>
<trkpt lat="41.208799" lon="-81.552176">
<ele>257</ele>
<time>2026-07-21T04:15:41Z</time></trkpt>
<trkpt lat="41.208847" lon="-81.552275">
<ele>257</ele>
<time>2026-07-21T04:15:44Z</time></trkpt>
<trkpt lat="41.209016" lon="-81.552471">
<ele>257</ele>
<time>2026-07-21T04:15:50Z</time></trkpt>
<trkpt lat="41.209084" lon="-81.552515">
<ele>257</ele>
<time>2026-07-21T04:15:52Z</time></trkpt>
<trkpt lat="41.209165" lon="-81.552509">
<ele>257</ele>
<time>2026-07-21T04:15:54Z</time></trkpt>
<trkpt lat="41.209305" lon="-81.552362">
<ele>255</ele>
<time>2026-07-21T04:15:59Z</time></trkpt>
<trkpt lat="41.209384" lon="-81.552303">
<ele>253</ele>
<time>2026-07-21T04:16:01Z</time></trkpt>
<trkpt lat="41.209576" lon="-81.552225">
<ele>252</ele>
<time>2026-07-21T04:16:07Z</time></trkpt>
<trkpt lat="41.209748" lon="-81.552177">
<ele>250</ele>
<time>2026-07-21T04:16:12Z</time></trkpt>
<trkpt lat="41.209862" lon="-81.552167">
<ele>249</ele>
<time>2026-07-21T04:16:15Z</time></trkpt>
<trkpt lat="41.209973" lon="-81.552113">
<ele>248</ele>
<time>2026-07-21T04:16:18Z</time></trkpt>
<trkpt lat="41.210102" lon="-81.552085">
<ele>246</ele>
<time>2026-07-21T04:16:21Z</time></trkpt>
<trkpt lat="41.210161" lon="-81.552097">
<ele>245</ele>
<time>2026-07-21T04:16:23Z</time></trkpt>
<trkpt lat="41.210199" lon="-81.552145">
<ele>244</ele>
<time>2026-07-21T04:16:24Z</time></trkpt>
<trkpt lat="41.210206" lon="-81.55222">
<ele>243</ele>
<time>2026-07-21T04:16:26Z</time></trkpt>
<trkpt lat="41.210191" lon="-81.552292">
<ele>242</ele>
<time>2026-07-21T04:16:28Z</time></trkpt>
<trkpt lat="41.20986" lon="-81.552815">
<ele>234</ele>
<time>2026-07-21T04:16:42Z</time></trkpt>
<trkpt lat="41.209837" lon="-81.552887">
<ele>233</ele>
<time>2026-07-21T04:16:44Z</time></trkpt>
<trkpt lat="41.209849" lon="-81.552969">
<ele>232</ele>
<time>2026-07-21T04:16:46Z</time></trkpt>
<trkpt lat="41.209883" lon="-81.553012">
<ele>230</ele>
<time>2026-07-21T04:16:47Z</time></trkpt>
<trkpt lat="41.20994" lon="-81.553034">
<ele>228</ele>
<time>2026-07-21T04:16:49Z</time></trkpt>
<trkpt lat="41.21008" lon="-81.553049">
<ele>225</ele>
<time>2026-07-21T04:16:53Z</time></trkpt>
<trkpt lat="41.21016" lon="-81.553085">
<ele>225</ele>
<time>2026-07-21T04:16:55Z</time></trkpt>
<trkpt lat="41.210319" lon="-81.55322">
<ele>224</ele>
<time>2026-07-21T04:17:01Z</time></trkpt>
<trkpt lat="41.210452" lon="-81.55338">
<ele>224</ele>
<time>2026-07-21T04:17:06Z</time></trkpt>
<trkpt lat="41.210569" lon="-81.553556">
<ele>222</ele>
<time>2026-07-21T04:17:11Z</time></trkpt>
<trkpt lat="41.210639" lon="-81.553697">
<ele>222</ele>
<time>2026-07-21T04:17:15Z</time></trkpt>
<trkpt lat="41.210697" lon="-81.553885">
<ele>221</ele>
<time>2026-07-21T04:17:20Z</time></trkpt>
<trkpt lat="41.210732" lon="-81.553922">
<ele>221</ele>
<time>2026-07-21T04:17:21Z</time></trkpt>
<trkpt lat="41.21072" lon="-81.554031">
<ele>221</ele>
<time>2026-07-21T04:17:23Z</time></trkpt>
<trkpt lat="41.210697" lon="-81.55408">
<ele>221</ele>
<time>2026-07-21T04:17:24Z</time></trkpt>
<trkpt lat="41.210511" lon="-81.554242">
<ele>222</ele>
<time>2026-07-21T04:17:31Z</time></trkpt>
<trkpt lat="41.210468" lon="-81.554333">
<ele>223</ele>
<time>2026-07-21T04:17:33Z</time></trkpt>
<trkpt lat="41.210371" lon="-81.555055">
<ele>224</ele>
<time>2026-07-21T04:17:49Z</time></trkpt>
<trkpt lat="41.210662" lon="-81.555651">
<ele>223</ele>
<time>2026-07-21T04:18:06Z</time></trkpt>
<trkpt lat="41.210702" lon="-81.555786">
<ele>224</ele>
<time>2026-07-21T04:18:09Z</time></trkpt>
<trkpt lat="41.210729" lon="-81.556044">
<ele>224</ele>
<time>2026-07-21T04:18:15Z</time></trkpt>
<trkpt lat="41.21071" lon="-81.556732">
<ele>225</ele>
<time>2026-07-21T04:18:32Z</time></trkpt>
<trkpt lat="41.210725" lon="-81.556879">
<ele>225</ele>
<time>2026-07-21T04:18:35Z</time></trkpt>
<trkpt lat="41.210759" lon="-81.557012">
<ele>224</ele>
<time>2026-07-21T04:18:39Z</time></trkpt>
<trkpt lat="41.210738" lon="-81.557155">
<ele>224</ele>
<time>2026-07-21T04:18:42Z</time></trkpt>
<trkpt lat="41.210728" lon="-81.557247">
<ele>224</ele>
<time>2026-07-21T04:18:45Z</time></trkpt>
<trkpt lat="41.21075" lon="-81.557305">
<ele>224</ele>
<time>2026-07-21T04:18:46Z</time></trkpt>
<trkpt lat="41.210821" lon="-81.557396">
<ele>224</ele>
<time>2026-07-21T04:18:49Z</time></trkpt>
<trkpt lat="41.210867" lon="-81.557504">
<ele>224</ele>
<time>2026-07-21T04:18:52Z</time></trkpt>
<trkpt lat="41.210878" lon="-81.557597">
<ele>224</ele>
<time>2026-07-21T04:18:55Z</time></trkpt>
<trkpt lat="41.210829" lon="-81.557962">
<ele>222</ele>
<time>2026-07-21T04:19:03Z</time></trkpt>
<trkpt lat="41.210824" lon="-81.558057">
<ele>222</ele>
<time>2026-07-21T04:19:06Z</time></trkpt>
<trkpt lat="41.210837" lon="-81.55815">
<ele>221</ele>
<time>2026-07-21T04:19:08Z</time></trkpt>
<trkpt lat="41.210962" lon="-81.558419">
<ele>220</ele>
<time>2026-07-21T04:19:16Z</time></trkpt>
<trkpt lat="41.210986" lon="-81.558528">
<ele>219</ele>
<time>2026-07-21T04:19:18Z</time></trkpt>
<trkpt lat="41.210973" lon="-81.558623">
<ele>219</ele>
<time>2026-07-21T04:19:21Z</time></trkpt>
<trkpt lat="41.210897" lon="-81.55877">
<ele>219</ele>
<time>2026-07-21T04:19:25Z</time></trkpt>
<trkpt lat="41.210946" lon="-81.558982">
<ele>219</ele>
<time>2026-07-21T04:19:30Z</time></trkpt>
<trkpt lat="41.210942" lon="-81.559084">
<ele>219</ele>
<time>2026-07-21T04:19:33Z</time></trkpt>
<trkpt lat="41.210893" lon="-81.559233">
<ele>219</ele>
<time>2026-07-21T04:19:37Z</time></trkpt>
<trkpt lat="41.210769" lon="-81.55937">
<ele>219</ele>
<time>2026-07-21T04:19:42Z</time></trkpt>
<trkpt lat="41.210618" lon="-81.559486">
<ele>219</ele>
<time>2026-07-21T04:19:48Z</time></trkpt>
<trkpt lat="41.21053" lon="-81.559588">
<ele>220</ele>
<time>2026-07-21T04:19:52Z</time></trkpt>
<trkpt lat="41.21053" lon="-81.559588">
<ele>220</ele>
<time>2026-07-21T04:19:52Z</time></trkpt>
<trkpt lat="41.210245" lon="-81.559917">
<ele>220</ele>
<time>2026-07-21T04:20:04Z</time></trkpt>
<trkpt lat="41.209963" lon="-81.560195">
<ele>220</ele>
<time>2026-07-21T04:20:16Z</time></trkpt>
<trkpt lat="41.209839" lon="-81.560356">
<ele>220</ele>
<time>2026-07-21T04:20:22Z</time></trkpt>
<trkpt lat="41.209751" lon="-81.560437">
<ele>220</ele>
<time>2026-07-21T04:20:25Z</time></trkpt>
<trkpt lat="41.209643" lon="-81.560503">
<ele>220</ele>
<time>2026-07-21T04:20:29Z</time></trkpt>
<trkpt lat="41.209323" lon="-81.560603">
<ele>220</ele>
<time>2026-07-21T04:20:40Z</time></trkpt>
<trkpt lat="41.209147" lon="-81.560623">
<ele>220</ele>
<time>2026-07-21T04:20:46Z</time></trkpt>
<trkpt lat="41.209072" lon="-81.560652">
<ele>220</ele>
<time>2026-07-21T04:20:49Z</time></trkpt>
<trkpt lat="41.208749" lon="-81.560894">
<ele>219</ele>
<time>2026-07-21T04:21:01Z</time></trkpt>
<trkpt lat="41.208679" lon="-81.560913">
<ele>219</ele>
<time>2026-07-21T04:21:03Z</time></trkpt>
<trkpt lat="41.208642" lon="-81.560892">
<ele>219</ele>
<time>2026-07-21T04:21:05Z</time></trkpt>
<trkpt lat="41.208612" lon="-81.560806">
<ele>219</ele>
<time>2026-07-21T04:21:07Z</time></trkpt>
<trkpt lat="41.208607" lon="-81.560472">
<ele>219</ele>
<time>2026-07-21T04:21:16Z</time></trkpt>
<trkpt lat="41.208577" lon="-81.560425">
<ele>219</ele>
<time>2026-07-21T04:21:17Z</time></trkpt>
<trkpt lat="41.208477" lon="-81.560425">
<ele>218</ele>
<time>2026-07-21T04:21:20Z</time></trkpt>
<trkpt lat="41.208255" lon="-81.560572">
<ele>217</ele>
<time>2026-07-21T04:21:29Z</time></trkpt>
<trkpt lat="41.208159" lon="-81.560603">
<ele>217</ele>
<time>2026-07-21T04:21:32Z</time></trkpt>
<trkpt lat="41.20781" lon="-81.560846">
<ele>218</ele>
<time>2026-07-21T04:21:45Z</time></trkpt>
<trkpt lat="41.207738" lon="-81.561092">
<ele>217</ele>
<time>2026-07-21T04:21:52Z</time></trkpt>
<trkpt lat="41.207589" lon="-81.561223">
<ele>219</ele>
<time>2026-07-21T04:21:58Z</time></trkpt>
<trkpt lat="41.207581" lon="-81.561335">
<ele>219</ele>
<time>2026-07-21T04:22:00Z</time></trkpt>
<trkpt lat="41.207658" lon="-81.561776">
<ele>218</ele>
<time>2026-07-21T04:22:12Z</time></trkpt>
<trkpt lat="41.207628" lon="-81.562496">
<ele>219</ele>
<time>2026-07-21T04:22:30Z</time></trkpt>
<trkpt lat="41.207614" lon="-81.562517">
<ele>219</ele>
<time>2026-07-21T04:22:30Z</time></trkpt>
<trkpt lat="41.207493" lon="-81.562483">
<ele>219</ele>
<time>2026-07-21T04:22:35Z</time></trkpt>
<trkpt lat="41.206807" lon="-81.56211">
<ele>219</ele>
<time>2026-07-21T04:22:59Z</time></trkpt>
<trkpt lat="41.206753" lon="-81.562099">
<ele>219</ele>
<time>2026-07-21T04:23:01Z</time></trkpt>
<trkpt lat="41.206654" lon="-81.562162">
<ele>219</ele>
<time>2026-07-21T04:23:04Z</time></trkpt>
<trkpt lat="41.206302" lon="-81.562565">
<ele>218</ele>
<time>2026-07-21T04:23:20Z</time></trkpt>
<trkpt lat="41.206254" lon="-81.562715">
<ele>217</ele>
<time>2026-07-21T04:23:24Z</time></trkpt>
<trkpt lat="41.206147" lon="-81.562909">
<ele>216</ele>
<time>2026-07-21T04:23:30Z</time></trkpt>
<trkpt lat="41.205929" lon="-81.563205">
<ele>216</ele>
<time>2026-07-21T04:23:40Z</time></trkpt>
<trkpt lat="41.205771" lon="-81.563269">
<ele>217</ele>
<time>2026-07-21T04:23:45Z</time></trkpt>
<trkpt lat="41.205586" lon="-81.563296">
<ele>217</ele>
<time>2026-07-21T04:23:51Z</time></trkpt>
<trkpt lat="41.205534" lon="-81.563334">
<ele>217</ele>
<time>2026-07-21T04:23:53Z</time></trkpt>
<trkpt lat="41.205534" lon="-81.563334">
<ele>217</ele>
<time>2026-07-21T04:23:53Z</time></trkpt>
<trkpt lat="41.2053" lon="-81.563506">
<ele>217</ele>
<time>2026-07-21T04:24:02Z</time></trkpt>
<trkpt lat="41.205153" lon="-81.563671">
<ele>217</ele>
<time>2026-07-21T04:24:08Z</time></trkpt>
<trkpt lat="41.204932" lon="-81.564158">
<ele>217</ele>
<time>2026-07-21T04:24:22Z</time></trkpt>
<trkpt lat="41.204795" lon="-81.564322">
<ele>217</ele>
<time>2026-07-21T04:24:28Z</time></trkpt>
<trkpt lat="41.204781" lon="-81.564397">
<ele>217</ele>
<time>2026-07-21T04:24:30Z</time></trkpt>
<trkpt lat="41.204843" lon="-81.564647">
<ele>217</ele>
<time>2026-07-21T04:24:37Z</time></trkpt>
<trkpt lat="41.204802" lon="-81.564781">
<ele>217</ele>
<time>2026-07-21T04:24:41Z</time></trkpt>
<trkpt lat="41.204747" lon="-81.564849">
<ele>217</ele>
<time>2026-07-21T04:24:43Z</time></trkpt>
<trkpt lat="41.204704" lon="-81.564874">
<ele>217</ele>
<time>2026-07-21T04:24:45Z</time></trkpt>
<trkpt lat="41.204661" lon="-81.564868">
<ele>217</ele>
<time>2026-07-21T04:24:46Z</time></trkpt>
<trkpt lat="41.204548" lon="-81.564759">
<ele>218</ele>
<time>2026-07-21T04:24:51Z</time></trkpt>
<trkpt lat="41.204325" lon="-81.564669">
<ele>217</ele>
<time>2026-07-21T04:24:58Z</time></trkpt>
<trkpt lat="41.204194" lon="-81.564523">
<ele>217</ele>
<time>2026-07-21T04:25:04Z</time></trkpt>
<trkpt lat="41.204152" lon="-81.56442">
<ele>218</ele>
<time>2026-07-21T04:25:07Z</time></trkpt>
<trkpt lat="41.204027" lon="-81.564224">
<ele>218</ele>
<time>2026-07-21T04:25:13Z</time></trkpt>
<trkpt lat="41.203748" lon="-81.564145">
<ele>218</ele>
<time>2026-07-21T04:25:23Z</time></trkpt>
<trkpt lat="41.203691" lon="-81.564166">
<ele>218</ele>
<time>2026-07-21T04:25:25Z</time></trkpt>
<trkpt lat="41.203129" lon="-81.56472">
<ele>218</ele>
<time>2026-07-21T04:25:48Z</time></trkpt>
<trkpt lat="41.203095" lon="-81.56489">
<ele>217</ele>
<time>2026-07-21T04:25:53Z</time></trkpt>
<trkpt lat="41.203094" lon="-81.565227">
<ele>217</ele>
<time>2026-07-21T04:26:01Z</time></trkpt>
<trkpt lat="41.20307" lon="-81.5653">
<ele>217</ele>
<time>2026-07-21T04:26:03Z</time></trkpt>
<trkpt lat="41.203027" lon="-81.565359">
<ele>217</ele>
<time>2026-07-21T04:26:05Z</time></trkpt>
<trkpt lat="41.202892" lon="-81.565387">
<ele>218</ele>
<time>2026-07-21T04:26:10Z</time></trkpt>
<trkpt lat="41.202859" lon="-81.565357">
<ele>218</ele>
<time>2026-07-21T04:26:11Z</time></trkpt>
<trkpt lat="41.202754" lon="-81.564831">
<ele>220</ele>
<time>2026-07-21T04:26:25Z</time></trkpt>
<trkpt lat="41.201638" lon="-81.565856">
<ele>220</ele>
<time>2026-07-21T04:27:11Z</time></trkpt>
<trkpt lat="41.201318" lon="-81.566115">
<ele>219</ele>
<time>2026-07-21T04:27:24Z</time></trkpt>
<trkpt lat="41.200999" lon="-81.566336">
<ele>219</ele>
<time>2026-07-21T04:27:36Z</time></trkpt>
<trkpt lat="41.200993" lon="-81.566565">
<ele>218</ele>
<time>2026-07-21T04:27:42Z</time></trkpt>
<trkpt lat="41.200966" lon="-81.566833">
<ele>217</ele>
<time>2026-07-21T04:27:49Z</time></trkpt>
<trkpt lat="41.200966" lon="-81.566833">
<ele>217</ele>
<time>2026-07-21T04:27:49Z</time></trkpt>
<trkpt lat="41.200849" lon="-81.567991">
<ele>218</ele>
<time>2026-07-21T04:28:18Z</time></trkpt>
<trkpt lat="41.200542" lon="-81.571466">
<ele>218</ele>
<time>2026-07-21T04:29:46Z</time></trkpt>
<trkpt lat="41.200613" lon="-81.571469">
<ele>218</ele>
<time>2026-07-21T04:29:48Z</time></trkpt>
<trkpt lat="41.200709" lon="-81.571433">
<ele>218</ele>
<time>2026-07-21T04:29:52Z</time></trkpt>
<trkpt lat="41.200806" lon="-81.571428">
<ele>217</ele>
<time>2026-07-21T04:29:55Z</time></trkpt>
<trkpt lat="41.200919" lon="-81.571452">
<ele>217</ele>
<time>2026-07-21T04:29:59Z</time></trkpt>
<trkpt lat="41.200948" lon="-81.571478">
<ele>217</ele>
<time>2026-07-21T04:30:00Z</time></trkpt>
<trkpt lat="41.201004" lon="-81.571653">
<ele>218</ele>
<time>2026-07-21T04:30:05Z</time></trkpt>
<trkpt lat="41.201141" lon="-81.571846">
<ele>217</ele>
<time>2026-07-21T04:30:11Z</time></trkpt>
<trkpt lat="41.201355" lon="-81.572285">
<ele>218</ele>
<time>2026-07-21T04:30:24Z</time></trkpt>
<trkpt lat="41.201701" lon="-81.572372">
<ele>218</ele>
<time>2026-07-21T04:30:36Z</time></trkpt>
<trkpt lat="41.201944" lon="-81.572458">
<ele>218</ele>
<time>2026-07-21T04:30:44Z</time></trkpt>
<trkpt lat="41.202284" lon="-81.572517">
<ele>219</ele>
<time>2026-07-21T04:30:56Z</time></trkpt>
<trkpt lat="41.202434" lon="-81.572515">
<ele>218</ele>
<time>2026-07-21T04:31:01Z</time></trkpt>
<trkpt lat="41.202682" lon="-81.572453">
<ele>218</ele>
<time>2026-07-21T04:31:09Z</time></trkpt>
<trkpt lat="41.202826" lon="-81.572382">
<ele>218</ele>
<time>2026-07-21T04:31:14Z</time></trkpt>
<trkpt lat="41.203098" lon="-81.572169">
<ele>218</ele>
<time>2026-07-21T04:31:24Z</time></trkpt>
<trkpt lat="41.203886" lon="-81.571363">
<ele>218</ele>
<time>2026-07-21T04:31:57Z</time></trkpt>
<trkpt lat="41.205152" lon="-81.570323">
<ele>217</ele>
<time>2026-07-21T04:32:46Z</time></trkpt>
<trkpt lat="41.207032" lon="-81.569097">
<ele>216</ele>
<time>2026-07-21T04:33:55Z</time></trkpt>
<trkpt lat="41.207527" lon="-81.568752">
<ele>216</ele>
<time>2026-07-21T04:34:14Z</time></trkpt>
<trkpt lat="41.207527" lon="-81.568752">
<ele>216</ele>
<time>2026-07-21T04:34:14Z</time></trkpt>
<trkpt lat="41.208064" lon="-81.568377">
<ele>216</ele>
<time>2026-07-21T04:34:34Z</time></trkpt>
<trkpt lat="41.209065" lon="-81.567737">
<ele>215</ele>
<time>2026-07-21T04:35:11Z</time></trkpt>
<trkpt lat="41.209826" lon="-81.567182">
<ele>216</ele>
<time>2026-07-21T04:35:39Z</time></trkpt>
<trkpt lat="41.211407" lon="-81.566115">
<ele>215</ele>
<time>2026-07-21T04:36:38Z</time></trkpt>
<trkpt lat="41.211761" lon="-81.565856">
<ele>215</ele>
<time>2026-07-21T04:36:52Z</time></trkpt>
<trkpt lat="41.212089" lon="-81.565647">
<ele>215</ele>
<time>2026-07-21T04:37:04Z</time></trkpt>
<trkpt lat="41.213257" lon="-81.564819">
<ele>215</ele>
<time>2026-07-21T04:37:48Z</time></trkpt>
<trkpt lat="41.215163" lon="-81.5632">
<ele>215</ele>
<time>2026-07-21T04:39:03Z</time></trkpt>
<trkpt lat="41.216132" lon="-81.56235">
<ele>215</ele>
<time>2026-07-21T04:39:42Z</time></trkpt>
<trkpt lat="41.216422" lon="-81.562025">
<ele>215</ele>
<time>2026-07-21T04:39:54Z</time></trkpt>
<trkpt lat="41.21687" lon="-81.561401">
<ele>216</ele>
<time>2026-07-21T04:40:16Z</time></trkpt>
<trkpt lat="41.216994" lon="-81.561276">
<ele>216</ele>
<time>2026-07-21T04:40:21Z</time></trkpt>
<trkpt lat="41.217097" lon="-81.561199">
<ele>217</ele>
<time>2026-07-21T04:40:25Z</time></trkpt>
<trkpt lat="41.217239" lon="-81.561148">
<ele>217</ele>
<time>2026-07-21T04:40:30Z</time></trkpt>
<trkpt lat="41.218102" lon="-81.560983">
<ele>215</ele>
<time>2026-07-21T04:40:59Z</time></trkpt>
<trkpt lat="41.218447" lon="-81.560866">
<ele>215</ele>
<time>2026-07-21T04:41:11Z</time></trkpt>
<trkpt lat="41.218574" lon="-81.560797">
<ele>215</ele>
<time>2026-07-21T04:41:15Z</time></trkpt>
<trkpt lat="41.219362" lon="-81.560265">
<ele>216</ele>
<time>2026-07-21T04:41:45Z</time></trkpt>
<trkpt lat="41.220115" lon="-81.559728">
<ele>216</ele>
<time>2026-07-21T04:42:13Z</time></trkpt>
<trkpt lat="41.220313" lon="-81.559606">
<ele>214</ele>
<time>2026-07-21T04:42:20Z</time></trkpt>
<trkpt lat="41.220741" lon="-81.559429">
<ele>215</ele>
<time>2026-07-21T04:42:35Z</time></trkpt>
<trkpt lat="41.221729" lon="-81.559147">
<ele>214</ele>
<time>2026-07-21T04:43:10Z</time></trkpt>
<trkpt lat="41.221928" lon="-81.559051">
<ele>214</ele>
<time>2026-07-21T04:43:17Z</time></trkpt>
<trkpt lat="41.222162" lon="-81.558898">
<ele>215</ele>
<time>2026-07-21T04:43:26Z</time></trkpt>
<trkpt lat="41.222313" lon="-81.558768">
<ele>215</ele>
<time>2026-07-21T04:43:32Z</time></trkpt>
<trkpt lat="41.222539" lon="-81.558504">
<ele>215</ele>
<time>2026-07-21T04:43:42Z</time></trkpt>
<trkpt lat="41.22289" lon="-81.558034">
<ele>215</ele>
<time>2026-07-21T04:43:59Z</time></trkpt>
<trkpt lat="41.223269" lon="-81.557627">
<ele>215</ele>
<time>2026-07-21T04:44:16Z</time></trkpt>
<trkpt lat="41.224868" lon="-81.556294">
<ele>215</ele>
<time>2026-07-21T04:45:22Z</time></trkpt>
<trkpt lat="41.2248599" lon="-81.5562773">
<ele>216</ele>
<time>2026-07-21T04:45:22Z</time></trkpt>
<trkpt lat="41.225201" lon="-81.557174">
<ele>218</ele>
<time>2026-07-21T04:45:49Z</time></trkpt>
<trkpt lat="41.224416" lon="-81.557697">
<ele>218</ele>
<time>2026-07-21T04:46:28Z</time></trkpt>
<trkpt lat="41.224609" lon="-81.558183">
<ele>220</ele>
<time>2026-07-21T04:46:48Z</time></trkpt>
<trkpt lat="41.224695" lon="-81.558554">
<ele>223</ele>
<time>2026-07-21T04:47:02Z</time></trkpt>
<trkpt lat="41.224817" lon="-81.558982">
<ele>228</ele>
<time>2026-07-21T04:47:19Z</time></trkpt>
<trkpt lat="41.224886" lon="-81.559326">
<ele>234</ele>
<time>2026-07-21T04:47:32Z</time></trkpt>
<trkpt lat="41.22492" lon="-81.559805">
<ele>238</ele>
<time>2026-07-21T04:47:50Z</time></trkpt>
<trkpt lat="41.22492" lon="-81.559805">
<ele>238</ele>
<time>2026-07-21T04:47:50Z</time></trkpt>
<trkpt lat="41.224966" lon="-81.560442">
<ele>238</ele>
<time>2026-07-21T04:48:13Z</time></trkpt>
<trkpt lat="41.225033" lon="-81.560752">
<ele>237</ele>
<time>2026-07-21T04:48:26Z</time></trkpt>
<trkpt lat="41.225111" lon="-81.560876">
<ele>238</ele>
<time>2026-07-21T04:48:33Z</time></trkpt>
<trkpt lat="41.225314" lon="-81.56105">
<ele>241</ele>
<time>2026-07-21T04:48:47Z</time></trkpt>
<trkpt lat="41.225359" lon="-81.561118">
<ele>242</ele>
<time>2026-07-21T04:48:51Z</time></trkpt>
<trkpt lat="41.225405" lon="-81.561306">
<ele>245</ele>
<time>2026-07-21T04:49:00Z</time></trkpt>
<trkpt lat="41.225396" lon="-81.561581">
<ele>249</ele>
<time>2026-07-21T04:49:12Z</time></trkpt>
<trkpt lat="41.22533" lon="-81.56189">
<ele>252</ele>
<time>2026-07-21T04:49:26Z</time></trkpt>
<trkpt lat="41.225321" lon="-81.562005">
<ele>253</ele>
<time>2026-07-21T04:49:31Z</time></trkpt>
<trkpt lat="41.225348" lon="-81.562246">
<ele>255</ele>
<time>2026-07-21T04:49:42Z</time></trkpt>
<trkpt lat="41.225487" lon="-81.56269">
<ele>260</ele>
<time>2026-07-21T04:50:03Z</time></trkpt>
<trkpt lat="41.22552" lon="-81.562824">
<ele>261</ele>
<time>2026-07-21T04:50:10Z</time></trkpt>
<trkpt lat="41.225533" lon="-81.562952">
<ele>262</ele>
<time>2026-07-21T04:50:15Z</time></trkpt>
<trkpt lat="41.225491" lon="-81.563392">
<ele>265</ele>
<time>2026-07-21T04:50:35Z</time></trkpt>
<trkpt lat="41.225466" lon="-81.563884">
<ele>267</ele>
<time>2026-07-21T04:50:57Z</time></trkpt>
<trkpt lat="41.22539" lon="-81.564274">
<ele>269</ele>
<time>2026-07-21T04:51:14Z</time></trkpt>
<trkpt lat="41.225219" lon="-81.564948">
<ele>273</ele>
<time>2026-07-21T04:51:38Z</time></trkpt>
<trkpt lat="41.225177" lon="-81.565291">
<ele>275</ele>
<time>2026-07-21T04:51:50Z</time></trkpt>
<trkpt lat="41.225158" lon="-81.565832">
<ele>277</ele>
<time>2026-07-21T04:52:08Z</time></trkpt>
<trkpt lat="41.225138" lon="-81.565942">
<ele>277</ele>
<time>2026-07-21T04:52:12Z</time></trkpt>
<trkpt lat="41.224142" lon="-81.569068">
<ele>287</ele>
<time>2026-07-21T04:54:00Z</time></trkpt>
<trkpt lat="41.224101" lon="-81.569237">
<ele>286</ele>
<time>2026-07-21T04:54:05Z</time></trkpt>
<trkpt lat="41.223961" lon="-81.570052">
<ele>287</ele>
<time>2026-07-21T04:54:29Z</time></trkpt>
<trkpt lat="41.223915" lon="-81.570566">
<ele>288</ele>
<time>2026-07-21T04:54:43Z</time></trkpt>
<trkpt lat="41.22393" lon="-81.570922">
<ele>288</ele>
<time>2026-07-21T04:54:54Z</time></trkpt>
<trkpt lat="41.22393" lon="-81.570922">
<ele>288</ele>
<time>2026-07-21T04:54:54Z</time></trkpt>
<trkpt lat="41.22394" lon="-81.57114">
<ele>288</ele>
<time>2026-07-21T04:55:00Z</time></trkpt>
<trkpt lat="41.223843" lon="-81.571723">
<ele>289</ele>
<time>2026-07-21T04:55:17Z</time></trkpt>
<trkpt lat="41.223838" lon="-81.571939">
<ele>289</ele>
<time>2026-07-21T04:55:23Z</time></trkpt>
<trkpt lat="41.223867" lon="-81.572038">
<ele>289</ele>
<time>2026-07-21T04:55:26Z</time></trkpt>
<trkpt lat="41.223919" lon="-81.572129">
<ele>290</ele>
<time>2026-07-21T04:55:29Z</time></trkpt>
<trkpt lat="41.223984" lon="-81.572194">
<ele>290</ele>
<time>2026-07-21T04:55:32Z</time></trkpt>
<trkpt lat="41.224061" lon="-81.572231">
<ele>290</ele>
<time>2026-07-21T04:55:35Z</time></trkpt>
<trkpt lat="41.224319" lon="-81.572287">
<ele>290</ele>
<time>2026-07-21T04:55:45Z</time></trkpt>
<trkpt lat="41.224408" lon="-81.572361">
<ele>290</ele>
<time>2026-07-21T04:55:48Z</time></trkpt>
<trkpt lat="41.224443" lon="-81.572421">
<ele>290</ele>
<time>2026-07-21T04:55:50Z</time></trkpt>
<trkpt lat="41.224453" lon="-81.572479">
<ele>290</ele>
<time>2026-07-21T04:55:52Z</time></trkpt>
<trkpt lat="41.22444" lon="-81.572537">
<ele>289</ele>
<time>2026-07-21T04:55:54Z</time></trkpt>
<trkpt lat="41.224287" lon="-81.572806">
<ele>290</ele>
<time>2026-07-21T04:56:03Z</time></trkpt>
<trkpt lat="41.224101" lon="-81.572997">
<ele>292</ele>
<time>2026-07-21T04:56:12Z</time></trkpt>
<trkpt lat="41.223968" lon="-81.573263">
<ele>292</ele>
<time>2026-07-21T04:56:20Z</time></trkpt>
<trkpt lat="41.223826" lon="-81.573446">
<ele>293</ele>
<time>2026-07-21T04:56:28Z</time></trkpt>
<trkpt lat="41.223783" lon="-81.573625">
<ele>292</ele>
<time>2026-07-21T04:56:33Z</time></trkpt>
<trkpt lat="41.223785" lon="-81.573856">
<ele>292</ele>
<time>2026-07-21T04:56:39Z</time></trkpt>
<trkpt lat="41.223739" lon="-81.574216">
<ele>291</ele>
<time>2026-07-21T04:56:49Z</time></trkpt>
<trkpt lat="41.22369" lon="-81.574425">
<ele>293</ele>
<time>2026-07-21T04:56:55Z</time></trkpt>
<trkpt lat="41.223691" lon="-81.57451">
<ele>294</ele>
<time>2026-07-21T04:56:57Z</time></trkpt>
<trkpt lat="41.223714" lon="-81.574578">
<ele>294</ele>
<time>2026-07-21T04:56:59Z</time></trkpt>
<trkpt lat="41.223835" lon="-81.574744">
<ele>293</ele>
<time>2026-07-21T04:57:06Z</time></trkpt>
<trkpt lat="41.223881" lon="-81.57491">
<ele>294</ele>
<time>2026-07-21T04:57:11Z</time></trkpt>
<trkpt lat="41.223887" lon="-81.574977">
<ele>295</ele>
<time>2026-07-21T04:57:12Z</time></trkpt>
<trkpt lat="41.223857" lon="-81.575272">
<ele>295</ele>
<time>2026-07-21T04:57:21Z</time></trkpt>
<trkpt lat="41.223865" lon="-81.575416">
<ele>295</ele>
<time>2026-07-21T04:57:25Z</time></trkpt>
<trkpt lat="41.223934" lon="-81.575799">
<ele>294</ele>
<time>2026-07-21T04:57:35Z</time></trkpt>
<trkpt lat="41.223946" lon="-81.575952">
<ele>293</ele>
<time>2026-07-21T04:57:40Z</time></trkpt>
<trkpt lat="41.223884" lon="-81.57607">
<ele>294</ele>
<time>2026-07-21T04:57:44Z</time></trkpt>
<trkpt lat="41.223507" lon="-81.576292">
<ele>296</ele>
<time>2026-07-21T04:57:59Z</time></trkpt>
<trkpt lat="41.22314" lon="-81.576673">
<ele>296</ele>
<time>2026-07-21T04:58:16Z</time></trkpt>
<trkpt lat="41.223102" lon="-81.57674">
<ele>297</ele>
<time>2026-07-21T04:58:18Z</time></trkpt>
<trkpt lat="41.223093" lon="-81.576808">
<ele>297</ele>
<time>2026-07-21T04:58:20Z</time></trkpt>
<trkpt lat="41.223111" lon="-81.576949">
<ele>297</ele>
<time>2026-07-21T04:58:24Z</time></trkpt>
<trkpt lat="41.223162" lon="-81.577053">
<ele>297</ele>
<time>2026-07-21T04:58:27Z</time></trkpt>
<trkpt lat="41.223242" lon="-81.577068">
<ele>297</ele>
<time>2026-07-21T04:58:30Z</time></trkpt>
<trkpt lat="41.22345" lon="-81.576947">
<ele>296</ele>
<time>2026-07-21T04:58:38Z</time></trkpt>
<trkpt lat="41.223501" lon="-81.576941">
<ele>295</ele>
<time>2026-07-21T04:58:40Z</time></trkpt>
<trkpt lat="41.223615" lon="-81.576996">
<ele>295</ele>
<time>2026-07-21T04:58:45Z</time></trkpt>
<trkpt lat="41.223675" lon="-81.577057">
<ele>296</ele>
<time>2026-07-21T04:58:47Z</time></trkpt>
<trkpt lat="41.22372" lon="-81.577161">
<ele>297</ele>
<time>2026-07-21T04:58:51Z</time></trkpt>
<trkpt lat="41.223827" lon="-81.577526">
<ele>297</ele>
<time>2026-07-21T04:59:02Z</time></trkpt>
<trkpt lat="41.223877" lon="-81.577631">
<ele>297</ele>
<time>2026-07-21T04:59:05Z</time></trkpt>
<trkpt lat="41.223995" lon="-81.57772">
<ele>297</ele>
<time>2026-07-21T04:59:11Z</time></trkpt>
<trkpt lat="41.224123" lon="-81.577772">
<ele>298</ele>
<time>2026-07-21T04:59:16Z</time></trkpt>
<trkpt lat="41.224379" lon="-81.577833">
<ele>298</ele>
<time>2026-07-21T04:59:26Z</time></trkpt>
<trkpt lat="41.224441" lon="-81.577868">
<ele>299</ele>
<time>2026-07-21T04:59:29Z</time></trkpt>
<trkpt lat="41.224758" lon="-81.578226">
<ele>299</ele>
<time>2026-07-21T04:59:45Z</time></trkpt>
<trkpt lat="41.224811" lon="-81.578319">
<ele>298</ele>
<time>2026-07-21T04:59:48Z</time></trkpt>
<trkpt lat="41.224837" lon="-81.578403">
<ele>297</ele>
<time>2026-07-21T04:59:51Z</time></trkpt>
<trkpt lat="41.224852" lon="-81.578577">
<ele>298</ele>
<time>2026-07-21T04:59:56Z</time></trkpt>
<trkpt lat="41.22478" lon="-81.57895">
<ele>301</ele>
<time>2026-07-21T05:00:07Z</time></trkpt>
<trkpt lat="41.2248" lon="-81.579223">
<ele>301</ele>
<time>2026-07-21T05:00:15Z</time></trkpt>
<trkpt lat="41.22479" lon="-81.579273">
<ele>301</ele>
<time>2026-07-21T05:00:17Z</time></trkpt>
<trkpt lat="41.224723" lon="-81.579392">
<ele>303</ele>
<time>2026-07-21T05:00:21Z</time></trkpt>
<trkpt lat="41.2247" lon="-81.57951">
<ele>303</ele>
<time>2026-07-21T05:00:25Z</time></trkpt>
<trkpt lat="41.224739" lon="-81.579748">
<ele>303</ele>
<time>2026-07-21T05:00:32Z</time></trkpt>
<trkpt lat="41.224771" lon="-81.579795">
<ele>303</ele>
<time>2026-07-21T05:00:34Z</time></trkpt>
<trkpt lat="41.2249" lon="-81.579867">
<ele>302</ele>
<time>2026-07-21T05:00:39Z</time></trkpt>
<trkpt lat="41.224977" lon="-81.579985">
<ele>303</ele>
<time>2026-07-21T05:00:44Z</time></trkpt>
<trkpt lat="41.224994" lon="-81.580072">
<ele>303</ele>
<time>2026-07-21T05:00:46Z</time></trkpt>
<trkpt lat="41.224999" lon="-81.580251">
<ele>304</ele>
<time>2026-07-21T05:00:51Z</time></trkpt>
<trkpt lat="41.225074" lon="-81.580589">
<ele>305</ele>
<time>2026-07-21T05:01:01Z</time></trkpt>
<trkpt lat="41.225002" lon="-81.58104">
<ele>307</ele>
<time>2026-07-21T05:01:13Z</time></trkpt>
<trkpt lat="41.224974" lon="-81.58112">
<ele>308</ele>
<time>2026-07-21T05:01:15Z</time></trkpt>
<trkpt lat="41.224649" lon="-81.581516">
<ele>310</ele>
<time>2026-07-21T05:01:30Z</time></trkpt>
<trkpt lat="41.224514" lon="-81.581586">
<ele>310</ele>
<time>2026-07-21T05:01:35Z</time></trkpt>
<trkpt lat="41.224367" lon="-81.581633">
<ele>309</ele>
<time>2026-07-21T05:01:41Z</time></trkpt>
<trkpt lat="41.224367" lon="-81.581633">
<ele>309</ele>
<time>2026-07-21T05:01:41Z</time></trkpt>
<trkpt lat="41.224174" lon="-81.581694">
<ele>309</ele>
<time>2026-07-21T05:01:48Z</time></trkpt>
<trkpt lat="41.223486" lon="-81.5818">
<ele>308</ele>
<time>2026-07-21T05:02:12Z</time></trkpt>
<trkpt lat="41.223155" lon="-81.581716">
<ele>306</ele>
<time>2026-07-21T05:02:24Z</time></trkpt>
<trkpt lat="41.22282" lon="-81.581827">
<ele>307</ele>
<time>2026-07-21T05:02:35Z</time></trkpt>
<trkpt lat="41.222675" lon="-81.581763">
<ele>306</ele>
<time>2026-07-21T05:02:40Z</time></trkpt>
<trkpt lat="41.222513" lon="-81.581761">
<ele>306</ele>
<time>2026-07-21T05:02:45Z</time></trkpt>
<trkpt lat="41.222107" lon="-81.582015">
<ele>305</ele>
<time>2026-07-21T05:02:59Z</time></trkpt>
<trkpt lat="41.221727" lon="-81.58203">
<ele>305</ele>
<time>2026-07-21T05:03:12Z</time></trkpt>
<trkpt lat="41.221663" lon="-81.58201">
<ele>304</ele>
<time>2026-07-21T05:03:14Z</time></trkpt>
<trkpt lat="41.221499" lon="-81.581853">
<ele>303</ele>
<time>2026-07-21T05:03:20Z</time></trkpt>
<trkpt lat="41.221448" lon="-81.58176">
<ele>303</ele>
<time>2026-07-21T05:03:23Z</time></trkpt>
<trkpt lat="41.221426" lon="-81.581683">
<ele>302</ele>
<time>2026-07-21T05:03:25Z</time></trkpt>
<trkpt lat="41.221416" lon="-81.580594">
<ele>299</ele>
<time>2026-07-21T05:03:51Z</time></trkpt>
<trkpt lat="41.221438" lon="-81.580489">
<ele>299</ele>
<time>2026-07-21T05:03:53Z</time></trkpt>
<trkpt lat="41.22148" lon="-81.580461">
<ele>299</ele>
<time>2026-07-21T05:03:55Z</time></trkpt>
<trkpt lat="41.221654" lon="-81.580479">
<ele>299</ele>
<time>2026-07-21T05:04:00Z</time></trkpt>
<trkpt lat="41.221851" lon="-81.580333">
<ele>300</ele>
<time>2026-07-21T05:04:07Z</time></trkpt>
<trkpt lat="41.222469" lon="-81.580377">
<ele>301</ele>
<time>2026-07-21T05:04:29Z</time></trkpt>
<trkpt lat="41.222659" lon="-81.580335">
<ele>301</ele>
<time>2026-07-21T05:04:36Z</time></trkpt>
<trkpt lat="41.222763" lon="-81.580263">
<ele>302</ele>
<time>2026-07-21T05:04:40Z</time></trkpt>
<trkpt lat="41.222865" lon="-81.580128">
<ele>303</ele>
<time>2026-07-21T05:04:45Z</time></trkpt>
<trkpt lat="41.222966" lon="-81.579891">
<ele>303</ele>
<time>2026-07-21T05:04:52Z</time></trkpt>
<trkpt lat="41.222977" lon="-81.579823">
<ele>303</ele>
<time>2026-07-21T05:04:54Z</time></trkpt>
<trkpt lat="41.222971" lon="-81.579539">
<ele>304</ele>
<time>2026-07-21T05:05:01Z</time></trkpt>
<trkpt lat="41.223021" lon="-81.579287">
<ele>304</ele>
<time>2026-07-21T05:05:08Z</time></trkpt>
<trkpt lat="41.223014" lon="-81.57919">
<ele>304</ele>
<time>2026-07-21T05:05:11Z</time></trkpt>
<trkpt lat="41.222961" lon="-81.579093">
<ele>303</ele>
<time>2026-07-21T05:05:14Z</time></trkpt>
<trkpt lat="41.22279" lon="-81.578871">
<ele>303</ele>
<time>2026-07-21T05:05:22Z</time></trkpt>
<trkpt lat="41.222428" lon="-81.57849">
<ele>303</ele>
<time>2026-07-21T05:05:38Z</time></trkpt>
<trkpt lat="41.222191" lon="-81.578173">
<ele>302</ele>
<time>2026-07-21T05:05:50Z</time></trkpt>
<trkpt lat="41.222132" lon="-81.578149">
<ele>302</ele>
<time>2026-07-21T05:05:52Z</time></trkpt>
<trkpt lat="41.221924" lon="-81.578154">
<ele>301</ele>
<time>2026-07-21T05:05:58Z</time></trkpt>
<trkpt lat="41.221834" lon="-81.578105">
<ele>301</ele>
<time>2026-07-21T05:06:01Z</time></trkpt>
<trkpt lat="41.221284" lon="-81.577351">
<ele>297</ele>
<time>2026-07-21T05:06:25Z</time></trkpt>
<trkpt lat="41.221213" lon="-81.577291">
<ele>297</ele>
<time>2026-07-21T05:06:27Z</time></trkpt>
<trkpt lat="41.221213" lon="-81.577291">
<ele>297</ele>
<time>2026-07-21T05:06:27Z</time></trkpt>
<trkpt lat="41.220949" lon="-81.57707">
<ele>296</ele>
<time>2026-07-21T05:06:36Z</time></trkpt>
<trkpt lat="41.220896" lon="-81.576956">
<ele>295</ele>
<time>2026-07-21T05:06:40Z</time></trkpt>
<trkpt lat="41.220866" lon="-81.576732">
<ele>295</ele>
<time>2026-07-21T05:06:45Z</time></trkpt>
<trkpt lat="41.220814" lon="-81.576597">
<ele>295</ele>
<time>2026-07-21T05:06:48Z</time></trkpt>
<trkpt lat="41.220761" lon="-81.576518">
<ele>295</ele>
<time>2026-07-21T05:06:50Z</time></trkpt>
<trkpt lat="41.220558" lon="-81.576305">
<ele>293</ele>
<time>2026-07-21T05:06:58Z</time></trkpt>
<trkpt lat="41.220439" lon="-81.576062">
<ele>293</ele>
<time>2026-07-21T05:07:05Z</time></trkpt>
<trkpt lat="41.220284" lon="-81.57592">
<ele>291</ele>
<time>2026-07-21T05:07:10Z</time></trkpt>
<trkpt lat="41.220215" lon="-81.575917">
<ele>291</ele>
<time>2026-07-21T05:07:12Z</time></trkpt>
<trkpt lat="41.220175" lon="-81.575956">
<ele>291</ele>
<time>2026-07-21T05:07:14Z</time></trkpt>
<trkpt lat="41.220155" lon="-81.575821">
<ele>291</ele>
<time>2026-07-21T05:07:17Z</time></trkpt>
<trkpt lat="41.220163" lon="-81.575746">
<ele>290</ele>
<time>2026-07-21T05:07:19Z</time></trkpt>
<trkpt lat="41.220239" lon="-81.575373">
<ele>291</ele>
<time>2026-07-21T05:07:29Z</time></trkpt>
<trkpt lat="41.220261" lon="-81.575123">
<ele>291</ele>
<time>2026-07-21T05:07:36Z</time></trkpt>
<trkpt lat="41.220343" lon="-81.57482">
<ele>291</ele>
<time>2026-07-21T05:07:44Z</time></trkpt>
<trkpt lat="41.220468" lon="-81.574767">
<ele>292</ele>
<time>2026-07-21T05:07:49Z</time></trkpt>
<trkpt lat="41.220557" lon="-81.57467">
<ele>292</ele>
<time>2026-07-21T05:07:53Z</time></trkpt>
<trkpt lat="41.220748" lon="-81.574569">
<ele>292</ele>
<time>2026-07-21T05:08:01Z</time></trkpt>
<trkpt lat="41.220792" lon="-81.574525">
<ele>292</ele>
<time>2026-07-21T05:08:02Z</time></trkpt>
<trkpt lat="41.220915" lon="-81.574236">
<ele>292</ele>
<time>2026-07-21T05:08:11Z</time></trkpt>
<trkpt lat="41.220948" lon="-81.5742">
<ele>292</ele>
<time>2026-07-21T05:08:13Z</time></trkpt>
<trkpt lat="41.221108" lon="-81.574109">
<ele>292</ele>
<time>2026-07-21T05:08:19Z</time></trkpt>
<trkpt lat="41.221129" lon="-81.574071">
<ele>292</ele>
<time>2026-07-21T05:08:20Z</time></trkpt>
<trkpt lat="41.221141" lon="-81.57353">
<ele>292</ele>
<time>2026-07-21T05:08:35Z</time></trkpt>
<trkpt lat="41.221135" lon="-81.573442">
<ele>293</ele>
<time>2026-07-21T05:08:37Z</time></trkpt>
<trkpt lat="41.221089" lon="-81.573256">
<ele>293</ele>
<time>2026-07-21T05:08:43Z</time></trkpt>
<trkpt lat="41.221097" lon="-81.572981">
<ele>293</ele>
<time>2026-07-21T05:08:50Z</time></trkpt>
<trkpt lat="41.221075" lon="-81.572656">
<ele>293</ele>
<time>2026-07-21T05:08:59Z</time></trkpt>
<trkpt lat="41.221124" lon="-81.572465">
<ele>293</ele>
<time>2026-07-21T05:09:04Z</time></trkpt>
<trkpt lat="41.221329" lon="-81.572037">
<ele>293</ele>
<time>2026-07-21T05:09:16Z</time></trkpt>
<trkpt lat="41.221405" lon="-81.571804">
<ele>293</ele>
<time>2026-07-21T05:09:22Z</time></trkpt>
<trkpt lat="41.22147" lon="-81.571366">
<ele>291</ele>
<time>2026-07-21T05:09:32Z</time></trkpt>
<trkpt lat="41.221463" lon="-81.571268">
<ele>291</ele>
<time>2026-07-21T05:09:34Z</time></trkpt>
<trkpt lat="41.221374" lon="-81.570934">
<ele>289</ele>
<time>2026-07-21T05:09:42Z</time></trkpt>
<trkpt lat="41.221405" lon="-81.570798">
<ele>289</ele>
<time>2026-07-21T05:09:45Z</time></trkpt>
<trkpt lat="41.221467" lon="-81.570653">
<ele>289</ele>
<time>2026-07-21T05:09:49Z</time></trkpt>
<trkpt lat="41.221483" lon="-81.570511">
<ele>288</ele>
<time>2026-07-21T05:09:52Z</time></trkpt>
<trkpt lat="41.221503" lon="-81.570472">
<ele>288</ele>
<time>2026-07-21T05:09:53Z</time></trkpt>
<trkpt lat="41.221503" lon="-81.570472">
<ele>288</ele>
<time>2026-07-21T05:09:53Z</time></trkpt>
<trkpt lat="41.221565" lon="-81.570347">
<ele>288</ele>
<time>2026-07-21T05:09:57Z</time></trkpt>
<trkpt lat="41.221591" lon="-81.570128">
<ele>287</ele>
<time>2026-07-21T05:10:02Z</time></trkpt>
<trkpt lat="41.221702" lon="-81.569875">
<ele>286</ele>
<time>2026-07-21T05:10:09Z</time></trkpt>
<trkpt lat="41.221708" lon="-81.569767">
<ele>286</ele>
<time>2026-07-21T05:10:11Z</time></trkpt>
<trkpt lat="41.221622" lon="-81.569717">
<ele>285</ele>
<time>2026-07-21T05:10:14Z</time></trkpt>
<trkpt lat="41.221583" lon="-81.569626">
<ele>285</ele>
<time>2026-07-21T05:10:16Z</time></trkpt>
<trkpt lat="41.221587" lon="-81.569549">
<ele>284</ele>
<time>2026-07-21T05:10:18Z</time></trkpt>
<trkpt lat="41.221635" lon="-81.56941">
<ele>284</ele>
<time>2026-07-21T05:10:21Z</time></trkpt>
<trkpt lat="41.221666" lon="-81.569208">
<ele>283</ele>
<time>2026-07-21T05:10:26Z</time></trkpt>
<trkpt lat="41.221655" lon="-81.569014">
<ele>282</ele>
<time>2026-07-21T05:10:31Z</time></trkpt>
<trkpt lat="41.221625" lon="-81.568931">
<ele>282</ele>
<time>2026-07-21T05:10:33Z</time></trkpt>
<trkpt lat="41.221567" lon="-81.568836">
<ele>281</ele>
<time>2026-07-21T05:10:36Z</time></trkpt>
<trkpt lat="41.220926" lon="-81.568005">
<ele>284</ele>
<time>2026-07-21T05:11:13Z</time></trkpt>
<trkpt lat="41.22067" lon="-81.567819">
<ele>286</ele>
<time>2026-07-21T05:11:25Z</time></trkpt>
<trkpt lat="41.220611" lon="-81.567796">
<ele>287</ele>
<time>2026-07-21T05:11:27Z</time></trkpt>
<trkpt lat="41.220455" lon="-81.567787">
<ele>287</ele>
<time>2026-07-21T05:11:34Z</time></trkpt>
<trkpt lat="41.220203" lon="-81.567699">
<ele>288</ele>
<time>2026-07-21T05:11:44Z</time></trkpt>
<trkpt lat="41.220048" lon="-81.567709">
<ele>288</ele>
<time>2026-07-21T05:11:51Z</time></trkpt>
<trkpt lat="41.21982" lon="-81.567612">
<ele>289</ele>
<time>2026-07-21T05:12:01Z</time></trkpt>
<trkpt lat="41.219557" lon="-81.567602">
<ele>290</ele>
<time>2026-07-21T05:12:12Z</time></trkpt>
<trkpt lat="41.21944" lon="-81.567621">
<ele>291</ele>
<time>2026-07-21T05:12:16Z</time></trkpt>
<trkpt lat="41.219347" lon="-81.567659">
<ele>291</ele>
<time>2026-07-21T05:12:20Z</time></trkpt>
<trkpt lat="41.219041" lon="-81.567896">
<ele>292</ele>
<time>2026-07-21T05:12:35Z</time></trkpt>
<trkpt lat="41.21891" lon="-81.568022">
<ele>293</ele>
<time>2026-07-21T05:12:40Z</time></trkpt>
<trkpt lat="41.218812" lon="-81.568155">
<ele>293</ele>
<time>2026-07-21T05:12:45Z</time></trkpt>
<trkpt lat="41.2186" lon="-81.568554">
<ele>290</ele>
<time>2026-07-21T05:12:56Z</time></trkpt>
<trkpt lat="41.218594" lon="-81.568643">
<ele>290</ele>
<time>2026-07-21T05:12:58Z</time></trkpt>
<trkpt lat="41.218643" lon="-81.568781">
<ele>289</ele>
<time>2026-07-21T05:13:02Z</time></trkpt>
<trkpt lat="41.218639" lon="-81.568856">
<ele>288</ele>
<time>2026-07-21T05:13:03Z</time></trkpt>
<trkpt lat="41.218617" lon="-81.568925">
<ele>288</ele>
<time>2026-07-21T05:13:05Z</time></trkpt>
<trkpt lat="41.218587" lon="-81.568961">
<ele>288</ele>
<time>2026-07-21T05:13:06Z</time></trkpt>
<trkpt lat="41.218527" lon="-81.568991">
<ele>287</ele>
<time>2026-07-21T05:13:08Z</time></trkpt>
<trkpt lat="41.218392" lon="-81.569031">
<ele>286</ele>
<time>2026-07-21T05:13:12Z</time></trkpt>
<trkpt lat="41.218217" lon="-81.569029">
<ele>285</ele>
<time>2026-07-21T05:13:18Z</time></trkpt>
<trkpt lat="41.218174" lon="-81.569064">
<ele>284</ele>
<time>2026-07-21T05:13:19Z</time></trkpt>
<trkpt lat="41.218068" lon="-81.569216">
<ele>283</ele>
<time>2026-07-21T05:13:24Z</time></trkpt>
<trkpt lat="41.218056" lon="-81.569276">
<ele>282</ele>
<time>2026-07-21T05:13:25Z</time></trkpt>
<trkpt lat="41.217992" lon="-81.56937">
<ele>280</ele>
<time>2026-07-21T05:13:28Z</time></trkpt>
<trkpt lat="41.21796" lon="-81.569455">
<ele>279</ele>
<time>2026-07-21T05:13:31Z</time></trkpt>
<trkpt lat="41.217948" lon="-81.569651">
<ele>279</ele>
<time>2026-07-21T05:13:35Z</time></trkpt>
<trkpt lat="41.217948" lon="-81.569651">
<ele>279</ele>
<time>2026-07-21T05:13:35Z</time></trkpt>
<trkpt lat="41.217907" lon="-81.569856">
<ele>279</ele>
<time>2026-07-21T05:13:40Z</time></trkpt>
<trkpt lat="41.217849" lon="-81.569976">
<ele>279</ele>
<time>2026-07-21T05:13:43Z</time></trkpt>
<trkpt lat="41.217802" lon="-81.570023">
<ele>279</ele>
<time>2026-07-21T05:13:45Z</time></trkpt>
<trkpt lat="41.21773" lon="-81.570038">
<ele>279</ele>
<time>2026-07-21T05:13:47Z</time></trkpt>
<trkpt lat="41.217609" lon="-81.569939">
<ele>279</ele>
<time>2026-07-21T05:13:52Z</time></trkpt>
<trkpt lat="41.217541" lon="-81.569942">
<ele>279</ele>
<time>2026-07-21T05:13:54Z</time></trkpt>
<trkpt lat="41.217459" lon="-81.57">
<ele>280</ele>
<time>2026-07-21T05:13:56Z</time></trkpt>
<trkpt lat="41.217406" lon="-81.56998">
<ele>280</ele>
<time>2026-07-21T05:13:58Z</time></trkpt>
<trkpt lat="41.2173934" lon="-81.5698716">
<ele>281</ele>
<time>2026-07-21T05:14:01Z</time></trkpt>
<trkpt lat="41.217406" lon="-81.56998">
<ele>280</ele>
<time>2026-07-21T05:14:03Z</time></trkpt>
<trkpt lat="41.217213" lon="-81.569985">
<ele>283</ele>
<time>2026-07-21T05:14:10Z</time></trkpt>
<trkpt lat="41.217104" lon="-81.570068">
<ele>283</ele>
<time>2026-07-21T05:14:15Z</time></trkpt>
<trkpt lat="41.217027" lon="-81.570086">
<ele>282</ele>
<time>2026-07-21T05:14:18Z</time></trkpt>
<trkpt lat="41.216771" lon="-81.57021">
<ele>281</ele>
<time>2026-07-21T05:14:29Z</time></trkpt>
<trkpt lat="41.216693" lon="-81.570331">
<ele>281</ele>
<time>2026-07-21T05:14:34Z</time></trkpt>
<trkpt lat="41.216501" lon="-81.570519">
<ele>281</ele>
<time>2026-07-21T05:14:43Z</time></trkpt>
<trkpt lat="41.216453" lon="-81.57059">
<ele>281</ele>
<time>2026-07-21T05:14:46Z</time></trkpt>
<trkpt lat="41.216419" lon="-81.57073">
<ele>282</ele>
<time>2026-07-21T05:14:51Z</time></trkpt>
<trkpt lat="41.216435" lon="-81.570919">
<ele>282</ele>
<time>2026-07-21T05:14:57Z</time></trkpt>
<trkpt lat="41.216463" lon="-81.57102">
<ele>282</ele>
<time>2026-07-21T05:15:00Z</time></trkpt>
<trkpt lat="41.216571" lon="-81.571228">
<ele>283</ele>
<time>2026-07-21T05:15:07Z</time></trkpt>
<trkpt lat="41.216596" lon="-81.571313">
<ele>283</ele>
<time>2026-07-21T05:15:10Z</time></trkpt>
<trkpt lat="41.216595" lon="-81.571428">
<ele>284</ele>
<time>2026-07-21T05:15:14Z</time></trkpt>
<trkpt lat="41.216552" lon="-81.571616">
<ele>284</ele>
<time>2026-07-21T05:15:20Z</time></trkpt>
<trkpt lat="41.216552" lon="-81.571741">
<ele>285</ele>
<time>2026-07-21T05:15:20Z</time></trkpt>
<trkpt lat="41.216501" lon="-81.571782">
<ele>285</ele>
<time>2026-07-21T05:15:22Z</time></trkpt>
<trkpt lat="41.216552" lon="-81.571741">
<ele>285</ele>
<time>2026-07-21T05:15:25Z</time></trkpt>
<trkpt lat="41.216575" lon="-81.571761">
<ele>285</ele>
<time>2026-07-21T05:15:26Z</time></trkpt>
<trkpt lat="41.216584" lon="-81.571806">
<ele>286</ele>
<time>2026-07-21T05:15:27Z</time></trkpt>
<trkpt lat="41.216591" lon="-81.571995">
<ele>287</ele>
<time>2026-07-21T05:15:33Z</time></trkpt>
<trkpt lat="41.216533" lon="-81.572349">
<ele>288</ele>
<time>2026-07-21T05:15:44Z</time></trkpt>
<trkpt lat="41.216594" lon="-81.572574">
<ele>289</ele>
<time>2026-07-21T05:15:51Z</time></trkpt>
<trkpt lat="41.216603" lon="-81.572661">
<ele>289</ele>
<time>2026-07-21T05:15:54Z</time></trkpt>
<trkpt lat="41.216523" lon="-81.572923">
<ele>290</ele>
<time>2026-07-21T05:16:02Z</time></trkpt>
<trkpt lat="41.21652" lon="-81.572972">
<ele>290</ele>
<time>2026-07-21T05:16:04Z</time></trkpt>
<trkpt lat="41.216527" lon="-81.573038">
<ele>290</ele>
<time>2026-07-21T05:16:06Z</time></trkpt>
<trkpt lat="41.216591" lon="-81.573244">
<ele>292</ele>
<time>2026-07-21T05:16:12Z</time></trkpt>
<trkpt lat="41.216592" lon="-81.573312">
<ele>292</ele>
<time>2026-07-21T05:16:14Z</time></trkpt>
<trkpt lat="41.21655" lon="-81.573515">
<ele>293</ele>
<time>2026-07-21T05:16:20Z</time></trkpt>
<trkpt lat="41.216505" lon="-81.57361">
<ele>293</ele>
<time>2026-07-21T05:16:23Z</time></trkpt>
<trkpt lat="41.216421" lon="-81.573732">
<ele>293</ele>
<time>2026-07-21T05:16:28Z</time></trkpt>
<trkpt lat="41.216385" lon="-81.573849">
<ele>294</ele>
<time>2026-07-21T05:16:31Z</time></trkpt>
<trkpt lat="41.216397" lon="-81.573923">
<ele>294</ele>
<time>2026-07-21T05:16:34Z</time></trkpt>
<trkpt lat="41.216429" lon="-81.573971">
<ele>295</ele>
<time>2026-07-21T05:16:35Z</time></trkpt>
<trkpt lat="41.216606" lon="-81.574138">
<ele>295</ele>
<time>2026-07-21T05:16:43Z</time></trkpt>
<trkpt lat="41.21662" lon="-81.574181">
<ele>295</ele>
<time>2026-07-21T05:16:45Z</time></trkpt>
<trkpt lat="41.216572" lon="-81.574438">
<ele>295</ele>
<time>2026-07-21T05:16:52Z</time></trkpt>
<trkpt lat="41.216578" lon="-81.574499">
<ele>295</ele>
<time>2026-07-21T05:16:54Z</time></trkpt>
<trkpt lat="41.216674" lon="-81.574792">
<ele>294</ele>
<time>2026-07-21T05:17:03Z</time></trkpt>
<trkpt lat="41.216725" lon="-81.575192">
<ele>295</ele>
<time>2026-07-21T05:17:14Z</time></trkpt>
<trkpt lat="41.216714" lon="-81.575361">
<ele>295</ele>
<time>2026-07-21T05:17:19Z</time></trkpt>
<trkpt lat="41.216696" lon="-81.575412">
<ele>296</ele>
<time>2026-07-21T05:17:21Z</time></trkpt>
<trkpt lat="41.216493" lon="-81.575673">
<ele>296</ele>
<time>2026-07-21T05:17:31Z</time></trkpt>
<trkpt lat="41.216439" lon="-81.575707">
<ele>296</ele>
<time>2026-07-21T05:17:33Z</time></trkpt>
<trkpt lat="41.216439" lon="-81.575708">
<ele>296</ele>
<time>2026-07-21T05:17:33Z</time></trkpt>
<trkpt lat="41.216317" lon="-81.575783">
<ele>297</ele>
<time>2026-07-21T05:17:38Z</time></trkpt>
<trkpt lat="41.216233" lon="-81.575861">
<ele>297</ele>
<time>2026-07-21T05:17:42Z</time></trkpt>
<trkpt lat="41.21619" lon="-81.575925">
<ele>297</ele>
<time>2026-07-21T05:17:45Z</time></trkpt>
<trkpt lat="41.216178" lon="-81.575977">
<ele>297</ele>
<time>2026-07-21T05:17:46Z</time></trkpt>
<trkpt lat="41.216191" lon="-81.576064">
<ele>297</ele>
<time>2026-07-21T05:17:49Z</time></trkpt>
<trkpt lat="41.216227" lon="-81.576143">
<ele>297</ele>
<time>2026-07-21T05:17:51Z</time></trkpt>
<trkpt lat="41.21638" lon="-81.576348">
<ele>296</ele>
<time>2026-07-21T05:17:59Z</time></trkpt>
<trkpt lat="41.216434" lon="-81.576447">
<ele>295</ele>
<time>2026-07-21T05:18:02Z</time></trkpt>
<trkpt lat="41.216483" lon="-81.576474">
<ele>295</ele>
<time>2026-07-21T05:18:04Z</time></trkpt>
<trkpt lat="41.216611" lon="-81.576466">
<ele>294</ele>
<time>2026-07-21T05:18:08Z</time></trkpt>
<trkpt lat="41.216669" lon="-81.576521">
<ele>294</ele>
<time>2026-07-21T05:18:11Z</time></trkpt>
<trkpt lat="41.216704" lon="-81.576591">
<ele>293</ele>
<time>2026-07-21T05:18:13Z</time></trkpt>
<trkpt lat="41.216742" lon="-81.576714">
<ele>293</ele>
<time>2026-07-21T05:18:16Z</time></trkpt>
<trkpt lat="41.216829" lon="-81.576978">
<ele>295</ele>
<time>2026-07-21T05:18:23Z</time></trkpt>
<trkpt lat="41.216976" lon="-81.577177">
<ele>296</ele>
<time>2026-07-21T05:18:30Z</time></trkpt>
<trkpt lat="41.217016" lon="-81.577298">
<ele>296</ele>
<time>2026-07-21T05:18:34Z</time></trkpt>
<trkpt lat="41.217051" lon="-81.577569">
<ele>296</ele>
<time>2026-07-21T05:18:40Z</time></trkpt>
<trkpt lat="41.217045" lon="-81.57765">
<ele>297</ele>
<time>2026-07-21T05:18:42Z</time></trkpt>
<trkpt lat="41.216996" lon="-81.5778">
<ele>297</ele>
<time>2026-07-21T05:18:47Z</time></trkpt>
<trkpt lat="41.216822" lon="-81.578018">
<ele>299</ele>
<time>2026-07-21T05:18:55Z</time></trkpt>
<trkpt lat="41.216788" lon="-81.578157">
<ele>299</ele>
<time>2026-07-21T05:18:58Z</time></trkpt>
<trkpt lat="41.216797" lon="-81.578229">
<ele>299</ele>
<time>2026-07-21T05:19:00Z</time></trkpt>
<trkpt lat="41.21704" lon="-81.578797">
<ele>298</ele>
<time>2026-07-21T05:19:16Z</time></trkpt>
<trkpt lat="41.217087" lon="-81.578869">
<ele>298</ele>
<time>2026-07-21T05:19:19Z</time></trkpt>
<trkpt lat="41.217439" lon="-81.579148">
<ele>296</ele>
<time>2026-07-21T05:19:32Z</time></trkpt>
<trkpt lat="41.217742" lon="-81.57919">
<ele>294</ele>
<time>2026-07-21T05:19:42Z</time></trkpt>
<trkpt lat="41.217862" lon="-81.579191">
<ele>294</ele>
<time>2026-07-21T05:19:46Z</time></trkpt>
<trkpt lat="41.217924" lon="-81.579182">
<ele>294</ele>
<time>2026-07-21T05:19:48Z</time></trkpt>
<trkpt lat="41.218403" lon="-81.579003">
<ele>296</ele>
<time>2026-07-21T05:20:05Z</time></trkpt>
<trkpt lat="41.218881" lon="-81.578892">
<ele>299</ele>
<time>2026-07-21T05:20:21Z</time></trkpt>
<trkpt lat="41.218915" lon="-81.578849">
<ele>299</ele>
<time>2026-07-21T05:20:22Z</time></trkpt>
<trkpt lat="41.218938" lon="-81.578786">
<ele>299</ele>
<time>2026-07-21T05:20:24Z</time></trkpt>
<trkpt lat="41.21897" lon="-81.578438">
<ele>300</ele>
<time>2026-07-21T05:20:32Z</time></trkpt>
<trkpt lat="41.219023" lon="-81.578244">
<ele>299</ele>
<time>2026-07-21T05:20:37Z</time></trkpt>
<trkpt lat="41.21906" lon="-81.57797">
<ele>298</ele>
<time>2026-07-21T05:20:44Z</time></trkpt>
<trkpt lat="41.21906" lon="-81.57797">
<ele>298</ele>
<time>2026-07-21T05:20:44Z</time></trkpt>
<trkpt lat="41.219102" lon="-81.577658">
<ele>296</ele>
<time>2026-07-21T05:20:52Z</time></trkpt>
<trkpt lat="41.219164" lon="-81.577524">
<ele>296</ele>
<time>2026-07-21T05:20:56Z</time></trkpt>
<trkpt lat="41.219262" lon="-81.577397">
<ele>295</ele>
<time>2026-07-21T05:21:00Z</time></trkpt>
<trkpt lat="41.219342" lon="-81.577359">
<ele>295</ele>
<time>2026-07-21T05:21:03Z</time></trkpt>
<trkpt lat="41.219406" lon="-81.577356">
<ele>294</ele>
<time>2026-07-21T05:21:05Z</time></trkpt>
<trkpt lat="41.219335" lon="-81.577804">
<ele>295</ele>
<time>2026-07-21T05:21:17Z</time></trkpt>
<trkpt lat="41.21937" lon="-81.57793">
<ele>295</ele>
<time>2026-07-21T05:21:21Z</time></trkpt>
<trkpt lat="41.219478" lon="-81.578042">
<ele>295</ele>
<time>2026-07-21T05:21:26Z</time></trkpt>
<trkpt lat="41.219478" lon="-81.578042">
<ele>295</ele>
<time>2026-07-21T05:21:26Z</time></trkpt>
<trkpt lat="41.219535" lon="-81.578148">
<ele>295</ele>
<time>2026-07-21T05:21:30Z</time></trkpt>
<trkpt lat="41.219371" lon="-81.578835">
<ele>299</ele>
<time>2026-07-21T05:21:51Z</time></trkpt>
<trkpt lat="41.219305" lon="-81.579269">
<ele>300</ele>
<time>2026-07-21T05:22:03Z</time></trkpt>
<trkpt lat="41.219296" lon="-81.579828">
<ele>299</ele>
<time>2026-07-21T05:22:19Z</time></trkpt>
<trkpt lat="41.219316" lon="-81.58011">
<ele>299</ele>
<time>2026-07-21T05:22:27Z</time></trkpt>
<trkpt lat="41.219401" lon="-81.580644">
<ele>299</ele>
<time>2026-07-21T05:22:43Z</time></trkpt>
<trkpt lat="41.219461" lon="-81.580877">
<ele>299</ele>
<time>2026-07-21T05:22:50Z</time></trkpt>
<trkpt lat="41.21956" lon="-81.581172">
<ele>300</ele>
<time>2026-07-21T05:22:59Z</time></trkpt>
<trkpt lat="41.219764" lon="-81.581633">
<ele>301</ele>
<time>2026-07-21T05:23:14Z</time></trkpt>
<trkpt lat="41.219958" lon="-81.581979">
<ele>303</ele>
<time>2026-07-21T05:23:26Z</time></trkpt>
<trkpt lat="41.220053" lon="-81.58219">
<ele>304</ele>
<time>2026-07-21T05:23:32Z</time></trkpt>
<trkpt lat="41.220118" lon="-81.582466">
<ele>305</ele>
<time>2026-07-21T05:23:40Z</time></trkpt>
<trkpt lat="41.220138" lon="-81.582653">
<ele>306</ele>
<time>2026-07-21T05:23:45Z</time></trkpt>
<trkpt lat="41.220143" lon="-81.582896">
<ele>306</ele>
<time>2026-07-21T05:23:52Z</time></trkpt>
<trkpt lat="41.220143" lon="-81.582896">
<ele>306</ele>
<time>2026-07-21T05:23:52Z</time></trkpt>
<trkpt lat="41.220143" lon="-81.582913">
<ele>306</ele>
<time>2026-07-21T05:23:52Z</time></trkpt>
<trkpt lat="41.21771" lon="-81.582926">
<ele>302</ele>
<time>2026-07-21T05:25:16Z</time></trkpt>
<trkpt lat="41.21771" lon="-81.582926">
<ele>302</ele>
<time>2026-07-21T05:25:16Z</time></trkpt>
<trkpt lat="41.216848" lon="-81.582936">
<ele>301</ele>
<time>2026-07-21T05:25:44Z</time></trkpt>
<trkpt lat="41.216728" lon="-81.582895">
<ele>300</ele>
<time>2026-07-21T05:25:48Z</time></trkpt>
<trkpt lat="41.216585" lon="-81.582817">
<ele>300</ele>
<time>2026-07-21T05:25:54Z</time></trkpt>
<trkpt lat="41.216449" lon="-81.582703">
<ele>300</ele>
<time>2026-07-21T05:25:59Z</time></trkpt>
<trkpt lat="41.215315" lon="-81.580976">
<ele>299</ele>
<time>2026-07-21T05:26:59Z</time></trkpt>
<trkpt lat="41.215147" lon="-81.580776">
<ele>299</ele>
<time>2026-07-21T05:27:07Z</time></trkpt>
<trkpt lat="41.214998" lon="-81.58065">
<ele>299</ele>
<time>2026-07-21T05:27:14Z</time></trkpt>
<trkpt lat="41.214828" lon="-81.580575">
<ele>300</ele>
<time>2026-07-21T05:27:21Z</time></trkpt>
<trkpt lat="41.21386" lon="-81.580403">
<ele>304</ele>
<time>2026-07-21T05:27:57Z</time></trkpt>
<trkpt lat="41.213427" lon="-81.580307">
<ele>306</ele>
<time>2026-07-21T05:28:13Z</time></trkpt>
<trkpt lat="41.213427" lon="-81.580307">
<ele>306</ele>
<time>2026-07-21T05:28:13Z</time></trkpt>
<trkpt lat="41.212739" lon="-81.580155">
<ele>303</ele>
<time>2026-07-21T05:28:34Z</time></trkpt>
<trkpt lat="41.212246" lon="-81.580027">
<ele>302</ele>
<time>2026-07-21T05:28:47Z</time></trkpt>
<trkpt lat="41.212063" lon="-81.580002">
<ele>302</ele>
<time>2026-07-21T05:28:52Z</time></trkpt>
<trkpt lat="41.21175" lon="-81.580008">
<ele>301</ele>
<time>2026-07-21T05:29:00Z</time></trkpt>
<trkpt lat="41.211777" lon="-81.580296">
<ele>298</ele>
<time>2026-07-21T05:29:06Z</time></trkpt>
<trkpt lat="41.211773" lon="-81.580382">
<ele>297</ele>
<time>2026-07-21T05:29:08Z</time></trkpt>
<trkpt lat="41.21168" lon="-81.580562">
<ele>294</ele>
<time>2026-07-21T05:29:12Z</time></trkpt>
<trkpt lat="41.211579" lon="-81.580653">
<ele>293</ele>
<time>2026-07-21T05:29:16Z</time></trkpt>
<trkpt lat="41.211297" lon="-81.580827">
<ele>289</ele>
<time>2026-07-21T05:29:24Z</time></trkpt>
<trkpt lat="41.211042" lon="-81.580948">
<ele>286</ele>
<time>2026-07-21T05:29:31Z</time></trkpt>
<trkpt lat="41.211042" lon="-81.580948">
<ele>286</ele>
<time>2026-07-21T05:29:31Z</time></trkpt>
<trkpt lat="41.210931" lon="-81.581">
<ele>286</ele>
<time>2026-07-21T05:29:34Z</time></trkpt>
<trkpt lat="41.2109" lon="-81.581091">
<ele>284</ele>
<time>2026-07-21T05:29:36Z</time></trkpt>
<trkpt lat="41.210899" lon="-81.5813">
<ele>281</ele>
<time>2026-07-21T05:29:40Z</time></trkpt>
<trkpt lat="41.21092" lon="-81.581362">
<ele>280</ele>
<time>2026-07-21T05:29:41Z</time></trkpt>
<trkpt lat="41.211166" lon="-81.581728">
<ele>272</ele>
<time>2026-07-21T05:29:50Z</time></trkpt>
<trkpt lat="41.211198" lon="-81.581811">
<ele>271</ele>
<time>2026-07-21T05:29:52Z</time></trkpt>
<trkpt lat="41.211196" lon="-81.581923">
<ele>269</ele>
<time>2026-07-21T05:29:54Z</time></trkpt>
<trkpt lat="41.211109" lon="-81.582099">
<ele>266</ele>
<time>2026-07-21T05:29:58Z</time></trkpt>
<trkpt lat="41.211085" lon="-81.582286">
<ele>265</ele>
<time>2026-07-21T05:30:01Z</time></trkpt>
<trkpt lat="41.21106" lon="-81.582366">
<ele>265</ele>
<time>2026-07-21T05:30:03Z</time></trkpt>
<trkpt lat="41.210896" lon="-81.582738">
<ele>265</ele>
<time>2026-07-21T05:30:10Z</time></trkpt>
<trkpt lat="41.210888" lon="-81.582911">
<ele>262</ele>
<time>2026-07-21T05:30:13Z</time></trkpt>
<trkpt lat="41.210767" lon="-81.583157">
<ele>262</ele>
<time>2026-07-21T05:30:19Z</time></trkpt>
<trkpt lat="41.210703" lon="-81.583485">
<ele>257</ele>
<time>2026-07-21T05:30:25Z</time></trkpt>
<trkpt lat="41.210591" lon="-81.583775">
<ele>256</ele>
<time>2026-07-21T05:30:30Z</time></trkpt>
<trkpt lat="41.210541" lon="-81.583861">
<ele>256</ele>
<time>2026-07-21T05:30:32Z</time></trkpt>
<trkpt lat="41.21047" lon="-81.583925">
<ele>255</ele>
<time>2026-07-21T05:30:34Z</time></trkpt>
<trkpt lat="41.210275" lon="-81.583953">
<ele>255</ele>
<time>2026-07-21T05:30:39Z</time></trkpt>
<trkpt lat="41.21006" lon="-81.584091">
<ele>247</ele>
<time>2026-07-21T05:30:45Z</time></trkpt>
<trkpt lat="41.210076" lon="-81.584147">
<ele>247</ele>
<time>2026-07-21T05:30:46Z</time></trkpt>
<trkpt lat="41.210154" lon="-81.584202">
<ele>247</ele>
<time>2026-07-21T05:30:48Z</time></trkpt>
<trkpt lat="41.210315" lon="-81.584405">
<ele>243</ele>
<time>2026-07-21T05:30:55Z</time></trkpt>
<trkpt lat="41.210318" lon="-81.584426">
<ele>242</ele>
<time>2026-07-21T05:30:55Z</time></trkpt>
<trkpt lat="41.21027" lon="-81.584443">
<ele>242</ele>
<time>2026-07-21T05:30:57Z</time></trkpt>
<trkpt lat="41.210162" lon="-81.584429">
<ele>242</ele>
<time>2026-07-21T05:31:00Z</time></trkpt>
<trkpt lat="41.210162" lon="-81.584429">
<ele>242</ele>
<time>2026-07-21T05:31:00Z</time></trkpt>
<trkpt lat="41.210055" lon="-81.584415">
<ele>241</ele>
<time>2026-07-21T05:31:04Z</time></trkpt>
<trkpt lat="41.209969" lon="-81.584291">
<ele>243</ele>
<time>2026-07-21T05:31:08Z</time></trkpt>
<trkpt lat="41.209864" lon="-81.584269">
<ele>242</ele>
<time>2026-07-21T05:31:11Z</time></trkpt>
<trkpt lat="41.209757" lon="-81.584277">
<ele>241</ele>
<time>2026-07-21T05:31:15Z</time></trkpt>
<trkpt lat="41.209708" lon="-81.584253">
<ele>241</ele>
<time>2026-07-21T05:31:17Z</time></trkpt>
<trkpt lat="41.209589" lon="-81.584009">
<ele>244</ele>
<time>2026-07-21T05:31:24Z</time></trkpt>
<trkpt lat="41.209502" lon="-81.583688">
<ele>249</ele>
<time>2026-07-21T05:31:32Z</time></trkpt>
<trkpt lat="41.20947" lon="-81.583647">
<ele>250</ele>
<time>2026-07-21T05:31:34Z</time></trkpt>
<trkpt lat="41.209419" lon="-81.583621">
<ele>249</ele>
<time>2026-07-21T05:31:35Z</time></trkpt>
<trkpt lat="41.209033" lon="-81.583546">
<ele>246</ele>
<time>2026-07-21T05:31:48Z</time></trkpt>
<trkpt lat="41.208846" lon="-81.583593">
<ele>244</ele>
<time>2026-07-21T05:31:54Z</time></trkpt>
<trkpt lat="41.208804" lon="-81.583487">
<ele>245</ele>
<time>2026-07-21T05:31:57Z</time></trkpt>
<trkpt lat="41.208639" lon="-81.583331">
<ele>246</ele>
<time>2026-07-21T05:32:04Z</time></trkpt>
<trkpt lat="41.208519" lon="-81.583356">
<ele>246</ele>
<time>2026-07-21T05:32:08Z</time></trkpt>
<trkpt lat="41.208417" lon="-81.583325">
<ele>246</ele>
<time>2026-07-21T05:32:11Z</time></trkpt>
<trkpt lat="41.208384" lon="-81.583335">
<ele>246</ele>
<time>2026-07-21T05:32:13Z</time></trkpt>
<trkpt lat="41.208384" lon="-81.583335">
<ele>246</ele>
<time>2026-07-21T05:32:13Z</time></trkpt>
<trkpt lat="41.208108" lon="-81.583472">
<ele>245</ele>
<time>2026-07-21T05:32:22Z</time></trkpt>
<trkpt lat="41.207872" lon="-81.58348">
<ele>245</ele>
<time>2026-07-21T05:32:29Z</time></trkpt>
<trkpt lat="41.207521" lon="-81.58362">
<ele>242</ele>
<time>2026-07-21T05:32:40Z</time></trkpt>
<trkpt lat="41.207494" lon="-81.583691">
<ele>241</ele>
<time>2026-07-21T05:32:42Z</time></trkpt>
<trkpt lat="41.207526" lon="-81.583999">
<ele>239</ele>
<time>2026-07-21T05:32:49Z</time></trkpt>
<trkpt lat="41.207401" lon="-81.584122">
<ele>237</ele>
<time>2026-07-21T05:32:53Z</time></trkpt>
<trkpt lat="41.207198" lon="-81.584421">
<ele>236</ele>
<time>2026-07-21T05:33:02Z</time></trkpt>
<trkpt lat="41.207031" lon="-81.584525">
<ele>235</ele>
<time>2026-07-21T05:33:08Z</time></trkpt>
<trkpt lat="41.206975" lon="-81.584601">
<ele>235</ele>
<time>2026-07-21T05:33:10Z</time></trkpt>
<trkpt lat="41.20697" lon="-81.584644">
<ele>235</ele>
<time>2026-07-21T05:33:11Z</time></trkpt>
<trkpt lat="41.207009" lon="-81.584792">
<ele>234</ele>
<time>2026-07-21T05:33:15Z</time></trkpt>
<trkpt lat="41.207077" lon="-81.584987">
<ele>234</ele>
<time>2026-07-21T05:33:19Z</time></trkpt>
<trkpt lat="41.207195" lon="-81.585128">
<ele>233</ele>
<time>2026-07-21T05:33:24Z</time></trkpt>
<trkpt lat="41.207305" lon="-81.585177">
<ele>233</ele>
<time>2026-07-21T05:33:27Z</time></trkpt>
<trkpt lat="41.20733" lon="-81.585229">
<ele>233</ele>
<time>2026-07-21T05:33:29Z</time></trkpt>
<trkpt lat="41.20727" lon="-81.585466">
<ele>233</ele>
<time>2026-07-21T05:33:34Z</time></trkpt>
<trkpt lat="41.207054" lon="-81.585749">
<ele>231</ele>
<time>2026-07-21T05:33:43Z</time></trkpt>
<trkpt lat="41.206684" lon="-81.586036">
<ele>231</ele>
<time>2026-07-21T05:33:56Z</time></trkpt>
<trkpt lat="41.206517" lon="-81.586243">
<ele>230</ele>
<time>2026-07-21T05:34:04Z</time></trkpt>
<trkpt lat="41.206394" lon="-81.58635">
<ele>230</ele>
<time>2026-07-21T05:34:08Z</time></trkpt>
<trkpt lat="41.206258" lon="-81.586528">
<ele>229</ele>
<time>2026-07-21T05:34:15Z</time></trkpt>
<trkpt lat="41.205784" lon="-81.586893">
<ele>229</ele>
<time>2026-07-21T05:34:32Z</time></trkpt>
<trkpt lat="41.205647" lon="-81.586944">
<ele>230</ele>
<time>2026-07-21T05:34:37Z</time></trkpt>
<trkpt lat="41.205647" lon="-81.586944">
<ele>230</ele>
<time>2026-07-21T05:34:37Z</time></trkpt>
<trkpt lat="41.205246" lon="-81.587095">
<ele>229</ele>
<time>2026-07-21T05:34:50Z</time></trkpt>
<trkpt lat="41.205002" lon="-81.587094">
<ele>228</ele>
<time>2026-07-21T05:34:58Z</time></trkpt>
<trkpt lat="41.204949" lon="-81.58707">
<ele>228</ele>
<time>2026-07-21T05:35:00Z</time></trkpt>
<trkpt lat="41.204859" lon="-81.58699">
<ele>228</ele>
<time>2026-07-21T05:35:04Z</time></trkpt>
<trkpt lat="41.204765" lon="-81.586788">
<ele>229</ele>
<time>2026-07-21T05:35:10Z</time></trkpt>
<trkpt lat="41.204611" lon="-81.586523">
<ele>228</ele>
<time>2026-07-21T05:35:18Z</time></trkpt>
<trkpt lat="41.204491" lon="-81.586044">
<ele>228</ele>
<time>2026-07-21T05:35:30Z</time></trkpt>
<trkpt lat="41.204452" lon="-81.585961">
<ele>228</ele>
<time>2026-07-21T05:35:33Z</time></trkpt>
<trkpt lat="41.204363" lon="-81.585852">
<ele>228</ele>
<time>2026-07-21T05:35:37Z</time></trkpt>
<trkpt lat="41.20431" lon="-81.585697">
<ele>228</ele>
<time>2026-07-21T05:35:41Z</time></trkpt>
<trkpt lat="41.20425" lon="-81.585038">
<ele>228</ele>
<time>2026-07-21T05:35:58Z</time></trkpt>
<trkpt lat="41.204185" lon="-81.584671">
<ele>227</ele>
<time>2026-07-21T05:36:08Z</time></trkpt>
<trkpt lat="41.204181" lon="-81.584531">
<ele>227</ele>
<time>2026-07-21T05:36:11Z</time></trkpt>
<trkpt lat="41.204274" lon="-81.5843">
<ele>227</ele>
<time>2026-07-21T05:36:18Z</time></trkpt>
<trkpt lat="41.204345" lon="-81.584229">
<ele>227</ele>
<time>2026-07-21T05:36:21Z</time></trkpt>
<trkpt lat="41.204451" lon="-81.584163">
<ele>227</ele>
<time>2026-07-21T05:36:25Z</time></trkpt>
<trkpt lat="41.204506" lon="-81.583984">
<ele>228</ele>
<time>2026-07-21T05:36:30Z</time></trkpt>
<trkpt lat="41.204582" lon="-81.58384">
<ele>228</ele>
<time>2026-07-21T05:36:35Z</time></trkpt>
<trkpt lat="41.204551" lon="-81.583737">
<ele>228</ele>
<time>2026-07-21T05:36:37Z</time></trkpt>
<trkpt lat="41.204456" lon="-81.583587">
<ele>228</ele>
<time>2026-07-21T05:36:42Z</time></trkpt>
<trkpt lat="41.204332" lon="-81.583262">
<ele>229</ele>
<time>2026-07-21T05:36:52Z</time></trkpt>
<trkpt lat="41.204296" lon="-81.583263">
<ele>229</ele>
<time>2026-07-21T05:36:53Z</time></trkpt>
<trkpt lat="41.204296" lon="-81.583263">
<ele>229</ele>
<time>2026-07-21T05:36:53Z</time></trkpt>
<trkpt lat="41.20419" lon="-81.583232">
<ele>228</ele>
<time>2026-07-21T05:36:57Z</time></trkpt>
<trkpt lat="41.204228" lon="-81.583141">
<ele>229</ele>
<time>2026-07-21T05:36:59Z</time></trkpt>
<trkpt lat="41.204331" lon="-81.582876">
<ele>229</ele>
<time>2026-07-21T05:37:07Z</time></trkpt>
<trkpt lat="41.204354" lon="-81.582783">
<ele>229</ele>
<time>2026-07-21T05:37:09Z</time></trkpt>
<trkpt lat="41.204353" lon="-81.582641">
<ele>228</ele>
<time>2026-07-21T05:37:13Z</time></trkpt>
<trkpt lat="41.204369" lon="-81.581934">
<ele>228</ele>
<time>2026-07-21T05:37:30Z</time></trkpt>
<trkpt lat="41.20433" lon="-81.58165">
<ele>228</ele>
<time>2026-07-21T05:37:37Z</time></trkpt>
<trkpt lat="41.204177" lon="-81.580941">
<ele>228</ele>
<time>2026-07-21T05:37:55Z</time></trkpt>
<trkpt lat="41.204184" lon="-81.580884">
<ele>228</ele>
<time>2026-07-21T05:37:57Z</time></trkpt>
<trkpt lat="41.204231" lon="-81.58084">
<ele>228</ele>
<time>2026-07-21T05:37:59Z</time></trkpt>
<trkpt lat="41.204079" lon="-81.580259">
<ele>228</ele>
<time>2026-07-21T05:38:14Z</time></trkpt>
<trkpt lat="41.204113" lon="-81.580055">
<ele>228</ele>
<time>2026-07-21T05:38:19Z</time></trkpt>
<trkpt lat="41.204083" lon="-81.579871">
<ele>228</ele>
<time>2026-07-21T05:38:23Z</time></trkpt>
<trkpt lat="41.203939" lon="-81.579288">
<ele>227</ele>
<time>2026-07-21T05:38:38Z</time></trkpt>
<trkpt lat="41.203894" lon="-81.578988">
<ele>226</ele>
<time>2026-07-21T05:38:46Z</time></trkpt>
<trkpt lat="41.203877" lon="-81.578723">
<ele>226</ele>
<time>2026-07-21T05:38:52Z</time></trkpt>
<trkpt lat="41.203907" lon="-81.578445">
<ele>226</ele>
<time>2026-07-21T05:38:59Z</time></trkpt>
<trkpt lat="41.204098" lon="-81.577402">
<ele>225</ele>
<time>2026-07-21T05:39:25Z</time></trkpt>
<trkpt lat="41.204128" lon="-81.577133">
<ele>225</ele>
<time>2026-07-21T05:39:32Z</time></trkpt>
<trkpt lat="41.204128" lon="-81.577133">
<ele>225</ele>
<time>2026-07-21T05:39:32Z</time></trkpt>
<trkpt lat="41.204263" lon="-81.576307">
<ele>225</ele>
<time>2026-07-21T05:39:53Z</time></trkpt>
<trkpt lat="41.204247" lon="-81.576159">
<ele>225</ele>
<time>2026-07-21T05:39:56Z</time></trkpt>
<trkpt lat="41.204073" lon="-81.575876">
<ele>224</ele>
<time>2026-07-21T05:40:05Z</time></trkpt>
<trkpt lat="41.204025" lon="-81.57576">
<ele>224</ele>
<time>2026-07-21T05:40:08Z</time></trkpt>
<trkpt lat="41.203985" lon="-81.575619">
<ele>223</ele>
<time>2026-07-21T05:40:12Z</time></trkpt>
<trkpt lat="41.203987" lon="-81.575549">
<ele>223</ele>
<time>2026-07-21T05:40:14Z</time></trkpt>
<trkpt lat="41.204023" lon="-81.575455">
<ele>223</ele>
<time>2026-07-21T05:40:16Z</time></trkpt>
<trkpt lat="41.20407" lon="-81.575407">
<ele>223</ele>
<time>2026-07-21T05:40:18Z</time></trkpt>
<trkpt lat="41.20434" lon="-81.575206">
<ele>224</ele>
<time>2026-07-21T05:40:28Z</time></trkpt>
<trkpt lat="41.20441" lon="-81.575065">
<ele>223</ele>
<time>2026-07-21T05:40:33Z</time></trkpt>
<trkpt lat="41.204428" lon="-81.574994">
<ele>223</ele>
<time>2026-07-21T05:40:34Z</time></trkpt>
<trkpt lat="41.204437" lon="-81.574827">
<ele>222</ele>
<time>2026-07-21T05:40:38Z</time></trkpt>
<trkpt lat="41.204437" lon="-81.574827">
<ele>222</ele>
<time>2026-07-21T05:40:38Z</time></trkpt>
<trkpt lat="41.204448" lon="-81.574628">
<ele>222</ele>
<time>2026-07-21T05:40:43Z</time></trkpt>
<trkpt lat="41.204444" lon="-81.573936">
<ele>222</ele>
<time>2026-07-21T05:41:00Z</time></trkpt>
<trkpt lat="41.204433" lon="-81.573845">
<ele>222</ele>
<time>2026-07-21T05:41:03Z</time></trkpt>
<trkpt lat="41.204396" lon="-81.573761">
<ele>222</ele>
<time>2026-07-21T05:41:05Z</time></trkpt>
<trkpt lat="41.204352" lon="-81.573724">
<ele>222</ele>
<time>2026-07-21T05:41:07Z</time></trkpt>
<trkpt lat="41.204282" lon="-81.573705">
<ele>221</ele>
<time>2026-07-21T05:41:09Z</time></trkpt>
<trkpt lat="41.204139" lon="-81.573731">
<ele>221</ele>
<time>2026-07-21T05:41:14Z</time></trkpt>
<trkpt lat="41.203405" lon="-81.57395">
<ele>221</ele>
<time>2026-07-21T05:41:38Z</time></trkpt>
<trkpt lat="41.202624" lon="-81.574225">
<ele>221</ele>
<time>2026-07-21T05:42:05Z</time></trkpt>
<trkpt lat="41.202469" lon="-81.574225">
<ele>221</ele>
<time>2026-07-21T05:42:10Z</time></trkpt>
<trkpt lat="41.202427" lon="-81.574204">
<ele>221</ele>
<time>2026-07-21T05:42:12Z</time></trkpt>
<trkpt lat="41.2024" lon="-81.574154">
<ele>221</ele>
<time>2026-07-21T05:42:13Z</time></trkpt>
<trkpt lat="41.202357" lon="-81.57391">
<ele>221</ele>
<time>2026-07-21T05:42:19Z</time></trkpt>
<trkpt lat="41.202357" lon="-81.57391">
<ele>221</ele>
<time>2026-07-21T05:42:19Z</time></trkpt>
<trkpt lat="41.202328" lon="-81.573749">
<ele>221</ele>
<time>2026-07-21T05:42:23Z</time></trkpt>
<trkpt lat="41.202262" lon="-81.573529">
<ele>221</ele>
<time>2026-07-21T05:42:29Z</time></trkpt>
<trkpt lat="41.202225" lon="-81.573461">
<ele>220</ele>
<time>2026-07-21T05:42:31Z</time></trkpt>
<trkpt lat="41.202146" lon="-81.573391">
<ele>220</ele>
<time>2026-07-21T05:42:35Z</time></trkpt>
<trkpt lat="41.201995" lon="-81.573391">
<ele>221</ele>
<time>2026-07-21T05:42:40Z</time></trkpt>
<trkpt lat="41.20189" lon="-81.573359">
<ele>221</ele>
<time>2026-07-21T05:42:43Z</time></trkpt>
<trkpt lat="41.201826" lon="-81.57328">
<ele>220</ele>
<time>2026-07-21T05:42:46Z</time></trkpt>
<trkpt lat="41.201805" lon="-81.573203">
<ele>220</ele>
<time>2026-07-21T05:42:48Z</time></trkpt>
<trkpt lat="41.200421" lon="-81.573811">
<ele>220</ele>
<time>2026-07-21T05:43:36Z</time></trkpt>
<trkpt lat="41.196838" lon="-81.575325">
<ele>222</ele>
<time>2026-07-21T05:45:44Z</time></trkpt>
<trkpt lat="41.196639" lon="-81.575447">
<ele>221</ele>
<time>2026-07-21T05:45:52Z</time></trkpt>
<trkpt lat="41.196639" lon="-81.575447">
<ele>221</ele>
<time>2026-07-21T05:45:52Z</time></trkpt>
<trkpt lat="41.196001" lon="-81.575836">
<ele>222</ele>
<time>2026-07-21T05:46:15Z</time></trkpt>
<trkpt lat="41.195484" lon="-81.576223">
<ele>222</ele>
<time>2026-07-21T05:46:36Z</time></trkpt>
<trkpt lat="41.195131" lon="-81.576529">
<ele>222</ele>
<time>2026-07-21T05:46:50Z</time></trkpt>
<trkpt lat="41.1940724" lon="-81.5775441">
<ele>222</ele>
<time>2026-07-21T05:47:35Z</time></trkpt>
<trkpt lat="41.194046" lon="-81.57757">
<ele>222</ele>
<time>2026-07-21T05:47:36Z</time></trkpt>
<trkpt lat="41.194201" lon="-81.577982">
<ele>223</ele>
<time>2026-07-21T05:47:47Z</time></trkpt>
<trkpt lat="41.194232" lon="-81.578127">
<ele>223</ele>
<time>2026-07-21T05:47:51Z</time></trkpt>
<trkpt lat="41.194232" lon="-81.578213">
<ele>223</ele>
<time>2026-07-21T05:47:51Z</time></trkpt>
<trkpt lat="41.194198" lon="-81.57833">
<ele>223</ele>
<time>2026-07-21T05:47:55Z</time></trkpt>
<trkpt lat="41.194188" lon="-81.578365">
<ele>223</ele>
<time>2026-07-21T05:47:56Z</time></trkpt>
<trkpt lat="41.19411" lon="-81.578467">
<ele>223</ele>
<time>2026-07-21T05:47:59Z</time></trkpt>
<trkpt lat="41.193998" lon="-81.57853">
<ele>223</ele>
<time>2026-07-21T05:48:03Z</time></trkpt>
<trkpt lat="41.193925" lon="-81.578545">
<ele>223</ele>
<time>2026-07-21T05:48:06Z</time></trkpt>
<trkpt lat="41.1939104" lon="-81.5786107">
<ele>223</ele>
<time>2026-07-21T05:48:08Z</time></trkpt>
<trkpt lat="41.193808" lon="-81.579073">
<ele>225</ele>
<time>2026-07-21T05:48:20Z</time></trkpt>
<trkpt lat="41.19382" lon="-81.579227">
<ele>226</ele>
<time>2026-07-21T05:48:24Z</time></trkpt>
<trkpt lat="41.193876" lon="-81.579348">
<ele>225</ele>
<time>2026-07-21T05:48:28Z</time></trkpt>
<trkpt lat="41.193865" lon="-81.57941">
<ele>225</ele>
<time>2026-07-21T05:48:29Z</time></trkpt>
<trkpt lat="41.193952" lon="-81.579425">
<ele>225</ele>
<time>2026-07-21T05:48:32Z</time></trkpt>
<trkpt lat="41.19397" lon="-81.579614">
<ele>224</ele>
<time>2026-07-21T05:48:37Z</time></trkpt>
<trkpt lat="41.194008" lon="-81.579752">
<ele>223</ele>
<time>2026-07-21T05:48:41Z</time></trkpt>
<trkpt lat="41.19412" lon="-81.579974">
<ele>223</ele>
<time>2026-07-21T05:48:50Z</time></trkpt>
<trkpt lat="41.194302" lon="-81.581021">
<ele>225</ele>
<time>2026-07-21T05:49:24Z</time></trkpt>
<trkpt lat="41.194277" lon="-81.581162">
<ele>225</ele>
<time>2026-07-21T05:49:29Z</time></trkpt>
<trkpt lat="41.194226" lon="-81.581276">
<ele>226</ele>
<time>2026-07-21T05:49:33Z</time></trkpt>
<trkpt lat="41.194162" lon="-81.581363">
<ele>227</ele>
<time>2026-07-21T05:49:37Z</time></trkpt>
<trkpt lat="41.193922" lon="-81.581548">
<ele>231</ele>
<time>2026-07-21T05:49:49Z</time></trkpt>
<trkpt lat="41.193867" lon="-81.581626">
<ele>231</ele>
<time>2026-07-21T05:49:52Z</time></trkpt>
<trkpt lat="41.193809" lon="-81.581794">
<ele>232</ele>
<time>2026-07-21T05:49:58Z</time></trkpt>
<trkpt lat="41.193839" lon="-81.582337">
<ele>234</ele>
<time>2026-07-21T05:50:16Z</time></trkpt>
<trkpt lat="41.193863" lon="-81.582404">
<ele>235</ele>
<time>2026-07-21T05:50:18Z</time></trkpt>
<trkpt lat="41.193863" lon="-81.582404">
<ele>235</ele>
<time>2026-07-21T05:50:18Z</time></trkpt>
<trkpt lat="41.193988" lon="-81.582672">
<ele>235</ele>
<time>2026-07-21T05:50:29Z</time></trkpt>
<trkpt lat="41.194653" lon="-81.583573">
<ele>236</ele>
<time>2026-07-21T05:51:07Z</time></trkpt>
<trkpt lat="41.194818" lon="-81.583823">
<ele>235</ele>
<time>2026-07-21T05:51:17Z</time></trkpt>
<trkpt lat="41.194891" lon="-81.584075">
<ele>236</ele>
<time>2026-07-21T05:51:25Z</time></trkpt>
<trkpt lat="41.194911" lon="-81.584312">
<ele>237</ele>
<time>2026-07-21T05:51:32Z</time></trkpt>
<trkpt lat="41.194916" lon="-81.584662">
<ele>237</ele>
<time>2026-07-21T05:51:42Z</time></trkpt>
<trkpt lat="41.19489" lon="-81.585126">
<ele>237</ele>
<time>2026-07-21T05:51:56Z</time></trkpt>
<trkpt lat="41.194763" lon="-81.585518">
<ele>238</ele>
<time>2026-07-21T05:52:08Z</time></trkpt>
<trkpt lat="41.194672" lon="-81.585699">
<ele>239</ele>
<time>2026-07-21T05:52:14Z</time></trkpt>
<trkpt lat="41.19405" lon="-81.586692">
<ele>244</ele>
<time>2026-07-21T05:52:53Z</time></trkpt>
<trkpt lat="41.192865" lon="-81.58868">
<ele>253</ele>
<time>2026-07-21T05:54:15Z</time></trkpt>
<trkpt lat="41.192697" lon="-81.588876">
<ele>254</ele>
<time>2026-07-21T05:54:25Z</time></trkpt>
<trkpt lat="41.192172" lon="-81.589406">
<ele>254</ele>
<time>2026-07-21T05:54:52Z</time></trkpt>
<trkpt lat="41.19171" lon="-81.58984">
<ele>249</ele>
<time>2026-07-21T05:55:08Z</time></trkpt>
<trkpt lat="41.191624" lon="-81.589948">
<ele>248</ele>
<time>2026-07-21T05:55:12Z</time></trkpt>
<trkpt lat="41.191517" lon="-81.590144">
<ele>247</ele>
<time>2026-07-21T05:55:17Z</time></trkpt>
<trkpt lat="41.191481" lon="-81.590402">
<ele>244</ele>
<time>2026-07-21T05:55:23Z</time></trkpt>
<trkpt lat="41.191523" lon="-81.590881">
<ele>240</ele>
<time>2026-07-21T05:55:33Z</time></trkpt>
<trkpt lat="41.191573" lon="-81.591005">
<ele>240</ele>
<time>2026-07-21T05:55:36Z</time></trkpt>
<trkpt lat="41.191714" lon="-81.591181">
<ele>239</ele>
<time>2026-07-21T05:55:42Z</time></trkpt>
<trkpt lat="41.191793" lon="-81.591316">
<ele>238</ele>
<time>2026-07-21T05:55:45Z</time></trkpt>
<trkpt lat="41.191793" lon="-81.591316">
<ele>238</ele>
<time>2026-07-21T05:55:45Z</time></trkpt>
<trkpt lat="41.191816" lon="-81.591357">
<ele>238</ele>
<time>2026-07-21T05:55:47Z</time></trkpt>
<trkpt lat="41.191835" lon="-81.591451">
<ele>238</ele>
<time>2026-07-21T05:55:49Z</time></trkpt>
<trkpt lat="41.191845" lon="-81.591727">
<ele>238</ele>
<time>2026-07-21T05:55:55Z</time></trkpt>
<trkpt lat="41.190506" lon="-81.591901">
<ele>239</ele>
<time>2026-07-21T05:56:38Z</time></trkpt>
<trkpt lat="41.189443" lon="-81.592078">
<ele>242</ele>
<time>2026-07-21T05:57:16Z</time></trkpt>
<trkpt lat="41.188308" lon="-81.592342">
<ele>241</ele>
<time>2026-07-21T05:57:57Z</time></trkpt>
<trkpt lat="41.188019" lon="-81.59236">
<ele>242</ele>
<time>2026-07-21T05:58:07Z</time></trkpt>
<trkpt lat="41.187842" lon="-81.592316">
<ele>242</ele>
<time>2026-07-21T05:58:12Z</time></trkpt>
<trkpt lat="41.187615" lon="-81.592187">
<ele>241</ele>
<time>2026-07-21T05:58:20Z</time></trkpt>
<trkpt lat="41.187615" lon="-81.592187">
<ele>241</ele>
<time>2026-07-21T05:58:20Z</time></trkpt>
<trkpt lat="41.187237" lon="-81.591882">
<ele>241</ele>
<time>2026-07-21T05:58:34Z</time></trkpt>
<trkpt lat="41.186894" lon="-81.591553">
<ele>240</ele>
<time>2026-07-21T05:58:48Z</time></trkpt>
<trkpt lat="41.185626" lon="-81.590109">
<ele>235</ele>
<time>2026-07-21T05:59:41Z</time></trkpt>
<trkpt lat="41.185111" lon="-81.589548">
<ele>233</ele>
<time>2026-07-21T06:00:02Z</time></trkpt>
<trkpt lat="41.184692" lon="-81.589164">
<ele>232</ele>
<time>2026-07-21T06:00:18Z</time></trkpt>
<trkpt lat="41.184692" lon="-81.589164">
<ele>232</ele>
<time>2026-07-21T06:00:18Z</time></trkpt>
<trkpt lat="41.182446" lon="-81.587107">
<ele>232</ele>
<time>2026-07-21T06:01:45Z</time></trkpt>
<trkpt lat="41.182232" lon="-81.586924">
<ele>231</ele>
<time>2026-07-21T06:01:53Z</time></trkpt>
<trkpt lat="41.181623" lon="-81.586549">
<ele>228</ele>
<time>2026-07-21T06:02:15Z</time></trkpt>
<trkpt lat="41.181541" lon="-81.586453">
<ele>228</ele>
<time>2026-07-21T06:02:18Z</time></trkpt>
<trkpt lat="41.181507" lon="-81.586293">
<ele>227</ele>
<time>2026-07-21T06:02:22Z</time></trkpt>
<trkpt lat="41.181331" lon="-81.586305">
<ele>227</ele>
<time>2026-07-21T06:02:28Z</time></trkpt>
<trkpt lat="41.181246" lon="-81.586134">
<ele>226</ele>
<time>2026-07-21T06:02:33Z</time></trkpt>
<trkpt lat="41.181246" lon="-81.585964">
<ele>225</ele>
<time>2026-07-21T06:02:33Z</time></trkpt>
<trkpt lat="41.181154" lon="-81.585747">
<ele>225</ele>
<time>2026-07-21T06:02:39Z</time></trkpt>
<trkpt lat="41.181127" lon="-81.585721">
<ele>225</ele>
<time>2026-07-21T06:02:40Z</time></trkpt>
<trkpt lat="41.180998" lon="-81.585705">
<ele>226</ele>
<time>2026-07-21T06:02:44Z</time></trkpt>
<trkpt lat="41.180974" lon="-81.585726">
<ele>226</ele>
<time>2026-07-21T06:02:46Z</time></trkpt>
<trkpt lat="41.180873" lon="-81.585919">
<ele>229</ele>
<time>2026-07-21T06:02:58Z</time></trkpt>
<trkpt lat="41.18074" lon="-81.585996">
<ele>232</ele>
<time>2026-07-21T06:03:07Z</time></trkpt>
<trkpt lat="41.180647" lon="-81.58614">
<ele>235</ele>
<time>2026-07-21T06:03:17Z</time></trkpt>
<trkpt lat="41.180529" lon="-81.586168">
<ele>238</ele>
<time>2026-07-21T06:03:25Z</time></trkpt>
<trkpt lat="41.180502" lon="-81.586202">
<ele>239</ele>
<time>2026-07-21T06:03:27Z</time></trkpt>
<trkpt lat="41.180477" lon="-81.586263">
<ele>240</ele>
<time>2026-07-21T06:03:30Z</time></trkpt>
<trkpt lat="41.180445" lon="-81.586737">
<ele>243</ele>
<time>2026-07-21T06:03:54Z</time></trkpt>
<trkpt lat="41.180389" lon="-81.58685">
<ele>245</ele>
<time>2026-07-21T06:04:01Z</time></trkpt>
<trkpt lat="41.180389" lon="-81.58685">
<ele>245</ele>
<time>2026-07-21T06:04:01Z</time></trkpt>
<trkpt lat="41.180265" lon="-81.58693">
<ele>248</ele>
<time>2026-07-21T06:04:10Z</time></trkpt>
<trkpt lat="41.179668" lon="-81.586905">
<ele>260</ele>
<time>2026-07-21T06:04:49Z</time></trkpt>
<trkpt lat="41.179625" lon="-81.586918">
<ele>260</ele>
<time>2026-07-21T06:04:52Z</time></trkpt>
<trkpt lat="41.179614" lon="-81.586942">
<ele>260</ele>
<time>2026-07-21T06:04:54Z</time></trkpt>
<trkpt lat="41.179623" lon="-81.587044">
<ele>262</ele>
<time>2026-07-21T06:04:59Z</time></trkpt>
<trkpt lat="41.179591" lon="-81.587108">
<ele>263</ele>
<time>2026-07-21T06:05:03Z</time></trkpt>
<trkpt lat="41.179531" lon="-81.587128">
<ele>263</ele>
<time>2026-07-21T06:05:07Z</time></trkpt>
<trkpt lat="41.179252" lon="-81.587139">
<ele>263</ele>
<time>2026-07-21T06:05:25Z</time></trkpt>
<trkpt lat="41.17923" lon="-81.587156">
<ele>263</ele>
<time>2026-07-21T06:05:27Z</time></trkpt>
<trkpt lat="41.179115" lon="-81.587404">
<ele>266</ele>
<time>2026-07-21T06:05:41Z</time></trkpt>
<trkpt lat="41.179099" lon="-81.587574">
<ele>267</ele>
<time>2026-07-21T06:05:50Z</time></trkpt>
<trkpt lat="41.179126" lon="-81.587782">
<ele>267</ele>
<time>2026-07-21T06:06:00Z</time></trkpt>
<trkpt lat="41.179037" lon="-81.588021">
<ele>267</ele>
<time>2026-07-21T06:06:08Z</time></trkpt>
<trkpt lat="41.178951" lon="-81.588076">
<ele>267</ele>
<time>2026-07-21T06:06:12Z</time></trkpt>
<trkpt lat="41.178795" lon="-81.588095">
<ele>268</ele>
<time>2026-07-21T06:06:18Z</time></trkpt>
<trkpt lat="41.178624" lon="-81.588144">
<ele>269</ele>
<time>2026-07-21T06:06:25Z</time></trkpt>
<trkpt lat="41.178536" lon="-81.588202">
<ele>269</ele>
<time>2026-07-21T06:06:29Z</time></trkpt>
<trkpt lat="41.178491" lon="-81.588282">
<ele>269</ele>
<time>2026-07-21T06:06:32Z</time></trkpt>
<trkpt lat="41.17843" lon="-81.588519">
<ele>268</ele>
<time>2026-07-21T06:06:40Z</time></trkpt>
<trkpt lat="41.178371" lon="-81.588626">
<ele>268</ele>
<time>2026-07-21T06:06:44Z</time></trkpt>
<trkpt lat="41.178155" lon="-81.588732">
<ele>269</ele>
<time>2026-07-21T06:06:53Z</time></trkpt>
<trkpt lat="41.178116" lon="-81.588763">
<ele>269</ele>
<time>2026-07-21T06:06:54Z</time></trkpt>
<trkpt lat="41.178026" lon="-81.58889">
<ele>270</ele>
<time>2026-07-21T06:07:00Z</time></trkpt>
<trkpt lat="41.177928" lon="-81.588969">
<ele>270</ele>
<time>2026-07-21T06:07:04Z</time></trkpt>
<trkpt lat="41.177762" lon="-81.589044">
<ele>271</ele>
<time>2026-07-21T06:07:11Z</time></trkpt>
<trkpt lat="41.177643" lon="-81.589012">
<ele>272</ele>
<time>2026-07-21T06:07:16Z</time></trkpt>
<trkpt lat="41.177338" lon="-81.588862">
<ele>276</ele>
<time>2026-07-21T06:07:29Z</time></trkpt>
<trkpt lat="41.176885" lon="-81.588856">
<ele>276</ele>
<time>2026-07-21T06:07:47Z</time></trkpt>
<trkpt lat="41.176736" lon="-81.588845">
<ele>277</ele>
<time>2026-07-21T06:07:53Z</time></trkpt>
<trkpt lat="41.176679" lon="-81.588824">
<ele>277</ele>
<time>2026-07-21T06:07:55Z</time></trkpt>
<trkpt lat="41.176604" lon="-81.588781">
<ele>275</ele>
<time>2026-07-21T06:07:58Z</time></trkpt>
<trkpt lat="41.176545" lon="-81.588723">
<ele>275</ele>
<time>2026-07-21T06:08:02Z</time></trkpt>
<trkpt lat="41.176448" lon="-81.588574">
<ele>276</ele>
<time>2026-07-21T06:08:08Z</time></trkpt>
<trkpt lat="41.176368" lon="-81.588411">
<ele>277</ele>
<time>2026-07-21T06:08:14Z</time></trkpt>
<trkpt lat="41.176172" lon="-81.588262">
<ele>276</ele>
<time>2026-07-21T06:08:24Z</time></trkpt>
<trkpt lat="41.176031" lon="-81.588214">
<ele>277</ele>
<time>2026-07-21T06:08:31Z</time></trkpt>
<trkpt lat="41.175924" lon="-81.587997">
<ele>280</ele>
<time>2026-07-21T06:08:39Z</time></trkpt>
<trkpt lat="41.175775" lon="-81.58795">
<ele>281</ele>
<time>2026-07-21T06:08:46Z</time></trkpt>
<trkpt lat="41.175666" lon="-81.58786">
<ele>283</ele>
<time>2026-07-21T06:08:52Z</time></trkpt>
<trkpt lat="41.175369" lon="-81.587733">
<ele>285</ele>
<time>2026-07-21T06:09:05Z</time></trkpt>
<trkpt lat="41.175369" lon="-81.587733">
<ele>285</ele>
<time>2026-07-21T06:09:05Z</time></trkpt>
<trkpt lat="41.175098" lon="-81.587661">
<ele>286</ele>
<time>2026-07-21T06:09:17Z</time></trkpt>
<trkpt lat="41.174827" lon="-81.58772">
<ele>286</ele>
<time>2026-07-21T06:09:29Z</time></trkpt>
<trkpt lat="41.174465" lon="-81.587575">
<ele>289</ele>
<time>2026-07-21T06:09:46Z</time></trkpt>
<trkpt lat="41.174281" lon="-81.587142">
<ele>289</ele>
<time>2026-07-21T06:10:02Z</time></trkpt>
<trkpt lat="41.174214" lon="-81.587034">
<ele>288</ele>
<time>2026-07-21T06:10:07Z</time></trkpt>
<trkpt lat="41.174149" lon="-81.586965">
<ele>288</ele>
<time>2026-07-21T06:10:10Z</time></trkpt>
<trkpt lat="41.174074" lon="-81.586947">
<ele>288</ele>
<time>2026-07-21T06:10:13Z</time></trkpt>
<trkpt lat="41.173726" lon="-81.586968">
<ele>289</ele>
<time>2026-07-21T06:10:27Z</time></trkpt>
<trkpt lat="41.173479" lon="-81.586949">
<ele>290</ele>
<time>2026-07-21T06:10:37Z</time></trkpt>
<trkpt lat="41.173341" lon="-81.586969">
<ele>290</ele>
<time>2026-07-21T06:10:43Z</time></trkpt>
<trkpt lat="41.173295" lon="-81.586953">
<ele>290</ele>
<time>2026-07-21T06:10:45Z</time></trkpt>
<trkpt lat="41.173186" lon="-81.586843">
<ele>288</ele>
<time>2026-07-21T06:10:50Z</time></trkpt>
<trkpt lat="41.17306" lon="-81.586685">
<ele>290</ele>
<time>2026-07-21T06:10:57Z</time></trkpt>
<trkpt lat="41.173023" lon="-81.586614">
<ele>290</ele>
<time>2026-07-21T06:11:00Z</time></trkpt>
<trkpt lat="41.173013" lon="-81.586359">
<ele>290</ele>
<time>2026-07-21T06:11:08Z</time></trkpt>
<trkpt lat="41.172998" lon="-81.586306">
<ele>289</ele>
<time>2026-07-21T06:11:09Z</time></trkpt>
<trkpt lat="41.172998" lon="-81.586306">
<ele>289</ele>
<time>2026-07-21T06:11:09Z</time></trkpt>
<trkpt lat="41.172946" lon="-81.586253">
<ele>289</ele>
<time>2026-07-21T06:11:12Z</time></trkpt>
<trkpt lat="41.172721" lon="-81.586227">
<ele>293</ele>
<time>2026-07-21T06:11:21Z</time></trkpt>
<trkpt lat="41.172504" lon="-81.586165">
<ele>296</ele>
<time>2026-07-21T06:11:30Z</time></trkpt>
<trkpt lat="41.17244" lon="-81.586175">
<ele>296</ele>
<time>2026-07-21T06:11:33Z</time></trkpt>
<trkpt lat="41.172155" lon="-81.586307">
<ele>296</ele>
<time>2026-07-21T06:11:45Z</time></trkpt>
<trkpt lat="41.17202" lon="-81.586297">
<ele>296</ele>
<time>2026-07-21T06:11:51Z</time></trkpt>
<trkpt lat="41.171774" lon="-81.586172">
<ele>297</ele>
<time>2026-07-21T06:12:01Z</time></trkpt>
<trkpt lat="41.171532" lon="-81.585994">
<ele>296</ele>
<time>2026-07-21T06:12:11Z</time></trkpt>
<trkpt lat="41.171477" lon="-81.585919">
<ele>296</ele>
<time>2026-07-21T06:12:14Z</time></trkpt>
<trkpt lat="41.171379" lon="-81.585723">
<ele>298</ele>
<time>2026-07-21T06:12:19Z</time></trkpt>
<trkpt lat="41.17136" lon="-81.585649">
<ele>297</ele>
<time>2026-07-21T06:12:21Z</time></trkpt>
<trkpt lat="41.171352" lon="-81.585337">
<ele>296</ele>
<time>2026-07-21T06:12:28Z</time></trkpt>
<trkpt lat="41.171377" lon="-81.585272">
<ele>296</ele>
<time>2026-07-21T06:12:29Z</time></trkpt>
<trkpt lat="41.17156" lon="-81.58503">
<ele>290</ele>
<time>2026-07-21T06:12:37Z</time></trkpt>
<trkpt lat="41.171592" lon="-81.584933">
<ele>290</ele>
<time>2026-07-21T06:12:40Z</time></trkpt>
<trkpt lat="41.171586" lon="-81.584871">
<ele>290</ele>
<time>2026-07-21T06:12:41Z</time></trkpt>
<trkpt lat="41.171514" lon="-81.584691">
<ele>291</ele>
<time>2026-07-21T06:12:46Z</time></trkpt>
<trkpt lat="41.171483" lon="-81.584658">
<ele>291</ele>
<time>2026-07-21T06:12:47Z</time></trkpt>
<trkpt lat="41.171435" lon="-81.584643">
<ele>292</ele>
<time>2026-07-21T06:12:48Z</time></trkpt>
<trkpt lat="41.171246" lon="-81.584661">
<ele>293</ele>
<time>2026-07-21T06:12:54Z</time></trkpt>
<trkpt lat="41.171212" lon="-81.584632">
<ele>293</ele>
<time>2026-07-21T06:12:55Z</time></trkpt>
<trkpt lat="41.171188" lon="-81.58457">
<ele>293</ele>
<time>2026-07-21T06:12:57Z</time></trkpt>
<trkpt lat="41.171187" lon="-81.584432">
<ele>292</ele>
<time>2026-07-21T06:13:00Z</time></trkpt>
<trkpt lat="41.171352" lon="-81.583866">
<ele>288</ele>
<time>2026-07-21T06:13:14Z</time></trkpt>
<trkpt lat="41.171362" lon="-81.583649">
<ele>288</ele>
<time>2026-07-21T06:13:19Z</time></trkpt>
<trkpt lat="41.171322" lon="-81.583527">
<ele>287</ele>
<time>2026-07-21T06:13:22Z</time></trkpt>
<trkpt lat="41.171286" lon="-81.583481">
<ele>287</ele>
<time>2026-07-21T06:13:23Z</time></trkpt>
<trkpt lat="41.171186" lon="-81.58345">
<ele>286</ele>
<time>2026-07-21T06:13:27Z</time></trkpt>
<trkpt lat="41.171142" lon="-81.583472">
<ele>286</ele>
<time>2026-07-21T06:13:28Z</time></trkpt>
<trkpt lat="41.17087" lon="-81.58397">
<ele>285</ele>
<time>2026-07-21T06:13:42Z</time></trkpt>
<trkpt lat="41.170798" lon="-81.584196">
<ele>285</ele>
<time>2026-07-21T06:13:49Z</time></trkpt>
<trkpt lat="41.170799" lon="-81.584196">
<ele>285</ele>
<time>2026-07-21T06:13:49Z</time></trkpt>
<trkpt lat="41.170704" lon="-81.584495">
<ele>284</ele>
<time>2026-07-21T06:13:57Z</time></trkpt>
<trkpt lat="41.170734" lon="-81.584935">
<ele>286</ele>
<time>2026-07-21T06:14:08Z</time></trkpt>
<trkpt lat="41.170722" lon="-81.585031">
<ele>287</ele>
<time>2026-07-21T06:14:10Z</time></trkpt>
<trkpt lat="41.170673" lon="-81.58516">
<ele>287</ele>
<time>2026-07-21T06:14:14Z</time></trkpt>
<trkpt lat="41.170654" lon="-81.585279">
<ele>288</ele>
<time>2026-07-21T06:14:17Z</time></trkpt>
<trkpt lat="41.170665" lon="-81.585589">
<ele>288</ele>
<time>2026-07-21T06:14:25Z</time></trkpt>
<trkpt lat="41.170698" lon="-81.585731">
<ele>287</ele>
<time>2026-07-21T06:14:28Z</time></trkpt>
<trkpt lat="41.170803" lon="-81.585979">
<ele>288</ele>
<time>2026-07-21T06:14:36Z</time></trkpt>
<trkpt lat="41.170811" lon="-81.586107">
<ele>288</ele>
<time>2026-07-21T06:14:39Z</time></trkpt>
<trkpt lat="41.170782" lon="-81.586157">
<ele>288</ele>
<time>2026-07-21T06:14:40Z</time></trkpt>
<trkpt lat="41.170733" lon="-81.586165">
<ele>288</ele>
<time>2026-07-21T06:14:42Z</time></trkpt>
<trkpt lat="41.170691" lon="-81.586139">
<ele>288</ele>
<time>2026-07-21T06:14:44Z</time></trkpt>
<trkpt lat="41.170589" lon="-81.585984">
<ele>286</ele>
<time>2026-07-21T06:14:49Z</time></trkpt>
<trkpt lat="41.170545" lon="-81.585948">
<ele>286</ele>
<time>2026-07-21T06:14:50Z</time></trkpt>
<trkpt lat="41.170347" lon="-81.585902">
<ele>286</ele>
<time>2026-07-21T06:14:57Z</time></trkpt>
<trkpt lat="41.170277" lon="-81.585825">
<ele>286</ele>
<time>2026-07-21T06:15:00Z</time></trkpt>
<trkpt lat="41.170227" lon="-81.585744">
<ele>286</ele>
<time>2026-07-21T06:15:03Z</time></trkpt>
<trkpt lat="41.17018" lon="-81.585479">
<ele>284</ele>
<time>2026-07-21T06:15:10Z</time></trkpt>
<trkpt lat="41.170011" lon="-81.585191">
<ele>288</ele>
<time>2026-07-21T06:15:19Z</time></trkpt>
<trkpt lat="41.169949" lon="-81.584981">
<ele>287</ele>
<time>2026-07-21T06:15:25Z</time></trkpt>
<trkpt lat="41.169835" lon="-81.584798">
<ele>287</ele>
<time>2026-07-21T06:15:31Z</time></trkpt>
<trkpt lat="41.169804" lon="-81.584771">
<ele>288</ele>
<time>2026-07-21T06:15:32Z</time></trkpt>
<trkpt lat="41.169587" lon="-81.584746">
<ele>289</ele>
<time>2026-07-21T06:15:40Z</time></trkpt>
<trkpt lat="41.169505" lon="-81.584776">
<ele>289</ele>
<time>2026-07-21T06:15:43Z</time></trkpt>
<trkpt lat="41.169446" lon="-81.584849">
<ele>288</ele>
<time>2026-07-21T06:15:46Z</time></trkpt>
<trkpt lat="41.169428" lon="-81.585064">
<ele>289</ele>
<time>2026-07-21T06:15:51Z</time></trkpt>
<trkpt lat="41.169404" lon="-81.585123">
<ele>289</ele>
<time>2026-07-21T06:15:53Z</time></trkpt>
<trkpt lat="41.169377" lon="-81.585151">
<ele>289</ele>
<time>2026-07-21T06:15:54Z</time></trkpt>
<trkpt lat="41.169343" lon="-81.585156">
<ele>288</ele>
<time>2026-07-21T06:15:55Z</time></trkpt>
<trkpt lat="41.169208" lon="-81.585125">
<ele>286</ele>
<time>2026-07-21T06:16:00Z</time></trkpt>
<trkpt lat="41.169173" lon="-81.585137">
<ele>285</ele>
<time>2026-07-21T06:16:01Z</time></trkpt>
<trkpt lat="41.169143" lon="-81.5852">
<ele>284</ele>
<time>2026-07-21T06:16:03Z</time></trkpt>
<trkpt lat="41.169143" lon="-81.5852">
<ele>284</ele>
<time>2026-07-21T06:16:03Z</time></trkpt>
<trkpt lat="41.169116" lon="-81.585359">
<ele>283</ele>
<time>2026-07-21T06:16:08Z</time></trkpt>
<trkpt lat="41.169116" lon="-81.585483">
<ele>284</ele>
<time>2026-07-21T06:16:08Z</time></trkpt>
<trkpt lat="41.169133" lon="-81.585582">
<ele>285</ele>
<time>2026-07-21T06:16:10Z</time></trkpt>
<trkpt lat="41.169211" lon="-81.585741">
<ele>287</ele>
<time>2026-07-21T06:16:15Z</time></trkpt>
<trkpt lat="41.169225" lon="-81.585806">
<ele>288</ele>
<time>2026-07-21T06:16:17Z</time></trkpt>
<trkpt lat="41.169218" lon="-81.585998">
<ele>288</ele>
<time>2026-07-21T06:16:22Z</time></trkpt>
<trkpt lat="41.169236" lon="-81.586119">
<ele>288</ele>
<time>2026-07-21T06:16:25Z</time></trkpt>
<trkpt lat="41.169324" lon="-81.586325">
<ele>289</ele>
<time>2026-07-21T06:16:32Z</time></trkpt>
<trkpt lat="41.169353" lon="-81.586417">
<ele>289</ele>
<time>2026-07-21T06:16:34Z</time></trkpt>
<trkpt lat="41.169352" lon="-81.586467">
<ele>289</ele>
<time>2026-07-21T06:16:36Z</time></trkpt>
<trkpt lat="41.169308" lon="-81.586573">
<ele>290</ele>
<time>2026-07-21T06:16:39Z</time></trkpt>
<trkpt lat="41.169268" lon="-81.586604">
<ele>290</ele>
<time>2026-07-21T06:16:40Z</time></trkpt>
<trkpt lat="41.169064" lon="-81.586649">
<ele>289</ele>
<time>2026-07-21T06:16:48Z</time></trkpt>
<trkpt lat="41.16895" lon="-81.586713">
<ele>289</ele>
<time>2026-07-21T06:16:52Z</time></trkpt>
<trkpt lat="41.16888" lon="-81.586775">
<ele>288</ele>
<time>2026-07-21T06:16:55Z</time></trkpt>
<trkpt lat="41.168843" lon="-81.586845">
<ele>287</ele>
<time>2026-07-21T06:16:57Z</time></trkpt>
<trkpt lat="41.168844" lon="-81.586902">
<ele>288</ele>
<time>2026-07-21T06:16:59Z</time></trkpt>
<trkpt lat="41.168863" lon="-81.586956">
<ele>288</ele>
<time>2026-07-21T06:17:00Z</time></trkpt>
<trkpt lat="41.16906" lon="-81.587169">
<ele>290</ele>
<time>2026-07-21T06:17:10Z</time></trkpt>
<trkpt lat="41.169099" lon="-81.587178">
<ele>291</ele>
<time>2026-07-21T06:17:12Z</time></trkpt>
<trkpt lat="41.169131" lon="-81.58715">
<ele>291</ele>
<time>2026-07-21T06:17:13Z</time></trkpt>
<trkpt lat="41.169186" lon="-81.586999">
<ele>291</ele>
<time>2026-07-21T06:17:18Z</time></trkpt>
<trkpt lat="41.169222" lon="-81.586961">
<ele>291</ele>
<time>2026-07-21T06:17:20Z</time></trkpt>
<trkpt lat="41.169265" lon="-81.586959">
<ele>291</ele>
<time>2026-07-21T06:17:22Z</time></trkpt>
<trkpt lat="41.169522" lon="-81.587061">
<ele>293</ele>
<time>2026-07-21T06:17:33Z</time></trkpt>
<trkpt lat="41.169789" lon="-81.587081">
<ele>295</ele>
<time>2026-07-21T06:17:43Z</time></trkpt>
<trkpt lat="41.169813" lon="-81.587102">
<ele>295</ele>
<time>2026-07-21T06:17:44Z</time></trkpt>
<trkpt lat="41.169844" lon="-81.587644">
<ele>296</ele>
<time>2026-07-21T06:18:01Z</time></trkpt>
<trkpt lat="41.169849" lon="-81.588122">
<ele>297</ele>
<time>2026-07-21T06:18:15Z</time></trkpt>
<trkpt lat="41.169864" lon="-81.588191">
<ele>297</ele>
<time>2026-07-21T06:18:17Z</time></trkpt>
<trkpt lat="41.169899" lon="-81.588261">
<ele>297</ele>
<time>2026-07-21T06:18:20Z</time></trkpt>
<trkpt lat="41.169899" lon="-81.588261">
<ele>297</ele>
<time>2026-07-21T06:18:20Z</time></trkpt>
<trkpt lat="41.169939" lon="-81.588372">
<ele>298</ele>
<time>2026-07-21T06:18:23Z</time></trkpt>
<trkpt lat="41.169916" lon="-81.588564">
<ele>298</ele>
<time>2026-07-21T06:18:29Z</time></trkpt>
<trkpt lat="41.169919" lon="-81.588857">
<ele>299</ele>
<time>2026-07-21T06:18:38Z</time></trkpt>
<trkpt lat="41.169858" lon="-81.589048">
<ele>298</ele>
<time>2026-07-21T06:18:44Z</time></trkpt>
<trkpt lat="41.169952" lon="-81.589325">
<ele>297</ele>
<time>2026-07-21T06:18:53Z</time></trkpt>
<trkpt lat="41.169994" lon="-81.589401">
<ele>296</ele>
<time>2026-07-21T06:18:56Z</time></trkpt>
<trkpt lat="41.170269" lon="-81.589724">
<ele>292</ele>
<time>2026-07-21T06:19:08Z</time></trkpt>
<trkpt lat="41.170344" lon="-81.589845">
<ele>291</ele>
<time>2026-07-21T06:19:11Z</time></trkpt>
<trkpt lat="41.170428" lon="-81.590086">
<ele>290</ele>
<time>2026-07-21T06:19:18Z</time></trkpt>
<trkpt lat="41.170518" lon="-81.590571">
<ele>290</ele>
<time>2026-07-21T06:19:30Z</time></trkpt>
<trkpt lat="41.170494" lon="-81.590665">
<ele>290</ele>
<time>2026-07-21T06:19:32Z</time></trkpt>
<trkpt lat="41.170481" lon="-81.590841">
<ele>292</ele>
<time>2026-07-21T06:19:36Z</time></trkpt>
<trkpt lat="41.170497" lon="-81.591002">
<ele>292</ele>
<time>2026-07-21T06:19:40Z</time></trkpt>
<trkpt lat="41.170548" lon="-81.591186">
<ele>292</ele>
<time>2026-07-21T06:19:45Z</time></trkpt>
<trkpt lat="41.170548" lon="-81.591229">
<ele>293</ele>
<time>2026-07-21T06:19:45Z</time></trkpt>
<trkpt lat="41.170528" lon="-81.591271">
<ele>293</ele>
<time>2026-07-21T06:19:46Z</time></trkpt>
<trkpt lat="41.170402" lon="-81.591444">
<ele>294</ele>
<time>2026-07-21T06:19:52Z</time></trkpt>
<trkpt lat="41.17025" lon="-81.591745">
<ele>292</ele>
<time>2026-07-21T06:20:00Z</time></trkpt>
<trkpt lat="41.170196" lon="-81.591807">
<ele>292</ele>
<time>2026-07-21T06:20:02Z</time></trkpt>
<trkpt lat="41.1701" lon="-81.591806">
<ele>291</ele>
<time>2026-07-21T06:20:06Z</time></trkpt>
<trkpt lat="41.170035" lon="-81.591777">
<ele>292</ele>
<time>2026-07-21T06:20:08Z</time></trkpt>
<trkpt lat="41.170035" lon="-81.591777">
<ele>292</ele>
<time>2026-07-21T06:20:08Z</time></trkpt>
<trkpt lat="41.169944" lon="-81.591737">
<ele>292</ele>
<time>2026-07-21T06:20:11Z</time></trkpt>
<trkpt lat="41.169681" lon="-81.591689">
<ele>292</ele>
<time>2026-07-21T06:20:19Z</time></trkpt>
<trkpt lat="41.169619" lon="-81.591656">
<ele>292</ele>
<time>2026-07-21T06:20:21Z</time></trkpt>
<trkpt lat="41.169531" lon="-81.591551">
<ele>292</ele>
<time>2026-07-21T06:20:25Z</time></trkpt>
<trkpt lat="41.169443" lon="-81.591375">
<ele>290</ele>
<time>2026-07-21T06:20:30Z</time></trkpt>
<trkpt lat="41.16938" lon="-81.591068">
<ele>290</ele>
<time>2026-07-21T06:20:38Z</time></trkpt>
<trkpt lat="41.169346" lon="-81.59098">
<ele>290</ele>
<time>2026-07-21T06:20:40Z</time></trkpt>
<trkpt lat="41.169347" lon="-81.590931">
<ele>290</ele>
<time>2026-07-21T06:20:41Z</time></trkpt>
<trkpt lat="41.169439" lon="-81.590698">
<ele>291</ele>
<time>2026-07-21T06:20:48Z</time></trkpt>
<trkpt lat="41.169434" lon="-81.590567">
<ele>291</ele>
<time>2026-07-21T06:20:51Z</time></trkpt>
<trkpt lat="41.1694" lon="-81.590512">
<ele>291</ele>
<time>2026-07-21T06:20:53Z</time></trkpt>
<trkpt lat="41.169335" lon="-81.590453">
<ele>291</ele>
<time>2026-07-21T06:20:55Z</time></trkpt>
<trkpt lat="41.169254" lon="-81.590425">
<ele>291</ele>
<time>2026-07-21T06:20:58Z</time></trkpt>
<trkpt lat="41.169212" lon="-81.590445">
<ele>290</ele>
<time>2026-07-21T06:20:59Z</time></trkpt>
<trkpt lat="41.16904" lon="-81.590643">
<ele>289</ele>
<time>2026-07-21T06:21:07Z</time></trkpt>
<trkpt lat="41.168975" lon="-81.590663">
<ele>289</ele>
<time>2026-07-21T06:21:09Z</time></trkpt>
<trkpt lat="41.168941" lon="-81.590651">
<ele>289</ele>
<time>2026-07-21T06:21:10Z</time></trkpt>
<trkpt lat="41.168817" lon="-81.590517">
<ele>290</ele>
<time>2026-07-21T06:21:15Z</time></trkpt>
<trkpt lat="41.168507" lon="-81.590251">
<ele>288</ele>
<time>2026-07-21T06:21:27Z</time></trkpt>
<trkpt lat="41.168471" lon="-81.590189">
<ele>288</ele>
<time>2026-07-21T06:21:29Z</time></trkpt>
<trkpt lat="41.168432" lon="-81.590051">
<ele>288</ele>
<time>2026-07-21T06:21:33Z</time></trkpt>
<trkpt lat="41.16836" lon="-81.589988">
<ele>288</ele>
<time>2026-07-21T06:21:36Z</time></trkpt>
<trkpt lat="41.168219" lon="-81.589987">
<ele>287</ele>
<time>2026-07-21T06:21:40Z</time></trkpt>
<trkpt lat="41.168151" lon="-81.590006">
<ele>286</ele>
<time>2026-07-21T06:21:42Z</time></trkpt>
<trkpt lat="41.168075" lon="-81.59006">
<ele>285</ele>
<time>2026-07-21T06:21:45Z</time></trkpt>
<trkpt lat="41.16802" lon="-81.590129">
<ele>284</ele>
<time>2026-07-21T06:21:48Z</time></trkpt>
<trkpt lat="41.16801" lon="-81.590276">
<ele>284</ele>
<time>2026-07-21T06:21:51Z</time></trkpt>
<trkpt lat="41.168027" lon="-81.590345">
<ele>284</ele>
<time>2026-07-21T06:21:53Z</time></trkpt>
<trkpt lat="41.168071" lon="-81.590385">
<ele>285</ele>
<time>2026-07-21T06:21:55Z</time></trkpt>
<trkpt lat="41.168368" lon="-81.590485">
<ele>287</ele>
<time>2026-07-21T06:22:05Z</time></trkpt>
<trkpt lat="41.168413" lon="-81.590519">
<ele>287</ele>
<time>2026-07-21T06:22:06Z</time></trkpt>
<trkpt lat="41.168488" lon="-81.590661">
<ele>286</ele>
<time>2026-07-21T06:22:10Z</time></trkpt>
<trkpt lat="41.168499" lon="-81.590702">
<ele>285</ele>
<time>2026-07-21T06:22:11Z</time></trkpt>
<trkpt lat="41.168488" lon="-81.590729">
<ele>285</ele>
<time>2026-07-21T06:22:11Z</time></trkpt>
<trkpt lat="41.168419" lon="-81.590709">
<ele>284</ele>
<time>2026-07-21T06:22:13Z</time></trkpt>
<trkpt lat="41.168208" lon="-81.59054">
<ele>284</ele>
<time>2026-07-21T06:22:20Z</time></trkpt>
<trkpt lat="41.16816" lon="-81.590535">
<ele>284</ele>
<time>2026-07-21T06:22:21Z</time></trkpt>
<trkpt lat="41.167988" lon="-81.590591">
<ele>281</ele>
<time>2026-07-21T06:22:26Z</time></trkpt>
<trkpt lat="41.167928" lon="-81.590645">
<ele>279</ele>
<time>2026-07-21T06:22:28Z</time></trkpt>
<trkpt lat="41.167923" lon="-81.59069">
<ele>278</ele>
<time>2026-07-21T06:22:29Z</time></trkpt>
<trkpt lat="41.167945" lon="-81.590729">
<ele>277</ele>
<time>2026-07-21T06:22:30Z</time></trkpt>
<trkpt lat="41.167968" lon="-81.590919">
<ele>274</ele>
<time>2026-07-21T06:22:34Z</time></trkpt>
<trkpt lat="41.16799" lon="-81.59096">
<ele>274</ele>
<time>2026-07-21T06:22:35Z</time></trkpt>
<trkpt lat="41.168226" lon="-81.591185">
<ele>274</ele>
<time>2026-07-21T06:22:42Z</time></trkpt>
<trkpt lat="41.16831" lon="-81.591295">
<ele>273</ele>
<time>2026-07-21T06:22:46Z</time></trkpt>
<trkpt lat="41.168399" lon="-81.591469">
<ele>272</ele>
<time>2026-07-21T06:22:50Z</time></trkpt>
<trkpt lat="41.168429" lon="-81.59158">
<ele>271</ele>
<time>2026-07-21T06:22:52Z</time></trkpt>
<trkpt lat="41.168504" lon="-81.591613">
<ele>271</ele>
<time>2026-07-21T06:22:54Z</time></trkpt>
<trkpt lat="41.168564" lon="-81.591676">
<ele>271</ele>
<time>2026-07-21T06:22:56Z</time></trkpt>
<trkpt lat="41.168627" lon="-81.591973">
<ele>266</ele>
<time>2026-07-21T06:23:02Z</time></trkpt>
<trkpt lat="41.168622" lon="-81.592">
<ele>266</ele>
<time>2026-07-21T06:23:03Z</time></trkpt>
<trkpt lat="41.168598" lon="-81.592018">
<ele>265</ele>
<time>2026-07-21T06:23:04Z</time></trkpt>
<trkpt lat="41.168566" lon="-81.592008">
<ele>265</ele>
<time>2026-07-21T06:23:05Z</time></trkpt>
<trkpt lat="41.168479" lon="-81.591891">
<ele>266</ele>
<time>2026-07-21T06:23:08Z</time></trkpt>
<trkpt lat="41.168237" lon="-81.591637">
<ele>266</ele>
<time>2026-07-21T06:23:16Z</time></trkpt>
<trkpt lat="41.168152" lon="-81.591592">
<ele>265</ele>
<time>2026-07-21T06:23:19Z</time></trkpt>
<trkpt lat="41.167865" lon="-81.591524">
<ele>263</ele>
<time>2026-07-21T06:23:26Z</time></trkpt>
<trkpt lat="41.167865" lon="-81.591524">
<ele>263</ele>
<time>2026-07-21T06:23:26Z</time></trkpt>
<trkpt lat="41.167636" lon="-81.591526">
<ele>259</ele>
<time>2026-07-21T06:23:33Z</time></trkpt>
<trkpt lat="41.167627" lon="-81.591552">
<ele>259</ele>
<time>2026-07-21T06:23:33Z</time></trkpt>
<trkpt lat="41.167667" lon="-81.591644">
<ele>258</ele>
<time>2026-07-21T06:23:36Z</time></trkpt>
<trkpt lat="41.16766" lon="-81.591672">
<ele>257</ele>
<time>2026-07-21T06:23:36Z</time></trkpt>
<trkpt lat="41.167637" lon="-81.591682">
<ele>257</ele>
<time>2026-07-21T06:23:37Z</time></trkpt>
<trkpt lat="41.167607" lon="-81.591666">
<ele>256</ele>
<time>2026-07-21T06:23:38Z</time></trkpt>
<trkpt lat="41.167179" lon="-81.591121">
<ele>250</ele>
<time>2026-07-21T06:23:54Z</time></trkpt>
<trkpt lat="41.167071" lon="-81.59103">
<ele>251</ele>
<time>2026-07-21T06:23:58Z</time></trkpt>
<trkpt lat="41.166925" lon="-81.590949">
<ele>250</ele>
<time>2026-07-21T06:24:02Z</time></trkpt>
<trkpt lat="41.166536" lon="-81.590832">
<ele>250</ele>
<time>2026-07-21T06:24:13Z</time></trkpt>
<trkpt lat="41.166052" lon="-81.590794">
<ele>247</ele>
<time>2026-07-21T06:24:27Z</time></trkpt>
<trkpt lat="41.165862" lon="-81.590724">
<ele>247</ele>
<time>2026-07-21T06:24:32Z</time></trkpt>
<trkpt lat="41.165798" lon="-81.590734">
<ele>247</ele>
<time>2026-07-21T06:24:34Z</time></trkpt>
<trkpt lat="41.165601" lon="-81.590851">
<ele>245</ele>
<time>2026-07-21T06:24:40Z</time></trkpt>
<trkpt lat="41.165601" lon="-81.590851">
<ele>245</ele>
<time>2026-07-21T06:24:40Z</time></trkpt>
<trkpt lat="41.165532" lon="-81.590898">
<ele>244</ele>
<time>2026-07-21T06:24:42Z</time></trkpt>
<trkpt lat="41.165472" lon="-81.590911">
<ele>244</ele>
<time>2026-07-21T06:24:44Z</time></trkpt>
<trkpt lat="41.165353" lon="-81.590872">
<ele>243</ele>
<time>2026-07-21T06:24:47Z</time></trkpt>
<trkpt lat="41.16528" lon="-81.590793">
<ele>243</ele>
<time>2026-07-21T06:24:50Z</time></trkpt>
<trkpt lat="41.16522" lon="-81.590755">
<ele>243</ele>
<time>2026-07-21T06:24:52Z</time></trkpt>
<trkpt lat="41.165023" lon="-81.590766">
<ele>243</ele>
<time>2026-07-21T06:24:58Z</time></trkpt>
<trkpt lat="41.164913" lon="-81.59085">
<ele>243</ele>
<time>2026-07-21T06:25:02Z</time></trkpt>
<trkpt lat="41.164673" lon="-81.591142">
<ele>242</ele>
<time>2026-07-21T06:25:13Z</time></trkpt>
<trkpt lat="41.164653" lon="-81.591157">
<ele>242</ele>
<time>2026-07-21T06:25:14Z</time></trkpt>
<trkpt lat="41.164594" lon="-81.591153">
<ele>241</ele>
<time>2026-07-21T06:25:15Z</time></trkpt>
<trkpt lat="41.164544" lon="-81.591097">
<ele>241</ele>
<time>2026-07-21T06:25:17Z</time></trkpt>
<trkpt lat="41.16445" lon="-81.590833">
<ele>241</ele>
<time>2026-07-21T06:25:24Z</time></trkpt>
<trkpt lat="41.164343" lon="-81.590666">
<ele>241</ele>
<time>2026-07-21T06:25:30Z</time></trkpt>
<trkpt lat="41.164296" lon="-81.590635">
<ele>241</ele>
<time>2026-07-21T06:25:31Z</time></trkpt>
<trkpt lat="41.16418" lon="-81.590694">
<ele>241</ele>
<time>2026-07-21T06:25:35Z</time></trkpt>
<trkpt lat="41.164128" lon="-81.590694">
<ele>240</ele>
<time>2026-07-21T06:25:37Z</time></trkpt>
<trkpt lat="41.164093" lon="-81.590657">
<ele>240</ele>
<time>2026-07-21T06:25:38Z</time></trkpt>
<trkpt lat="41.16402" lon="-81.590482">
<ele>240</ele>
<time>2026-07-21T06:25:43Z</time></trkpt>
<trkpt lat="41.163974" lon="-81.590313">
<ele>240</ele>
<time>2026-07-21T06:25:47Z</time></trkpt>
<trkpt lat="41.163962" lon="-81.590206">
<ele>239</ele>
<time>2026-07-21T06:25:50Z</time></trkpt>
<trkpt lat="41.163977" lon="-81.589876">
<ele>239</ele>
<time>2026-07-21T06:25:58Z</time></trkpt>
<trkpt lat="41.163923" lon="-81.58968">
<ele>238</ele>
<time>2026-07-21T06:26:03Z</time></trkpt>
<trkpt lat="41.163919" lon="-81.589522">
<ele>238</ele>
<time>2026-07-21T06:26:06Z</time></trkpt>
<trkpt lat="41.163896" lon="-81.589418">
<ele>238</ele>
<time>2026-07-21T06:26:09Z</time></trkpt>
<trkpt lat="41.163862" lon="-81.589392">
<ele>238</ele>
<time>2026-07-21T06:26:10Z</time></trkpt>
<trkpt lat="41.163672" lon="-81.589364">
<ele>237</ele>
<time>2026-07-21T06:26:16Z</time></trkpt>
<trkpt lat="41.163477" lon="-81.589172">
<ele>237</ele>
<time>2026-07-21T06:26:24Z</time></trkpt>
<trkpt lat="41.163477" lon="-81.589173">
<ele>237</ele>
<time>2026-07-21T06:26:24Z</time></trkpt>
<trkpt lat="41.163376" lon="-81.589178">
<ele>236</ele>
<time>2026-07-21T06:26:28Z</time></trkpt>
<trkpt lat="41.163128" lon="-81.589341">
<ele>235</ele>
<time>2026-07-21T06:26:37Z</time></trkpt>
<trkpt lat="41.16306" lon="-81.589333">
<ele>235</ele>
<time>2026-07-21T06:26:39Z</time></trkpt>
<trkpt lat="41.16304" lon="-81.589301">
<ele>235</ele>
<time>2026-07-21T06:26:40Z</time></trkpt>
<trkpt lat="41.163029" lon="-81.589159">
<ele>235</ele>
<time>2026-07-21T06:26:44Z</time></trkpt>
<trkpt lat="41.162988" lon="-81.589017">
<ele>235</ele>
<time>2026-07-21T06:26:47Z</time></trkpt>
<trkpt lat="41.162821" lon="-81.588753">
<ele>235</ele>
<time>2026-07-21T06:26:56Z</time></trkpt>
<trkpt lat="41.162793" lon="-81.588672">
<ele>235</ele>
<time>2026-07-21T06:26:58Z</time></trkpt>
<trkpt lat="41.162837" lon="-81.588327">
<ele>234</ele>
<time>2026-07-21T06:27:07Z</time></trkpt>
<trkpt lat="41.162815" lon="-81.587926">
<ele>234</ele>
<time>2026-07-21T06:27:17Z</time></trkpt>
<trkpt lat="41.162865" lon="-81.587691">
<ele>234</ele>
<time>2026-07-21T06:27:23Z</time></trkpt>
<trkpt lat="41.162922" lon="-81.587627">
<ele>233</ele>
<time>2026-07-21T06:27:26Z</time></trkpt>
<trkpt lat="41.16302" lon="-81.587615">
<ele>234</ele>
<time>2026-07-21T06:27:29Z</time></trkpt>
<trkpt lat="41.163109" lon="-81.58767">
<ele>235</ele>
<time>2026-07-21T06:27:32Z</time></trkpt>
<trkpt lat="41.163305" lon="-81.587845">
<ele>237</ele>
<time>2026-07-21T06:27:40Z</time></trkpt>
<trkpt lat="41.163356" lon="-81.587862">
<ele>237</ele>
<time>2026-07-21T06:27:42Z</time></trkpt>
<trkpt lat="41.163473" lon="-81.58786">
<ele>238</ele>
<time>2026-07-21T06:27:46Z</time></trkpt>
<trkpt lat="41.163472" lon="-81.587842">
<ele>238</ele>
<time>2026-07-21T06:27:46Z</time></trkpt>
<trkpt lat="41.163472" lon="-81.587842">
<ele>238</ele>
<time>2026-07-21T06:27:46Z</time></trkpt>
<trkpt lat="41.163396" lon="-81.587052">
<ele>236</ele>
<time>2026-07-21T06:28:06Z</time></trkpt>
<trkpt lat="41.163268" lon="-81.586154">
<ele>237</ele>
<time>2026-07-21T06:28:28Z</time></trkpt>
<trkpt lat="41.162988" lon="-81.583918">
<ele>232</ele>
<time>2026-07-21T06:29:22Z</time></trkpt>
<trkpt lat="41.162876" lon="-81.58342">
<ele>232</ele>
<time>2026-07-21T06:29:35Z</time></trkpt>
<trkpt lat="41.162622" lon="-81.582569">
<ele>232</ele>
<time>2026-07-21T06:29:57Z</time></trkpt>
<trkpt lat="41.162439" lon="-81.582075">
<ele>232</ele>
<time>2026-07-21T06:30:11Z</time></trkpt>
<trkpt lat="41.162253" lon="-81.58166">
<ele>233</ele>
<time>2026-07-21T06:30:23Z</time></trkpt>
<trkpt lat="41.161988" lon="-81.581166">
<ele>233</ele>
<time>2026-07-21T06:30:38Z</time></trkpt>
<trkpt lat="41.161952" lon="-81.579264">
<ele>230</ele>
<time>2026-07-21T06:31:25Z</time></trkpt>
<trkpt lat="41.161952" lon="-81.579264">
<ele>230</ele>
<time>2026-07-21T06:31:25Z</time></trkpt>
<trkpt lat="41.161949" lon="-81.57838">
<ele>229</ele>
<time>2026-07-21T06:31:46Z</time></trkpt>
<trkpt lat="41.16205" lon="-81.575634">
<ele>228</ele>
<time>2026-07-21T06:32:54Z</time></trkpt>
<trkpt lat="41.161758" lon="-81.575576">
<ele>228</ele>
<time>2026-07-21T06:33:04Z</time></trkpt>
<trkpt lat="41.161303" lon="-81.575378">
<ele>229</ele>
<time>2026-07-21T06:33:20Z</time></trkpt>
<trkpt lat="41.161073" lon="-81.575299">
<ele>229</ele>
<time>2026-07-21T06:33:28Z</time></trkpt>
<trkpt lat="41.160742" lon="-81.575093">
<ele>229</ele>
<time>2026-07-21T06:33:40Z</time></trkpt>
<trkpt lat="41.160537" lon="-81.574836">
<ele>228</ele>
<time>2026-07-21T06:33:49Z</time></trkpt>
<trkpt lat="41.16047" lon="-81.574796">
<ele>228</ele>
<time>2026-07-21T06:33:52Z</time></trkpt>
<trkpt lat="41.160346" lon="-81.574787">
<ele>228</ele>
<time>2026-07-21T06:33:56Z</time></trkpt>
<trkpt lat="41.159999" lon="-81.574894">
<ele>228</ele>
<time>2026-07-21T06:34:08Z</time></trkpt>
<trkpt lat="41.159929" lon="-81.574875">
<ele>228</ele>
<time>2026-07-21T06:34:10Z</time></trkpt>
<trkpt lat="41.159761" lon="-81.57467">
<ele>228</ele>
<time>2026-07-21T06:34:18Z</time></trkpt>
<trkpt lat="41.159565" lon="-81.574496">
<ele>228</ele>
<time>2026-07-21T06:34:26Z</time></trkpt>
<trkpt lat="41.159412" lon="-81.574435">
<ele>228</ele>
<time>2026-07-21T06:34:31Z</time></trkpt>
<trkpt lat="41.159289" lon="-81.57435">
<ele>227</ele>
<time>2026-07-21T06:34:35Z</time></trkpt>
<trkpt lat="41.159189" lon="-81.574204">
<ele>227</ele>
<time>2026-07-21T06:34:40Z</time></trkpt>
<trkpt lat="41.159124" lon="-81.573875">
<ele>227</ele>
<time>2026-07-21T06:34:49Z</time></trkpt>
<trkpt lat="41.159045" lon="-81.573763">
<ele>227</ele>
<time>2026-07-21T06:34:52Z</time></trkpt>
<trkpt lat="41.158938" lon="-81.573713">
<ele>226</ele>
<time>2026-07-21T06:34:56Z</time></trkpt>
<trkpt lat="41.158605" lon="-81.573649">
<ele>226</ele>
<time>2026-07-21T06:35:07Z</time></trkpt>
<trkpt lat="41.158605" lon="-81.573649">
<ele>226</ele>
<time>2026-07-21T06:35:07Z</time></trkpt>
<trkpt lat="41.158448" lon="-81.573662">
<ele>226</ele>
<time>2026-07-21T06:35:12Z</time></trkpt>
<trkpt lat="41.158379" lon="-81.57361">
<ele>226</ele>
<time>2026-07-21T06:35:15Z</time></trkpt>
<trkpt lat="41.158362" lon="-81.573521">
<ele>226</ele>
<time>2026-07-21T06:35:17Z</time></trkpt>
<trkpt lat="41.158353" lon="-81.573268">
<ele>226</ele>
<time>2026-07-21T06:35:23Z</time></trkpt>
<trkpt lat="41.158333" lon="-81.573221">
<ele>226</ele>
<time>2026-07-21T06:35:25Z</time></trkpt>
<trkpt lat="41.158296" lon="-81.573191">
<ele>226</ele>
<time>2026-07-21T06:35:26Z</time></trkpt>
<trkpt lat="41.157499" lon="-81.573183">
<ele>225</ele>
<time>2026-07-21T06:35:52Z</time></trkpt>
<trkpt lat="41.15715" lon="-81.573152">
<ele>226</ele>
<time>2026-07-21T06:36:04Z</time></trkpt>
<trkpt lat="41.156265" lon="-81.57298">
<ele>226</ele>
<time>2026-07-21T06:36:33Z</time></trkpt>
<trkpt lat="41.156149" lon="-81.572932">
<ele>225</ele>
<time>2026-07-21T06:36:37Z</time></trkpt>
<trkpt lat="41.156027" lon="-81.572814">
<ele>225</ele>
<time>2026-07-21T06:36:42Z</time></trkpt>
<trkpt lat="41.155996" lon="-81.572742">
<ele>225</ele>
<time>2026-07-21T06:36:44Z</time></trkpt>
<trkpt lat="41.155989" lon="-81.572617">
<ele>225</ele>
<time>2026-07-21T06:36:47Z</time></trkpt>
<trkpt lat="41.156118" lon="-81.572189">
<ele>224</ele>
<time>2026-07-21T06:36:58Z</time></trkpt>
<trkpt lat="41.156123" lon="-81.572026">
<ele>224</ele>
<time>2026-07-21T06:37:02Z</time></trkpt>
<trkpt lat="41.156102" lon="-81.57188">
<ele>224</ele>
<time>2026-07-21T06:37:06Z</time></trkpt>
<trkpt lat="41.156011" lon="-81.571744">
<ele>224</ele>
<time>2026-07-21T06:37:11Z</time></trkpt>
<trkpt lat="41.15558" lon="-81.57132">
<ele>224</ele>
<time>2026-07-21T06:37:28Z</time></trkpt>
<trkpt lat="41.154978" lon="-81.570383">
<ele>224</ele>
<time>2026-07-21T06:37:59Z</time></trkpt>
<trkpt lat="41.154285" lon="-81.56944">
<ele>225</ele>
<time>2026-07-21T06:38:33Z</time></trkpt>
<trkpt lat="41.154042" lon="-81.569211">
<ele>224</ele>
<time>2026-07-21T06:38:43Z</time></trkpt>
<trkpt lat="41.15397" lon="-81.569096">
<ele>224</ele>
<time>2026-07-21T06:38:47Z</time></trkpt>
<trkpt lat="41.153899" lon="-81.568937">
<ele>224</ele>
<time>2026-07-21T06:38:52Z</time></trkpt>
<trkpt lat="41.153856" lon="-81.568885">
<ele>224</ele>
<time>2026-07-21T06:38:54Z</time></trkpt>
<trkpt lat="41.153751" lon="-81.568804">
<ele>224</ele>
<time>2026-07-21T06:38:58Z</time></trkpt>
<trkpt lat="41.153622" lon="-81.568739">
<ele>225</ele>
<time>2026-07-21T06:39:02Z</time></trkpt>
<trkpt lat="41.153484" lon="-81.568619">
<ele>225</ele>
<time>2026-07-21T06:39:08Z</time></trkpt>
<trkpt lat="41.153484" lon="-81.568619">
<ele>225</ele>
<time>2026-07-21T06:39:08Z</time></trkpt>
<trkpt lat="41.153385" lon="-81.568532">
<ele>225</ele>
<time>2026-07-21T06:39:12Z</time></trkpt>
<trkpt lat="41.152948" lon="-81.568273">
<ele>225</ele>
<time>2026-07-21T06:39:28Z</time></trkpt>
<trkpt lat="41.152763" lon="-81.568186">
<ele>224</ele>
<time>2026-07-21T06:39:35Z</time></trkpt>
<trkpt lat="41.152663" lon="-81.568196">
<ele>225</ele>
<time>2026-07-21T06:39:39Z</time></trkpt>
<trkpt lat="41.152479" lon="-81.568296">
<ele>226</ele>
<time>2026-07-21T06:39:45Z</time></trkpt>
<trkpt lat="41.152402" lon="-81.568316">
<ele>226</ele>
<time>2026-07-21T06:39:48Z</time></trkpt>
<trkpt lat="41.152241" lon="-81.568284">
<ele>226</ele>
<time>2026-07-21T06:39:54Z</time></trkpt>
<trkpt lat="41.152025" lon="-81.568197">
<ele>226</ele>
<time>2026-07-21T06:40:01Z</time></trkpt>
<trkpt lat="41.151437" lon="-81.568116">
<ele>226</ele>
<time>2026-07-21T06:40:21Z</time></trkpt>
<trkpt lat="41.150504" lon="-81.568045">
<ele>226</ele>
<time>2026-07-21T06:40:53Z</time></trkpt>
<trkpt lat="41.149922" lon="-81.567943">
<ele>226</ele>
<time>2026-07-21T06:41:13Z</time></trkpt>
<trkpt lat="41.149848" lon="-81.567906">
<ele>226</ele>
<time>2026-07-21T06:41:16Z</time></trkpt>
<trkpt lat="41.149454" lon="-81.567611">
<ele>226</ele>
<time>2026-07-21T06:41:31Z</time></trkpt>
<trkpt lat="41.148234" lon="-81.566932">
<ele>225</ele>
<time>2026-07-21T06:42:15Z</time></trkpt>
<trkpt lat="41.147595" lon="-81.566701">
<ele>226</ele>
<time>2026-07-21T06:42:37Z</time></trkpt>
<trkpt lat="41.147595" lon="-81.566701">
<ele>226</ele>
<time>2026-07-21T06:42:37Z</time></trkpt>
<trkpt lat="41.147108" lon="-81.566525">
<ele>226</ele>
<time>2026-07-21T06:42:54Z</time></trkpt>
<trkpt lat="41.146779" lon="-81.566377">
<ele>227</ele>
<time>2026-07-21T06:43:06Z</time></trkpt>
<trkpt lat="41.146607" lon="-81.566263">
<ele>226</ele>
<time>2026-07-21T06:43:12Z</time></trkpt>
<trkpt lat="41.146171" lon="-81.56604">
<ele>226</ele>
<time>2026-07-21T06:43:28Z</time></trkpt>
<trkpt lat="41.146103" lon="-81.565983">
<ele>226</ele>
<time>2026-07-21T06:43:31Z</time></trkpt>
<trkpt lat="41.145954" lon="-81.56578">
<ele>225</ele>
<time>2026-07-21T06:43:38Z</time></trkpt>
<trkpt lat="41.145707" lon="-81.56563">
<ele>225</ele>
<time>2026-07-21T06:43:47Z</time></trkpt>
<trkpt lat="41.145462" lon="-81.565542">
<ele>226</ele>
<time>2026-07-21T06:43:56Z</time></trkpt>
<trkpt lat="41.145084" lon="-81.565513">
<ele>227</ele>
<time>2026-07-21T06:44:09Z</time></trkpt>
<trkpt lat="41.144477" lon="-81.565386">
<ele>226</ele>
<time>2026-07-21T06:44:30Z</time></trkpt>
<trkpt lat="41.144248" lon="-81.565266">
<ele>226</ele>
<time>2026-07-21T06:44:38Z</time></trkpt>
<trkpt lat="41.143913" lon="-81.565128">
<ele>226</ele>
<time>2026-07-21T06:44:49Z</time></trkpt>
<trkpt lat="41.143216" lon="-81.564907">
<ele>227</ele>
<time>2026-07-21T06:45:13Z</time></trkpt>
<trkpt lat="41.142896" lon="-81.564688">
<ele>226</ele>
<time>2026-07-21T06:45:25Z</time></trkpt>
<trkpt lat="41.142453" lon="-81.564472">
<ele>225</ele>
<time>2026-07-21T06:45:40Z</time></trkpt>
<trkpt lat="41.142181" lon="-81.564407">
<ele>226</ele>
<time>2026-07-21T06:45:50Z</time></trkpt>
<trkpt lat="41.142181" lon="-81.564407">
<ele>226</ele>
<time>2026-07-21T06:45:50Z</time></trkpt>
<trkpt lat="41.141959" lon="-81.564354">
<ele>226</ele>
<time>2026-07-21T06:45:57Z</time></trkpt>
<trkpt lat="41.141686" lon="-81.564197">
<ele>226</ele>
<time>2026-07-21T06:46:08Z</time></trkpt>
<trkpt lat="41.14148" lon="-81.564049">
<ele>227</ele>
<time>2026-07-21T06:46:17Z</time></trkpt>
<trkpt lat="41.140949" lon="-81.563594">
<ele>227</ele>
<time>2026-07-21T06:46:42Z</time></trkpt>
<trkpt lat="41.140913" lon="-81.563666">
<ele>227</ele>
<time>2026-07-21T06:46:45Z</time></trkpt>
<trkpt lat="41.140793" lon="-81.563831">
<ele>228</ele>
<time>2026-07-21T06:46:52Z</time></trkpt>
<trkpt lat="41.14078" lon="-81.563875">
<ele>228</ele>
<time>2026-07-21T06:46:53Z</time></trkpt>
<trkpt lat="41.140851" lon="-81.56399">
<ele>228</ele>
<time>2026-07-21T06:46:58Z</time></trkpt>
<trkpt lat="41.140852" lon="-81.564064">
<ele>228</ele>
<time>2026-07-21T06:47:00Z</time></trkpt>
<trkpt lat="41.140839" lon="-81.564102">
<ele>228</ele>
<time>2026-07-21T06:47:01Z</time></trkpt>
<trkpt lat="41.140828" lon="-81.564132">
<ele>228</ele>
<time>2026-07-21T06:47:02Z</time></trkpt>
<trkpt lat="41.140809" lon="-81.564159">
<ele>228</ele>
<time>2026-07-21T06:47:03Z</time></trkpt>
<trkpt lat="41.140786" lon="-81.564179">
<ele>228</ele>
<time>2026-07-21T06:47:04Z</time></trkpt>
<trkpt lat="41.140757" lon="-81.564202">
<ele>228</ele>
<time>2026-07-21T06:47:06Z</time></trkpt>
<trkpt lat="41.140857" lon="-81.564472">
<ele>228</ele>
<time>2026-07-21T06:47:15Z</time></trkpt>
<trkpt lat="41.140871" lon="-81.564599">
<ele>229</ele>
<time>2026-07-21T06:47:18Z</time></trkpt>
<trkpt lat="41.140836" lon="-81.564892">
<ele>231</ele>
<time>2026-07-21T06:47:27Z</time></trkpt>
<trkpt lat="41.140836" lon="-81.564917">
<ele>231</ele>
<time>2026-07-21T06:47:27Z</time></trkpt>
<trkpt lat="41.140841" lon="-81.565107">
<ele>232</ele>
<time>2026-07-21T06:47:33Z</time></trkpt>
<trkpt lat="41.140841" lon="-81.565107">
<ele>232</ele>
<time>2026-07-21T06:47:33Z</time></trkpt>
<trkpt lat="41.140841" lon="-81.565133">
<ele>232</ele>
<time>2026-07-21T06:47:33Z</time></trkpt>
<trkpt lat="41.140681" lon="-81.565084">
<ele>232</ele>
<time>2026-07-21T06:47:39Z</time></trkpt>
<trkpt lat="41.140529" lon="-81.565165">
<ele>233</ele>
<time>2026-07-21T06:47:46Z</time></trkpt>
<trkpt lat="41.140325" lon="-81.565163">
<ele>233</ele>
<time>2026-07-21T06:47:54Z</time></trkpt>
<trkpt lat="41.140116" lon="-81.565256">
<ele>235</ele>
<time>2026-07-21T06:48:03Z</time></trkpt>
<trkpt lat="41.140057" lon="-81.565262">
<ele>235</ele>
<time>2026-07-21T06:48:06Z</time></trkpt>
<trkpt lat="41.139879" lon="-81.565201">
<ele>237</ele>
<time>2026-07-21T06:48:14Z</time></trkpt>
<trkpt lat="41.139571" lon="-81.564988">
<ele>237</ele>
<time>2026-07-21T06:48:29Z</time></trkpt>
<trkpt lat="41.139549" lon="-81.564999">
<ele>237</ele>
<time>2026-07-21T06:48:30Z</time></trkpt>
<trkpt lat="41.139543" lon="-81.565025">
<ele>238</ele>
<time>2026-07-21T06:48:31Z</time></trkpt>
<trkpt lat="41.139559" lon="-81.565212">
<ele>242</ele>
<time>2026-07-21T06:48:37Z</time></trkpt>
<trkpt lat="41.139518" lon="-81.565254">
<ele>243</ele>
<time>2026-07-21T06:48:39Z</time></trkpt>
<trkpt lat="41.139518" lon="-81.565254">
<ele>243</ele>
<time>2026-07-21T06:48:39Z</time></trkpt>
<trkpt lat="41.139474" lon="-81.565297">
<ele>244</ele>
<time>2026-07-21T06:48:42Z</time></trkpt>
<trkpt lat="41.139377" lon="-81.565287">
<ele>245</ele>
<time>2026-07-21T06:48:46Z</time></trkpt>
<trkpt lat="41.139308" lon="-81.5649247">
<ele>240</ele>
<time>2026-07-21T06:48:58Z</time></trkpt>
<trkpt lat="41.1392515" lon="-81.5648818">
<ele>241</ele>
<time>2026-07-21T06:49:01Z</time></trkpt>
<trkpt lat="41.139203" lon="-81.5649837">
<ele>242</ele>
<time>2026-07-21T06:49:05Z</time></trkpt>
<trkpt lat="41.1391343" lon="-81.5650642">
<ele>242</ele>
<time>2026-07-21T06:49:09Z</time></trkpt>
<trkpt lat="41.139025" lon="-81.565374">
<ele>243</ele>
<time>2026-07-21T06:49:20Z</time></trkpt>
<trkpt lat="41.138963" lon="-81.565421">
<ele>243</ele>
<time>2026-07-21T06:49:23Z</time></trkpt>
<trkpt lat="41.138931" lon="-81.565529">
<ele>243</ele>
<time>2026-07-21T06:49:27Z</time></trkpt>
<trkpt lat="41.138838" lon="-81.565528">
<ele>243</ele>
<time>2026-07-21T06:49:31Z</time></trkpt>
<trkpt lat="41.138723" lon="-81.5655">
<ele>242</ele>
<time>2026-07-21T06:49:36Z</time></trkpt>
<trkpt lat="41.138686" lon="-81.565574">
<ele>243</ele>
<time>2026-07-21T06:49:39Z</time></trkpt>
<trkpt lat="41.138573" lon="-81.565598">
<ele>242</ele>
<time>2026-07-21T06:49:44Z</time></trkpt>
<trkpt lat="41.138573" lon="-81.565598">
<ele>242</ele>
<time>2026-07-21T06:49:44Z</time></trkpt>
<trkpt lat="41.138499" lon="-81.565613">
<ele>242</ele>
<time>2026-07-21T06:49:48Z</time></trkpt>
<trkpt lat="41.138418" lon="-81.565658">
<ele>242</ele>
<time>2026-07-21T06:49:51Z</time></trkpt>
<trkpt lat="41.138341" lon="-81.565805">
<ele>245</ele>
<time>2026-07-21T06:49:57Z</time></trkpt>
<trkpt lat="41.13819" lon="-81.565962">
<ele>246</ele>
<time>2026-07-21T06:50:06Z</time></trkpt>
<trkpt lat="41.138128" lon="-81.566049">
<ele>247</ele>
<time>2026-07-21T06:50:10Z</time></trkpt>
<trkpt lat="41.138106" lon="-81.566183">
<ele>249</ele>
<time>2026-07-21T06:50:16Z</time></trkpt>
<trkpt lat="41.138286" lon="-81.566163">
<ele>251</ele>
<time>2026-07-21T06:50:26Z</time></trkpt>
<trkpt lat="41.138286" lon="-81.566163">
<ele>251</ele>
<time>2026-07-21T06:50:26Z</time></trkpt>
<trkpt lat="41.138436" lon="-81.566145">
<ele>252</ele>
<time>2026-07-21T06:50:34Z</time></trkpt>
<trkpt lat="41.138501" lon="-81.56626">
<ele>255</ele>
<time>2026-07-21T06:50:40Z</time></trkpt>
<trkpt lat="41.138554" lon="-81.56628">
<ele>256</ele>
<time>2026-07-21T06:50:43Z</time></trkpt>
<trkpt lat="41.138658" lon="-81.566149">
<ele>254</ele>
<time>2026-07-21T06:50:51Z</time></trkpt>
<trkpt lat="41.138703" lon="-81.566141">
<ele>254</ele>
<time>2026-07-21T06:50:54Z</time></trkpt>
<trkpt lat="41.138788" lon="-81.566264">
<ele>256</ele>
<time>2026-07-21T06:51:01Z</time></trkpt>
<trkpt lat="41.138915" lon="-81.56638">
<ele>259</ele>
<time>2026-07-21T06:51:09Z</time></trkpt>
<trkpt lat="41.13905" lon="-81.566432">
<ele>261</ele>
<time>2026-07-21T06:51:17Z</time></trkpt>
<trkpt lat="41.139022" lon="-81.566479">
<ele>262</ele>
<time>2026-07-21T06:51:20Z</time></trkpt>
<trkpt lat="41.138903" lon="-81.566543">
<ele>264</ele>
<time>2026-07-21T06:51:27Z</time></trkpt>
<trkpt lat="41.138882" lon="-81.566591">
<ele>265</ele>
<time>2026-07-21T06:51:29Z</time></trkpt>
<trkpt lat="41.138896" lon="-81.56661">
<ele>265</ele>
<time>2026-07-21T06:51:30Z</time></trkpt>
<trkpt lat="41.139021" lon="-81.566609">
<ele>266</ele>
<time>2026-07-21T06:51:37Z</time></trkpt>
<trkpt lat="41.139195" lon="-81.566567">
<ele>266</ele>
<time>2026-07-21T06:51:47Z</time></trkpt>
<trkpt lat="41.139275" lon="-81.566586">
<ele>266</ele>
<time>2026-07-21T06:51:51Z</time></trkpt>
<trkpt lat="41.139297" lon="-81.566661">
<ele>267</ele>
<time>2026-07-21T06:51:55Z</time></trkpt>
<trkpt lat="41.139192" lon="-81.566872">
<ele>269</ele>
<time>2026-07-21T06:52:05Z</time></trkpt>
<trkpt lat="41.139168" lon="-81.56706">
<ele>271</ele>
<time>2026-07-21T06:52:13Z</time></trkpt>
<trkpt lat="41.139174" lon="-81.567244">
<ele>272</ele>
<time>2026-07-21T06:52:21Z</time></trkpt>
<trkpt lat="41.139237" lon="-81.567475">
<ele>272</ele>
<time>2026-07-21T06:52:31Z</time></trkpt>
<trkpt lat="41.139238" lon="-81.567612">
<ele>272</ele>
<time>2026-07-21T06:52:37Z</time></trkpt>
<trkpt lat="41.139206" lon="-81.567723">
<ele>273</ele>
<time>2026-07-21T06:52:42Z</time></trkpt>
<trkpt lat="41.13923" lon="-81.567822">
<ele>274</ele>
<time>2026-07-21T06:52:47Z</time></trkpt>
<trkpt lat="41.139144" lon="-81.568013">
<ele>275</ele>
<time>2026-07-21T06:52:55Z</time></trkpt>
<trkpt lat="41.139101" lon="-81.568236">
<ele>277</ele>
<time>2026-07-21T06:53:04Z</time></trkpt>
<trkpt lat="41.139108" lon="-81.568381">
<ele>277</ele>
<time>2026-07-21T06:53:09Z</time></trkpt>
<trkpt lat="41.139085" lon="-81.568432">
<ele>278</ele>
<time>2026-07-21T06:53:11Z</time></trkpt>
<trkpt lat="41.138901" lon="-81.568364">
<ele>281</ele>
<time>2026-07-21T06:53:20Z</time></trkpt>
<trkpt lat="41.138812" lon="-81.568384">
<ele>283</ele>
<time>2026-07-21T06:53:24Z</time></trkpt>
<trkpt lat="41.138691" lon="-81.568579">
<ele>285</ele>
<time>2026-07-21T06:53:33Z</time></trkpt>
<trkpt lat="41.138509" lon="-81.568766">
<ele>285</ele>
<time>2026-07-21T06:53:44Z</time></trkpt>
<trkpt lat="41.138423" lon="-81.568809">
<ele>286</ele>
<time>2026-07-21T06:53:48Z</time></trkpt>
<trkpt lat="41.138423" lon="-81.568809">
<ele>286</ele>
<time>2026-07-21T06:53:48Z</time></trkpt>
<trkpt lat="41.13837" lon="-81.568835">
<ele>287</ele>
<time>2026-07-21T06:53:51Z</time></trkpt>
<trkpt lat="41.138342" lon="-81.568897">
<ele>287</ele>
<time>2026-07-21T06:53:53Z</time></trkpt>
<trkpt lat="41.138252" lon="-81.569326">
<ele>286</ele>
<time>2026-07-21T06:54:09Z</time></trkpt>
<trkpt lat="41.13815" lon="-81.569535">
<ele>287</ele>
<time>2026-07-21T06:54:18Z</time></trkpt>
<trkpt lat="41.138071" lon="-81.569657">
<ele>287</ele>
<time>2026-07-21T06:54:23Z</time></trkpt>
<trkpt lat="41.13802" lon="-81.569789">
<ele>288</ele>
<time>2026-07-21T06:54:29Z</time></trkpt>
<trkpt lat="41.138011" lon="-81.56992">
<ele>288</ele>
<time>2026-07-21T06:54:33Z</time></trkpt>
<trkpt lat="41.138035" lon="-81.570023">
<ele>289</ele>
<time>2026-07-21T06:54:37Z</time></trkpt>
<trkpt lat="41.1381" lon="-81.570117">
<ele>290</ele>
<time>2026-07-21T06:54:41Z</time></trkpt>
<trkpt lat="41.138309" lon="-81.57025">
<ele>292</ele>
<time>2026-07-21T06:54:52Z</time></trkpt>
<trkpt lat="41.138348" lon="-81.570325">
<ele>292</ele>
<time>2026-07-21T06:54:56Z</time></trkpt>
<trkpt lat="41.138349" lon="-81.570424">
<ele>292</ele>
<time>2026-07-21T06:54:59Z</time></trkpt>
<trkpt lat="41.13833" lon="-81.570484">
<ele>292</ele>
<time>2026-07-21T06:55:01Z</time></trkpt>
<trkpt lat="41.138291" lon="-81.570548">
<ele>292</ele>
<time>2026-07-21T06:55:04Z</time></trkpt>
<trkpt lat="41.138242" lon="-81.57058">
<ele>292</ele>
<time>2026-07-21T06:55:07Z</time></trkpt>
<trkpt lat="41.138126" lon="-81.570598">
<ele>292</ele>
<time>2026-07-21T06:55:12Z</time></trkpt>
<trkpt lat="41.137929" lon="-81.570667">
<ele>292</ele>
<time>2026-07-21T06:55:20Z</time></trkpt>
<trkpt lat="41.137861" lon="-81.570724">
<ele>292</ele>
<time>2026-07-21T06:55:23Z</time></trkpt>
<trkpt lat="41.137795" lon="-81.570826">
<ele>292</ele>
<time>2026-07-21T06:55:26Z</time></trkpt>
<trkpt lat="41.137784" lon="-81.570877">
<ele>291</ele>
<time>2026-07-21T06:55:28Z</time></trkpt>
<trkpt lat="41.137818" lon="-81.571042">
<ele>290</ele>
<time>2026-07-21T06:55:32Z</time></trkpt>
<trkpt lat="41.137808" lon="-81.571138">
<ele>289</ele>
<time>2026-07-21T06:55:35Z</time></trkpt>
<trkpt lat="41.137695" lon="-81.571324">
<ele>289</ele>
<time>2026-07-21T06:55:42Z</time></trkpt>
<trkpt lat="41.137597" lon="-81.571359">
<ele>290</ele>
<time>2026-07-21T06:55:45Z</time></trkpt>
<trkpt lat="41.137584" lon="-81.571399">
<ele>290</ele>
<time>2026-07-21T06:55:47Z</time></trkpt>
<trkpt lat="41.137579" lon="-81.57147">
<ele>289</ele>
<time>2026-07-21T06:55:48Z</time></trkpt>
<trkpt lat="41.137611" lon="-81.571587">
<ele>289</ele>
<time>2026-07-21T06:55:52Z</time></trkpt>
<trkpt lat="41.137724" lon="-81.571914">
<ele>289</ele>
<time>2026-07-21T06:56:02Z</time></trkpt>
<trkpt lat="41.137881" lon="-81.571984">
<ele>290</ele>
<time>2026-07-21T06:56:08Z</time></trkpt>
<trkpt lat="41.138058" lon="-81.572164">
<ele>290</ele>
<time>2026-07-21T06:56:16Z</time></trkpt>
<trkpt lat="41.138077" lon="-81.572219">
<ele>289</ele>
<time>2026-07-21T06:56:18Z</time></trkpt>
<trkpt lat="41.138085" lon="-81.572423">
<ele>289</ele>
<time>2026-07-21T06:56:23Z</time></trkpt>
<trkpt lat="41.138065" lon="-81.572507">
<ele>288</ele>
<time>2026-07-21T06:56:26Z</time></trkpt>
<trkpt lat="41.137978" lon="-81.572594">
<ele>289</ele>
<time>2026-07-21T06:56:30Z</time></trkpt>
<trkpt lat="41.137924" lon="-81.572548">
<ele>288</ele>
<time>2026-07-21T06:56:32Z</time></trkpt>
<trkpt lat="41.137892" lon="-81.572514">
<ele>288</ele>
<time>2026-07-21T06:56:33Z</time></trkpt>
<trkpt lat="41.137848" lon="-81.572516">
<ele>288</ele>
<time>2026-07-21T06:56:35Z</time></trkpt>
<trkpt lat="41.137799" lon="-81.572609">
<ele>289</ele>
<time>2026-07-21T06:56:38Z</time></trkpt>
<trkpt lat="41.137775" lon="-81.572715">
<ele>290</ele>
<time>2026-07-21T06:56:41Z</time></trkpt>
<trkpt lat="41.137772" lon="-81.572929">
<ele>293</ele>
<time>2026-07-21T06:56:47Z</time></trkpt>
<trkpt lat="41.137784" lon="-81.572976">
<ele>293</ele>
<time>2026-07-21T06:56:48Z</time></trkpt>
<trkpt lat="41.137883" lon="-81.573137">
<ele>294</ele>
<time>2026-07-21T06:56:54Z</time></trkpt>
<trkpt lat="41.137903" lon="-81.573278">
<ele>295</ele>
<time>2026-07-21T06:56:58Z</time></trkpt>
<trkpt lat="41.137903" lon="-81.573278">
<ele>295</ele>
<time>2026-07-21T06:56:58Z</time></trkpt>
<trkpt lat="41.137901" lon="-81.573334">
<ele>296</ele>
<time>2026-07-21T06:57:00Z</time></trkpt>
<trkpt lat="41.137824" lon="-81.573448">
<ele>297</ele>
<time>2026-07-21T06:57:03Z</time></trkpt>
<trkpt lat="41.137811" lon="-81.573504">
<ele>298</ele>
<time>2026-07-21T06:57:04Z</time></trkpt>
<trkpt lat="41.137817" lon="-81.573595">
<ele>299</ele>
<time>2026-07-21T06:57:07Z</time></trkpt>
<trkpt lat="41.137877" lon="-81.573688">
<ele>300</ele>
<time>2026-07-21T06:57:09Z</time></trkpt>
<trkpt lat="41.137842" lon="-81.573782">
<ele>300</ele>
<time>2026-07-21T06:57:12Z</time></trkpt>
<trkpt lat="41.137679" lon="-81.573827">
<ele>301</ele>
<time>2026-07-21T06:57:17Z</time></trkpt>
<trkpt lat="41.137557" lon="-81.573713">
<ele>301</ele>
<time>2026-07-21T06:57:21Z</time></trkpt>
<trkpt lat="41.137518" lon="-81.573636">
<ele>301</ele>
<time>2026-07-21T06:57:23Z</time></trkpt>
<trkpt lat="41.137483" lon="-81.57351">
<ele>300</ele>
<time>2026-07-21T06:57:26Z</time></trkpt>
<trkpt lat="41.137423" lon="-81.573418">
<ele>298</ele>
<time>2026-07-21T06:57:29Z</time></trkpt>
<trkpt lat="41.13737" lon="-81.573396">
<ele>298</ele>
<time>2026-07-21T06:57:30Z</time></trkpt>
<trkpt lat="41.13729" lon="-81.573414">
<ele>298</ele>
<time>2026-07-21T06:57:33Z</time></trkpt>
<trkpt lat="41.137163" lon="-81.573521">
<ele>298</ele>
<time>2026-07-21T06:57:37Z</time></trkpt>
<trkpt lat="41.137062" lon="-81.573494">
<ele>297</ele>
<time>2026-07-21T06:57:40Z</time></trkpt>
<trkpt lat="41.137001" lon="-81.573424">
<ele>296</ele>
<time>2026-07-21T06:57:43Z</time></trkpt>
<trkpt lat="41.136997" lon="-81.573381">
<ele>296</ele>
<time>2026-07-21T06:57:44Z</time></trkpt>
<trkpt lat="41.136997" lon="-81.573381">
<ele>296</ele>
<time>2026-07-21T06:57:44Z</time></trkpt>
<trkpt lat="41.136987" lon="-81.573234">
<ele>294</ele>
<time>2026-07-21T06:57:47Z</time></trkpt>
<trkpt lat="41.136965" lon="-81.573199">
<ele>294</ele>
<time>2026-07-21T06:57:48Z</time></trkpt>
<trkpt lat="41.136768" lon="-81.573103">
<ele>293</ele>
<time>2026-07-21T06:57:54Z</time></trkpt>
<trkpt lat="41.136688" lon="-81.573113">
<ele>293</ele>
<time>2026-07-21T06:57:57Z</time></trkpt>
<trkpt lat="41.136518" lon="-81.573292">
<ele>294</ele>
<time>2026-07-21T06:58:03Z</time></trkpt>
<trkpt lat="41.136335" lon="-81.57336">
<ele>292</ele>
<time>2026-07-21T06:58:09Z</time></trkpt>
<trkpt lat="41.136272" lon="-81.573412">
<ele>291</ele>
<time>2026-07-21T06:58:11Z</time></trkpt>
<trkpt lat="41.136185" lon="-81.57356">
<ele>290</ele>
<time>2026-07-21T06:58:15Z</time></trkpt>
<trkpt lat="41.136158" lon="-81.573565">
<ele>290</ele>
<time>2026-07-21T06:58:16Z</time></trkpt>
<trkpt lat="41.136052" lon="-81.573506">
<ele>286</ele>
<time>2026-07-21T06:58:19Z</time></trkpt>
<trkpt lat="41.135996" lon="-81.573519">
<ele>285</ele>
<time>2026-07-21T06:58:21Z</time></trkpt>
<trkpt lat="41.1357849" lon="-81.5736922">
<ele>283</ele>
<time>2026-07-21T06:58:29Z</time></trkpt>
<trkpt lat="41.13574" lon="-81.573729">
<ele>286</ele>
<time>2026-07-21T06:58:31Z</time></trkpt>
<trkpt lat="41.135727" lon="-81.573741">
<ele>286</ele>
<time>2026-07-21T06:58:31Z</time></trkpt>
<trkpt lat="41.135702" lon="-81.573985">
<ele>290</ele>
<time>2026-07-21T06:58:39Z</time></trkpt>
<trkpt lat="41.135746" lon="-81.57421">
<ele>293</ele>
<time>2026-07-21T06:58:46Z</time></trkpt>
<trkpt lat="41.135748" lon="-81.574327">
<ele>294</ele>
<time>2026-07-21T06:58:50Z</time></trkpt>
<trkpt lat="41.13572" lon="-81.574642">
<ele>297</ele>
<time>2026-07-21T06:58:59Z</time></trkpt>
<trkpt lat="41.135666" lon="-81.574782">
<ele>299</ele>
<time>2026-07-21T06:59:04Z</time></trkpt>
<trkpt lat="41.135487" lon="-81.574534">
<ele>300</ele>
<time>2026-07-21T06:59:14Z</time></trkpt>
<trkpt lat="41.135452" lon="-81.574513">
<ele>300</ele>
<time>2026-07-21T06:59:16Z</time></trkpt>
<trkpt lat="41.135378" lon="-81.574489">
<ele>300</ele>
<time>2026-07-21T06:59:19Z</time></trkpt>
<trkpt lat="41.135276" lon="-81.574556">
<ele>300</ele>
<time>2026-07-21T06:59:24Z</time></trkpt>
<trkpt lat="41.135235" lon="-81.574554">
<ele>300</ele>
<time>2026-07-21T06:59:25Z</time></trkpt>
<trkpt lat="41.135188" lon="-81.574523">
<ele>299</ele>
<time>2026-07-21T06:59:27Z</time></trkpt>
<trkpt lat="41.134973" lon="-81.574235">
<ele>296</ele>
<time>2026-07-21T06:59:40Z</time></trkpt>
<trkpt lat="41.13493" lon="-81.574086">
<ele>296</ele>
<time>2026-07-21T06:59:45Z</time></trkpt>
<trkpt lat="41.134969" lon="-81.573817">
<ele>296</ele>
<time>2026-07-21T06:59:53Z</time></trkpt>
<trkpt lat="41.135029" lon="-81.57358">
<ele>296</ele>
<time>2026-07-21T07:00:01Z</time></trkpt>
<trkpt lat="41.135176" lon="-81.573245">
<ele>295</ele>
<time>2026-07-21T07:00:12Z</time></trkpt>
<trkpt lat="41.135165" lon="-81.572998">
<ele>293</ele>
<time>2026-07-21T07:00:20Z</time></trkpt>
<trkpt lat="41.135253" lon="-81.572696">
<ele>292</ele>
<time>2026-07-21T07:00:30Z</time></trkpt>
<trkpt lat="41.135237" lon="-81.572637">
<ele>292</ele>
<time>2026-07-21T07:00:31Z</time></trkpt>
<trkpt lat="41.1351744" lon="-81.5727133">
<ele>291</ele>
<time>2026-07-21T07:00:34Z</time></trkpt>
<trkpt lat="41.135093" lon="-81.572862">
<ele>291</ele>
<time>2026-07-21T07:00:40Z</time></trkpt>
<trkpt lat="41.134834" lon="-81.573107">
<ele>292</ele>
<time>2026-07-21T07:00:51Z</time></trkpt>
<trkpt lat="41.134771" lon="-81.57328">
<ele>293</ele>
<time>2026-07-21T07:00:56Z</time></trkpt>
<trkpt lat="41.134619" lon="-81.573552">
<ele>295</ele>
<time>2026-07-21T07:01:06Z</time></trkpt>
<trkpt lat="41.134455" lon="-81.574042">
<ele>294</ele>
<time>2026-07-21T07:01:20Z</time></trkpt>
<trkpt lat="41.134455" lon="-81.574175">
<ele>294</ele>
<time>2026-07-21T07:01:20Z</time></trkpt>
<trkpt lat="41.134512" lon="-81.574357">
<ele>293</ele>
<time>2026-07-21T07:01:26Z</time></trkpt>
<trkpt lat="41.134516" lon="-81.574408">
<ele>293</ele>
<time>2026-07-21T07:01:27Z</time></trkpt>
<trkpt lat="41.134502" lon="-81.57445">
<ele>293</ele>
<time>2026-07-21T07:01:29Z</time></trkpt>
<trkpt lat="41.134421" lon="-81.57454">
<ele>293</ele>
<time>2026-07-21T07:01:32Z</time></trkpt>
<trkpt lat="41.134302" lon="-81.574625">
<ele>294</ele>
<time>2026-07-21T07:01:37Z</time></trkpt>
<trkpt lat="41.134189" lon="-81.574622">
<ele>294</ele>
<time>2026-07-21T07:01:41Z</time></trkpt>
<trkpt lat="41.134189" lon="-81.574622">
<ele>294</ele>
<time>2026-07-21T07:01:41Z</time></trkpt>
<trkpt lat="41.134117" lon="-81.574621">
<ele>294</ele>
<time>2026-07-21T07:01:44Z</time></trkpt>
<trkpt lat="41.13403" lon="-81.574708">
<ele>294</ele>
<time>2026-07-21T07:01:48Z</time></trkpt>
<trkpt lat="41.133985" lon="-81.574824">
<ele>294</ele>
<time>2026-07-21T07:01:52Z</time></trkpt>
<trkpt lat="41.133971" lon="-81.574967">
<ele>294</ele>
<time>2026-07-21T07:01:56Z</time></trkpt>
<trkpt lat="41.133994" lon="-81.575265">
<ele>295</ele>
<time>2026-07-21T07:02:04Z</time></trkpt>
<trkpt lat="41.133969" lon="-81.575513">
<ele>295</ele>
<time>2026-07-21T07:02:11Z</time></trkpt>
<trkpt lat="41.133972" lon="-81.575583">
<ele>296</ele>
<time>2026-07-21T07:02:13Z</time></trkpt>
<trkpt lat="41.134024" lon="-81.575794">
<ele>296</ele>
<time>2026-07-21T07:02:18Z</time></trkpt>
<trkpt lat="41.134017" lon="-81.57584">
<ele>296</ele>
<time>2026-07-21T07:02:19Z</time></trkpt>
<trkpt lat="41.134001" lon="-81.575867">
<ele>297</ele>
<time>2026-07-21T07:02:19Z</time></trkpt>
<trkpt lat="41.133973" lon="-81.575872">
<ele>297</ele>
<time>2026-07-21T07:02:20Z</time></trkpt>
<trkpt lat="41.133828" lon="-81.57578">
<ele>296</ele>
<time>2026-07-21T07:02:24Z</time></trkpt>
<trkpt lat="41.13376" lon="-81.575687">
<ele>295</ele>
<time>2026-07-21T07:02:26Z</time></trkpt>
<trkpt lat="41.133683" lon="-81.575525">
<ele>295</ele>
<time>2026-07-21T07:02:29Z</time></trkpt>
<trkpt lat="41.133652" lon="-81.575492">
<ele>295</ele>
<time>2026-07-21T07:02:30Z</time></trkpt>
<trkpt lat="41.133595" lon="-81.575491">
<ele>295</ele>
<time>2026-07-21T07:02:32Z</time></trkpt>
<trkpt lat="41.133547" lon="-81.575561">
<ele>292</ele>
<time>2026-07-21T07:02:33Z</time></trkpt>
<trkpt lat="41.133532" lon="-81.575772">
<ele>292</ele>
<time>2026-07-21T07:02:37Z</time></trkpt>
<trkpt lat="41.133508" lon="-81.57589">
<ele>291</ele>
<time>2026-07-21T07:02:39Z</time></trkpt>
<trkpt lat="41.133411" lon="-81.576148">
<ele>287</ele>
<time>2026-07-21T07:02:45Z</time></trkpt>
<trkpt lat="41.133409" lon="-81.576223">
<ele>286</ele>
<time>2026-07-21T07:02:46Z</time></trkpt>
<trkpt lat="41.133469" lon="-81.576451">
<ele>284</ele>
<time>2026-07-21T07:02:50Z</time></trkpt>
<trkpt lat="41.133477" lon="-81.576551">
<ele>283</ele>
<time>2026-07-21T07:02:52Z</time></trkpt>
<trkpt lat="41.133334" lon="-81.577121">
<ele>273</ele>
<time>2026-07-21T07:03:03Z</time></trkpt>
<trkpt lat="41.133322" lon="-81.577243">
<ele>272</ele>
<time>2026-07-21T07:03:05Z</time></trkpt>
<trkpt lat="41.133351" lon="-81.577353">
<ele>271</ele>
<time>2026-07-21T07:03:07Z</time></trkpt>
<trkpt lat="41.133449" lon="-81.577448">
<ele>272</ele>
<time>2026-07-21T07:03:10Z</time></trkpt>
<trkpt lat="41.133528" lon="-81.577579">
<ele>271</ele>
<time>2026-07-21T07:03:13Z</time></trkpt>
<trkpt lat="41.133636" lon="-81.577925">
<ele>267</ele>
<time>2026-07-21T07:03:19Z</time></trkpt>
<trkpt lat="41.133522" lon="-81.577915">
<ele>265</ele>
<time>2026-07-21T07:03:22Z</time></trkpt>
<trkpt lat="41.13342" lon="-81.577942">
<ele>262</ele>
<time>2026-07-21T07:03:25Z</time></trkpt>
<trkpt lat="41.133384" lon="-81.577934">
<ele>261</ele>
<time>2026-07-21T07:03:26Z</time></trkpt>
<trkpt lat="41.133308" lon="-81.577877">
<ele>260</ele>
<time>2026-07-21T07:03:28Z</time></trkpt>
<trkpt lat="41.133265" lon="-81.577874">
<ele>260</ele>
<time>2026-07-21T07:03:29Z</time></trkpt>
<trkpt lat="41.133227" lon="-81.577784">
<ele>259</ele>
<time>2026-07-21T07:03:32Z</time></trkpt>
<trkpt lat="41.133227" lon="-81.577784">
<ele>259</ele>
<time>2026-07-21T07:03:32Z</time></trkpt>
<trkpt lat="41.133053" lon="-81.577477">
<ele>258</ele>
<time>2026-07-21T07:03:41Z</time></trkpt>
<trkpt lat="41.132885" lon="-81.576991">
<ele>258</ele>
<time>2026-07-21T07:03:53Z</time></trkpt>
<trkpt lat="41.13263" lon="-81.575868">
<ele>257</ele>
<time>2026-07-21T07:04:21Z</time></trkpt>
<trkpt lat="41.13261" lon="-81.575687">
<ele>256</ele>
<time>2026-07-21T07:04:25Z</time></trkpt>
<trkpt lat="41.132613" lon="-81.5754">
<ele>256</ele>
<time>2026-07-21T07:04:32Z</time></trkpt>
<trkpt lat="41.132635" lon="-81.575284">
<ele>256</ele>
<time>2026-07-21T07:04:35Z</time></trkpt>
<trkpt lat="41.132687" lon="-81.575133">
<ele>257</ele>
<time>2026-07-21T07:04:39Z</time></trkpt>
<trkpt lat="41.132705" lon="-81.574685">
<ele>255</ele>
<time>2026-07-21T07:04:50Z</time></trkpt>
<trkpt lat="41.132743" lon="-81.574464">
<ele>254</ele>
<time>2026-07-21T07:04:55Z</time></trkpt>
<trkpt lat="41.132802" lon="-81.574238">
<ele>255</ele>
<time>2026-07-21T07:05:01Z</time></trkpt>
<trkpt lat="41.132997" lon="-81.573839">
<ele>256</ele>
<time>2026-07-21T07:05:12Z</time></trkpt>
<trkpt lat="41.133033" lon="-81.573715">
<ele>257</ele>
<time>2026-07-21T07:05:15Z</time></trkpt>
<trkpt lat="41.133087" lon="-81.573359">
<ele>254</ele>
<time>2026-07-21T07:05:24Z</time></trkpt>
<trkpt lat="41.13334" lon="-81.572848">
<ele>252</ele>
<time>2026-07-21T07:05:38Z</time></trkpt>
<trkpt lat="41.133568" lon="-81.572555">
<ele>252</ele>
<time>2026-07-21T07:05:48Z</time></trkpt>
<trkpt lat="41.133955" lon="-81.572182">
<ele>251</ele>
<time>2026-07-21T07:06:03Z</time></trkpt>
<trkpt lat="41.134218" lon="-81.571817">
<ele>249</ele>
<time>2026-07-21T07:06:15Z</time></trkpt>
<trkpt lat="41.134483" lon="-81.571525">
<ele>248</ele>
<time>2026-07-21T07:06:26Z</time></trkpt>
<trkpt lat="41.134651" lon="-81.571284">
<ele>247</ele>
<time>2026-07-21T07:06:33Z</time></trkpt>
<trkpt lat="41.134754" lon="-81.571049">
<ele>246</ele>
<time>2026-07-21T07:06:40Z</time></trkpt>
<trkpt lat="41.134829" lon="-81.570918">
<ele>247</ele>
<time>2026-07-21T07:06:44Z</time></trkpt>
<trkpt lat="41.135164" lon="-81.570427">
<ele>245</ele>
<time>2026-07-21T07:07:00Z</time></trkpt>
<trkpt lat="41.135354" lon="-81.570213">
<ele>242</ele>
<time>2026-07-21T07:07:08Z</time></trkpt>
<trkpt lat="41.1354068" lon="-81.570175">
<ele>242</ele>
<time>2026-07-21T07:07:10Z</time></trkpt>
<trkpt lat="41.135472" lon="-81.570128">
<ele>242</ele>
<time>2026-07-21T07:07:12Z</time></trkpt>
<trkpt lat="41.135526" lon="-81.570116">
<ele>242</ele>
<time>2026-07-21T07:07:14Z</time></trkpt>
<trkpt lat="41.135605" lon="-81.570079">
<ele>242</ele>
<time>2026-07-21T07:07:16Z</time></trkpt>
<trkpt lat="41.13581" lon="-81.569965">
<ele>242</ele>
<time>2026-07-21T07:07:24Z</time></trkpt>
<trkpt lat="41.136201" lon="-81.569699">
<ele>244</ele>
<time>2026-07-21T07:07:38Z</time></trkpt>
<trkpt lat="41.136392" lon="-81.569485">
<ele>245</ele>
<time>2026-07-21T07:07:46Z</time></trkpt>
<trkpt lat="41.136486" lon="-81.569409">
<ele>245</ele>
<time>2026-07-21T07:07:49Z</time></trkpt>
<trkpt lat="41.136589" lon="-81.569185">
<ele>244</ele>
<time>2026-07-21T07:07:55Z</time></trkpt>
<trkpt lat="41.13663" lon="-81.569027">
<ele>244</ele>
<time>2026-07-21T07:07:59Z</time></trkpt>
<trkpt lat="41.136625" lon="-81.568929">
<ele>243</ele>
<time>2026-07-21T07:08:02Z</time></trkpt>
<trkpt lat="41.136561" lon="-81.568654">
<ele>241</ele>
<time>2026-07-21T07:08:09Z</time></trkpt>
<trkpt lat="41.136541" lon="-81.568413">
<ele>240</ele>
<time>2026-07-21T07:08:14Z</time></trkpt>
<trkpt lat="41.136551" lon="-81.568283">
<ele>240</ele>
<time>2026-07-21T07:08:17Z</time></trkpt>
<trkpt lat="41.136614" lon="-81.568001">
<ele>238</ele>
<time>2026-07-21T07:08:24Z</time></trkpt>
<trkpt lat="41.136678" lon="-81.567837">
<ele>238</ele>
<time>2026-07-21T07:08:28Z</time></trkpt>
<trkpt lat="41.137058" lon="-81.567123">
<ele>242</ele>
<time>2026-07-21T07:08:48Z</time></trkpt>
<trkpt lat="41.13703" lon="-81.566775">
<ele>239</ele>
<time>2026-07-21T07:08:56Z</time></trkpt>
<trkpt lat="41.137137" lon="-81.566479">
<ele>239</ele>
<time>2026-07-21T07:09:04Z</time></trkpt>
<trkpt lat="41.137176" lon="-81.566275">
<ele>237</ele>
<time>2026-07-21T07:09:09Z</time></trkpt>
<trkpt lat="41.137285" lon="-81.565968">
<ele>235</ele>
<time>2026-07-21T07:09:17Z</time></trkpt>
<trkpt lat="41.137494" lon="-81.565483">
<ele>233</ele>
<time>2026-07-21T07:09:29Z</time></trkpt>
<trkpt lat="41.137589" lon="-81.565217">
<ele>232</ele>
<time>2026-07-21T07:09:36Z</time></trkpt>
<trkpt lat="41.137649" lon="-81.565091">
<ele>233</ele>
<time>2026-07-21T07:09:40Z</time></trkpt>
<trkpt lat="41.137807" lon="-81.564859">
<ele>232</ele>
<time>2026-07-21T07:09:49Z</time></trkpt>
<trkpt lat="41.137831" lon="-81.564797">
<ele>232</ele>
<time>2026-07-21T07:09:51Z</time></trkpt>
<trkpt lat="41.137829" lon="-81.564738">
<ele>232</ele>
<time>2026-07-21T07:09:52Z</time></trkpt>
<trkpt lat="41.137827" lon="-81.564611">
<ele>232</ele>
<time>2026-07-21T07:09:56Z</time></trkpt>
<trkpt lat="41.137647" lon="-81.56461">
<ele>233</ele>
<time>2026-07-21T07:10:03Z</time></trkpt>
<trkpt lat="41.137552" lon="-81.564607">
<ele>233</ele>
<time>2026-07-21T07:10:06Z</time></trkpt>
<trkpt lat="41.137484" lon="-81.564608">
<ele>234</ele>
<time>2026-07-21T07:10:09Z</time></trkpt>
<trkpt lat="41.13721" lon="-81.564604">
<ele>235</ele>
<time>2026-07-21T07:10:19Z</time></trkpt>
<trkpt lat="41.137022" lon="-81.565237">
<ele>235</ele>
<time>2026-07-21T07:10:38Z</time></trkpt>
<trkpt lat="41.136963" lon="-81.5651754">
<ele>236</ele>
<time>2026-07-21T07:10:41Z</time></trkpt>
<trkpt lat="41.136897" lon="-81.565121">
<ele>237</ele>
<time>2026-07-21T07:10:44Z</time></trkpt>
<trkpt lat="41.136724" lon="-81.565236">
<ele>237</ele>
<time>2026-07-21T07:10:51Z</time></trkpt>
<trkpt lat="41.136524" lon="-81.565576">
<ele>238</ele>
<time>2026-07-21T07:11:03Z</time></trkpt>
<trkpt lat="41.136459" lon="-81.565906">
<ele>239</ele>
<time>2026-07-21T07:11:13Z</time></trkpt>
<trkpt lat="41.136417" lon="-81.566024">
<ele>238</ele>
<time>2026-07-21T07:11:16Z</time></trkpt>
<trkpt lat="41.136285" lon="-81.566294">
<ele>238</ele>
<time>2026-07-21T07:11:25Z</time></trkpt>
<trkpt lat="41.136223" lon="-81.566598">
<ele>237</ele>
<time>2026-07-21T07:11:35Z</time></trkpt>
<trkpt lat="41.136183" lon="-81.566695">
<ele>238</ele>
<time>2026-07-21T07:11:39Z</time></trkpt>
<trkpt lat="41.136045" lon="-81.566937">
<ele>239</ele>
<time>2026-07-21T07:11:49Z</time></trkpt>
<trkpt lat="41.136039" lon="-81.567001">
<ele>240</ele>
<time>2026-07-21T07:11:51Z</time></trkpt>
<trkpt lat="41.136056" lon="-81.567072">
<ele>240</ele>
<time>2026-07-21T07:11:53Z</time></trkpt>
<trkpt lat="41.136128" lon="-81.567239">
<ele>241</ele>
<time>2026-07-21T07:11:59Z</time></trkpt>
<trkpt lat="41.136155" lon="-81.567576">
<ele>241</ele>
<time>2026-07-21T07:12:10Z</time></trkpt>
<trkpt lat="41.136121" lon="-81.567833">
<ele>240</ele>
<time>2026-07-21T07:12:19Z</time></trkpt>
<trkpt lat="41.136142" lon="-81.568081">
<ele>240</ele>
<time>2026-07-21T07:12:27Z</time></trkpt>
<trkpt lat="41.136136" lon="-81.56821">
<ele>240</ele>
<time>2026-07-21T07:12:31Z</time></trkpt>
<trkpt lat="41.136104" lon="-81.568431">
<ele>240</ele>
<time>2026-07-21T07:12:38Z</time></trkpt>
<trkpt lat="41.136042" lon="-81.568612">
<ele>242</ele>
<time>2026-07-21T07:12:45Z</time></trkpt>
<trkpt lat="41.135943" lon="-81.568806">
<ele>242</ele>
<time>2026-07-21T07:12:52Z</time></trkpt>
<trkpt lat="41.135943" lon="-81.568806">
<ele>242</ele>
<time>2026-07-21T07:12:52Z</time></trkpt>
<trkpt lat="41.135841" lon="-81.568986">
<ele>241</ele>
<time>2026-07-21T07:12:59Z</time></trkpt>
<trkpt lat="41.135721" lon="-81.569096">
<ele>243</ele>
<time>2026-07-21T07:13:06Z</time></trkpt>
<trkpt lat="41.135578" lon="-81.569136">
<ele>245</ele>
<time>2026-07-21T07:13:12Z</time></trkpt>
<trkpt lat="41.135501" lon="-81.569121">
<ele>246</ele>
<time>2026-07-21T07:13:15Z</time></trkpt>
<trkpt lat="41.135368" lon="-81.568996">
<ele>248</ele>
<time>2026-07-21T07:13:22Z</time></trkpt>
<trkpt lat="41.135278" lon="-81.56897">
<ele>249</ele>
<time>2026-07-21T07:13:26Z</time></trkpt>
<trkpt lat="41.135135" lon="-81.568961">
<ele>249</ele>
<time>2026-07-21T07:13:32Z</time></trkpt>
<trkpt lat="41.13508" lon="-81.56891">
<ele>249</ele>
<time>2026-07-21T07:13:35Z</time></trkpt>
<trkpt lat="41.134992" lon="-81.568874">
<ele>250</ele>
<time>2026-07-21T07:13:41Z</time></trkpt>
<trkpt lat="41.134776" lon="-81.568876">
<ele>253</ele>
<time>2026-07-21T07:13:55Z</time></trkpt>
<trkpt lat="41.134658" lon="-81.568933">
<ele>252</ele>
<time>2026-07-21T07:14:03Z</time></trkpt>
<trkpt lat="41.134623" lon="-81.568913">
<ele>252</ele>
<time>2026-07-21T07:14:06Z</time></trkpt>
<trkpt lat="41.134593" lon="-81.568854">
<ele>254</ele>
<time>2026-07-21T07:14:09Z</time></trkpt>
<trkpt lat="41.13458" lon="-81.568772">
<ele>256</ele>
<time>2026-07-21T07:14:13Z</time></trkpt>
<trkpt lat="41.134603" lon="-81.568504">
<ele>263</ele>
<time>2026-07-21T07:14:26Z</time></trkpt>
<trkpt lat="41.134595" lon="-81.568244">
<ele>265</ele>
<time>2026-07-21T07:14:39Z</time></trkpt>
<trkpt lat="41.134672" lon="-81.567924">
<ele>269</ele>
<time>2026-07-21T07:14:55Z</time></trkpt>
<trkpt lat="41.134656" lon="-81.567816">
<ele>270</ele>
<time>2026-07-21T07:15:01Z</time></trkpt>
<trkpt lat="41.134634" lon="-81.567759">
<ele>270</ele>
<time>2026-07-21T07:15:04Z</time></trkpt>
<trkpt lat="41.134509" lon="-81.567632">
<ele>271</ele>
<time>2026-07-21T07:15:14Z</time></trkpt>
<trkpt lat="41.134459" lon="-81.567602">
<ele>271</ele>
<time>2026-07-21T07:15:17Z</time></trkpt>
<trkpt lat="41.134359" lon="-81.567598">
<ele>270</ele>
<time>2026-07-21T07:15:24Z</time></trkpt>
<trkpt lat="41.134319" lon="-81.567577">
<ele>271</ele>
<time>2026-07-21T07:15:27Z</time></trkpt>
<trkpt lat="41.134285" lon="-81.567432">
<ele>275</ele>
<time>2026-07-21T07:15:34Z</time></trkpt>
<trkpt lat="41.134251" lon="-81.567373">
<ele>276</ele>
<time>2026-07-21T07:15:38Z</time></trkpt>
<trkpt lat="41.134212" lon="-81.567347">
<ele>276</ele>
<time>2026-07-21T07:15:40Z</time></trkpt>
<trkpt lat="41.13413" lon="-81.567349">
<ele>275</ele>
<time>2026-07-21T07:15:46Z</time></trkpt>
<trkpt lat="41.134079" lon="-81.567324">
<ele>276</ele>
<time>2026-07-21T07:15:49Z</time></trkpt>
<trkpt lat="41.134041" lon="-81.567252">
<ele>278</ele>
<time>2026-07-21T07:15:53Z</time></trkpt>
<trkpt lat="41.133951" lon="-81.567146">
<ele>281</ele>
<time>2026-07-21T07:16:01Z</time></trkpt>
<trkpt lat="41.133873" lon="-81.567181">
<ele>280</ele>
<time>2026-07-21T07:16:07Z</time></trkpt>
<trkpt lat="41.133857" lon="-81.567158">
<ele>281</ele>
<time>2026-07-21T07:16:08Z</time></trkpt>
<trkpt lat="41.133889" lon="-81.566976">
<ele>284</ele>
<time>2026-07-21T07:16:17Z</time></trkpt>
<trkpt lat="41.133919" lon="-81.566944">
<ele>285</ele>
<time>2026-07-21T07:16:20Z</time></trkpt>
<trkpt lat="41.133978" lon="-81.566949">
<ele>286</ele>
<time>2026-07-21T07:16:23Z</time></trkpt>
<trkpt lat="41.133978" lon="-81.566949">
<ele>286</ele>
<time>2026-07-21T07:16:23Z</time></trkpt>
<trkpt lat="41.134238" lon="-81.566973">
<ele>288</ele>
<time>2026-07-21T07:16:40Z</time></trkpt>
<trkpt lat="41.13433" lon="-81.567014">
<ele>288</ele>
<time>2026-07-21T07:16:46Z</time></trkpt>
<trkpt lat="41.134421" lon="-81.567121">
<ele>286</ele>
<time>2026-07-21T07:16:51Z</time></trkpt>
<trkpt lat="41.134453" lon="-81.567129">
<ele>287</ele>
<time>2026-07-21T07:16:52Z</time></trkpt>
<trkpt lat="41.134622" lon="-81.567003">
<ele>287</ele>
<time>2026-07-21T07:16:59Z</time></trkpt>
<trkpt lat="41.13487" lon="-81.56699">
<ele>285</ele>
<time>2026-07-21T07:17:08Z</time></trkpt>
<trkpt lat="41.13499" lon="-81.566901">
<ele>286</ele>
<time>2026-07-21T07:17:13Z</time></trkpt>
<trkpt lat="41.135036" lon="-81.566822">
<ele>284</ele>
<time>2026-07-21T07:17:16Z</time></trkpt>
<trkpt lat="41.135043" lon="-81.566767">
<ele>283</ele>
<time>2026-07-21T07:17:17Z</time></trkpt>
<trkpt lat="41.135026" lon="-81.566713">
<ele>284</ele>
<time>2026-07-21T07:17:19Z</time></trkpt>
<trkpt lat="41.134948" lon="-81.56662">
<ele>286</ele>
<time>2026-07-21T07:17:23Z</time></trkpt>
<trkpt lat="41.134829" lon="-81.566381">
<ele>287</ele>
<time>2026-07-21T07:17:30Z</time></trkpt>
<trkpt lat="41.134819" lon="-81.566313">
<ele>288</ele>
<time>2026-07-21T07:17:32Z</time></trkpt>
<trkpt lat="41.134831" lon="-81.566263">
<ele>288</ele>
<time>2026-07-21T07:17:34Z</time></trkpt>
<trkpt lat="41.134911" lon="-81.566106">
<ele>288</ele>
<time>2026-07-21T07:17:39Z</time></trkpt>
<trkpt lat="41.134931" lon="-81.566021">
<ele>287</ele>
<time>2026-07-21T07:17:41Z</time></trkpt>
<trkpt lat="41.134921" lon="-81.565954">
<ele>286</ele>
<time>2026-07-21T07:17:43Z</time></trkpt>
<trkpt lat="41.134851" lon="-81.565758">
<ele>285</ele>
<time>2026-07-21T07:17:49Z</time></trkpt>
<trkpt lat="41.134822" lon="-81.565722">
<ele>285</ele>
<time>2026-07-21T07:17:51Z</time></trkpt>
<trkpt lat="41.134783" lon="-81.565711">
<ele>286</ele>
<time>2026-07-21T07:17:52Z</time></trkpt>
<trkpt lat="41.134668" lon="-81.565758">
<ele>289</ele>
<time>2026-07-21T07:17:57Z</time></trkpt>
<trkpt lat="41.1345" lon="-81.565741">
<ele>289</ele>
<time>2026-07-21T07:18:03Z</time></trkpt>
<trkpt lat="41.134342" lon="-81.565805">
<ele>290</ele>
<time>2026-07-21T07:18:09Z</time></trkpt>
<trkpt lat="41.134143" lon="-81.565855">
<ele>291</ele>
<time>2026-07-21T07:18:16Z</time></trkpt>
<trkpt lat="41.134124" lon="-81.565876">
<ele>291</ele>
<time>2026-07-21T07:18:17Z</time></trkpt>
<trkpt lat="41.134124" lon="-81.565876">
<ele>291</ele>
<time>2026-07-21T07:18:17Z</time></trkpt>
<trkpt lat="41.134079" lon="-81.565926">
<ele>290</ele>
<time>2026-07-21T07:18:19Z</time></trkpt>
<trkpt lat="41.134037" lon="-81.566027">
<ele>292</ele>
<time>2026-07-21T07:18:22Z</time></trkpt>
<trkpt lat="41.133984" lon="-81.566098">
<ele>293</ele>
<time>2026-07-21T07:18:25Z</time></trkpt>
<trkpt lat="41.133786" lon="-81.566231">
<ele>292</ele>
<time>2026-07-21T07:18:33Z</time></trkpt>
<trkpt lat="41.133473" lon="-81.566608">
<ele>291</ele>
<time>2026-07-21T07:18:51Z</time></trkpt>
<trkpt lat="41.13344" lon="-81.566682">
<ele>291</ele>
<time>2026-07-21T07:18:53Z</time></trkpt>
<trkpt lat="41.133423" lon="-81.566816">
<ele>292</ele>
<time>2026-07-21T07:18:57Z</time></trkpt>
<trkpt lat="41.133385" lon="-81.566952">
<ele>293</ele>
<time>2026-07-21T07:19:02Z</time></trkpt>
<trkpt lat="41.133342" lon="-81.567017">
<ele>293</ele>
<time>2026-07-21T07:19:05Z</time></trkpt>
<trkpt lat="41.133207" lon="-81.567095">
<ele>293</ele>
<time>2026-07-21T07:19:11Z</time></trkpt>
<trkpt lat="41.133147" lon="-81.567153">
<ele>294</ele>
<time>2026-07-21T07:19:14Z</time></trkpt>
<trkpt lat="41.133133" lon="-81.567207">
<ele>295</ele>
<time>2026-07-21T07:19:16Z</time></trkpt>
<trkpt lat="41.133139" lon="-81.567308">
<ele>295</ele>
<time>2026-07-21T07:19:19Z</time></trkpt>
<trkpt lat="41.133119" lon="-81.567365">
<ele>295</ele>
<time>2026-07-21T07:19:21Z</time></trkpt>
<trkpt lat="41.132949" lon="-81.567597">
<ele>298</ele>
<time>2026-07-21T07:19:31Z</time></trkpt>
<trkpt lat="41.132939" lon="-81.567665">
<ele>298</ele>
<time>2026-07-21T07:19:33Z</time></trkpt>
<trkpt lat="41.132989" lon="-81.567871">
<ele>297</ele>
<time>2026-07-21T07:19:40Z</time></trkpt>
<trkpt lat="41.13298" lon="-81.567918">
<ele>297</ele>
<time>2026-07-21T07:19:41Z</time></trkpt>
<trkpt lat="41.132936" lon="-81.567952">
<ele>297</ele>
<time>2026-07-21T07:19:43Z</time></trkpt>
<trkpt lat="41.13278" lon="-81.567912">
<ele>299</ele>
<time>2026-07-21T07:19:50Z</time></trkpt>
<trkpt lat="41.132703" lon="-81.567919">
<ele>299</ele>
<time>2026-07-21T07:19:53Z</time></trkpt>
<trkpt lat="41.132634" lon="-81.56798">
<ele>299</ele>
<time>2026-07-21T07:19:56Z</time></trkpt>
<trkpt lat="41.132573" lon="-81.568106">
<ele>299</ele>
<time>2026-07-21T07:20:01Z</time></trkpt>
<trkpt lat="41.132511" lon="-81.568192">
<ele>299</ele>
<time>2026-07-21T07:20:05Z</time></trkpt>
<trkpt lat="41.132442" lon="-81.568204">
<ele>300</ele>
<time>2026-07-21T07:20:08Z</time></trkpt>
<trkpt lat="41.132388" lon="-81.56817">
<ele>300</ele>
<time>2026-07-21T07:20:10Z</time></trkpt>
<trkpt lat="41.132353" lon="-81.568096">
<ele>301</ele>
<time>2026-07-21T07:20:13Z</time></trkpt>
<trkpt lat="41.13236" lon="-81.567903">
<ele>301</ele>
<time>2026-07-21T07:20:19Z</time></trkpt>
<trkpt lat="41.132344" lon="-81.567876">
<ele>301</ele>
<time>2026-07-21T07:20:20Z</time></trkpt>
<trkpt lat="41.132344" lon="-81.567876">
<ele>301</ele>
<time>2026-07-21T07:20:20Z</time></trkpt>
<trkpt lat="41.132243" lon="-81.567703">
<ele>302</ele>
<time>2026-07-21T07:20:27Z</time></trkpt>
<trkpt lat="41.132115" lon="-81.567603">
<ele>302</ele>
<time>2026-07-21T07:20:33Z</time></trkpt>
<trkpt lat="41.132005" lon="-81.567564">
<ele>302</ele>
<time>2026-07-21T07:20:37Z</time></trkpt>
<trkpt lat="41.131482" lon="-81.567486">
<ele>303</ele>
<time>2026-07-21T07:20:54Z</time></trkpt>
<trkpt lat="41.131294" lon="-81.567429">
<ele>302</ele>
<time>2026-07-21T07:21:00Z</time></trkpt>
<trkpt lat="41.131397" lon="-81.567109">
<ele>302</ele>
<time>2026-07-21T07:21:09Z</time></trkpt>
<trkpt lat="41.131611" lon="-81.566645">
<ele>302</ele>
<time>2026-07-21T07:21:22Z</time></trkpt>
<trkpt lat="41.13172" lon="-81.56649">
<ele>302</ele>
<time>2026-07-21T07:21:27Z</time></trkpt>
<trkpt lat="41.131893" lon="-81.566334">
<ele>302</ele>
<time>2026-07-21T07:21:34Z</time></trkpt>
<trkpt lat="41.131893" lon="-81.566334">
<ele>302</ele>
<time>2026-07-21T07:21:34Z</time></trkpt>
<trkpt lat="41.131984" lon="-81.566251">
<ele>303</ele>
<time>2026-07-21T07:21:38Z</time></trkpt>
<trkpt lat="41.132325" lon="-81.566009">
<ele>302</ele>
<time>2026-07-21T07:21:50Z</time></trkpt>
<trkpt lat="41.132405" lon="-81.565918">
<ele>301</ele>
<time>2026-07-21T07:21:54Z</time></trkpt>
<trkpt lat="41.132533" lon="-81.565661">
<ele>300</ele>
<time>2026-07-21T07:22:01Z</time></trkpt>
<trkpt lat="41.13269" lon="-81.565524">
<ele>299</ele>
<time>2026-07-21T07:22:07Z</time></trkpt>
<trkpt lat="41.132774" lon="-81.565394">
<ele>299</ele>
<time>2026-07-21T07:22:12Z</time></trkpt>
<trkpt lat="41.132847" lon="-81.565349">
<ele>299</ele>
<time>2026-07-21T07:22:14Z</time></trkpt>
<trkpt lat="41.132937" lon="-81.565334">
<ele>299</ele>
<time>2026-07-21T07:22:17Z</time></trkpt>
<trkpt lat="41.133156" lon="-81.565252">
<ele>299</ele>
<time>2026-07-21T07:22:24Z</time></trkpt>
<trkpt lat="41.133219" lon="-81.565194">
<ele>298</ele>
<time>2026-07-21T07:22:27Z</time></trkpt>
<trkpt lat="41.133268" lon="-81.56512">
<ele>298</ele>
<time>2026-07-21T07:22:29Z</time></trkpt>
<trkpt lat="41.133425" lon="-81.564737">
<ele>298</ele>
<time>2026-07-21T07:22:40Z</time></trkpt>
<trkpt lat="41.133454" lon="-81.564605">
<ele>297</ele>
<time>2026-07-21T07:22:43Z</time></trkpt>
<trkpt lat="41.133416" lon="-81.564371">
<ele>296</ele>
<time>2026-07-21T07:22:49Z</time></trkpt>
<trkpt lat="41.133413" lon="-81.564264">
<ele>296</ele>
<time>2026-07-21T07:22:52Z</time></trkpt>
<trkpt lat="41.133435" lon="-81.564047">
<ele>295</ele>
<time>2026-07-21T07:22:57Z</time></trkpt>
<trkpt lat="41.133413" lon="-81.563869">
<ele>295</ele>
<time>2026-07-21T07:23:01Z</time></trkpt>
<trkpt lat="41.133476" lon="-81.563502">
<ele>296</ele>
<time>2026-07-21T07:23:10Z</time></trkpt>
<trkpt lat="41.13355" lon="-81.56331">
<ele>296</ele>
<time>2026-07-21T07:23:16Z</time></trkpt>
<trkpt lat="41.133606" lon="-81.563223">
<ele>296</ele>
<time>2026-07-21T07:23:18Z</time></trkpt>
<trkpt lat="41.13386" lon="-81.562925">
<ele>295</ele>
<time>2026-07-21T07:23:29Z</time></trkpt>
<trkpt lat="41.133882" lon="-81.562844">
<ele>295</ele>
<time>2026-07-21T07:23:31Z</time></trkpt>
<trkpt lat="41.133881" lon="-81.562776">
<ele>295</ele>
<time>2026-07-21T07:23:33Z</time></trkpt>
<trkpt lat="41.133851" lon="-81.562713">
<ele>295</ele>
<time>2026-07-21T07:23:35Z</time></trkpt>
<trkpt lat="41.133585" lon="-81.562559">
<ele>296</ele>
<time>2026-07-21T07:23:44Z</time></trkpt>
<trkpt lat="41.133441" lon="-81.562564">
<ele>294</ele>
<time>2026-07-21T07:23:49Z</time></trkpt>
<trkpt lat="41.133441" lon="-81.562564">
<ele>294</ele>
<time>2026-07-21T07:23:49Z</time></trkpt>
<trkpt lat="41.133413" lon="-81.562564">
<ele>294</ele>
<time>2026-07-21T07:23:51Z</time></trkpt>
<trkpt lat="41.133294" lon="-81.562485">
<ele>292</ele>
<time>2026-07-21T07:23:57Z</time></trkpt>
<trkpt lat="41.133161" lon="-81.562459">
<ele>291</ele>
<time>2026-07-21T07:24:03Z</time></trkpt>
<trkpt lat="41.133118" lon="-81.562431">
<ele>290</ele>
<time>2026-07-21T07:24:05Z</time></trkpt>
<trkpt lat="41.133104" lon="-81.562382">
<ele>289</ele>
<time>2026-07-21T07:24:07Z</time></trkpt>
<trkpt lat="41.133125" lon="-81.56233">
<ele>288</ele>
<time>2026-07-21T07:24:09Z</time></trkpt>
<trkpt lat="41.13325" lon="-81.562255">
<ele>288</ele>
<time>2026-07-21T07:24:15Z</time></trkpt>
<trkpt lat="41.133379" lon="-81.562047">
<ele>286</ele>
<time>2026-07-21T07:24:24Z</time></trkpt>
<trkpt lat="41.133376" lon="-81.561996">
<ele>284</ele>
<time>2026-07-21T07:24:26Z</time></trkpt>
<trkpt lat="41.133349" lon="-81.561948">
<ele>283</ele>
<time>2026-07-21T07:24:28Z</time></trkpt>
<trkpt lat="41.133348" lon="-81.561919">
<ele>282</ele>
<time>2026-07-21T07:24:29Z</time></trkpt>
<trkpt lat="41.133369" lon="-81.561895">
<ele>282</ele>
<time>2026-07-21T07:24:31Z</time></trkpt>
<trkpt lat="41.133468" lon="-81.56187">
<ele>281</ele>
<time>2026-07-21T07:24:35Z</time></trkpt>
<trkpt lat="41.133581" lon="-81.561779">
<ele>277</ele>
<time>2026-07-21T07:24:41Z</time></trkpt>
<trkpt lat="41.133649" lon="-81.561767">
<ele>276</ele>
<time>2026-07-21T07:24:44Z</time></trkpt>
<trkpt lat="41.133708" lon="-81.561788">
<ele>275</ele>
<time>2026-07-21T07:24:47Z</time></trkpt>
<trkpt lat="41.133809" lon="-81.56188">
<ele>276</ele>
<time>2026-07-21T07:24:53Z</time></trkpt>
<trkpt lat="41.133844" lon="-81.561888">
<ele>275</ele>
<time>2026-07-21T07:24:54Z</time></trkpt>
<trkpt lat="41.133896" lon="-81.561845">
<ele>273</ele>
<time>2026-07-21T07:24:57Z</time></trkpt>
<trkpt lat="41.133927" lon="-81.561494">
<ele>266</ele>
<time>2026-07-21T07:25:10Z</time></trkpt>
<trkpt lat="41.133916" lon="-81.561179">
<ele>260</ele>
<time>2026-07-21T07:25:20Z</time></trkpt>
<trkpt lat="41.133957" lon="-81.560841">
<ele>258</ele>
<time>2026-07-21T07:25:32Z</time></trkpt>
<trkpt lat="41.133929" lon="-81.560254">
<ele>248</ele>
<time>2026-07-21T07:25:53Z</time></trkpt>
<trkpt lat="41.133696" lon="-81.560453">
<ele>249</ele>
<time>2026-07-21T07:26:05Z</time></trkpt>
<trkpt lat="41.133571" lon="-81.5605">
<ele>250</ele>
<time>2026-07-21T07:26:09Z</time></trkpt>
<trkpt lat="41.133571" lon="-81.5605">
<ele>250</ele>
<time>2026-07-21T07:26:09Z</time></trkpt>
<trkpt lat="41.133415" lon="-81.5605">
<ele>252</ele>
<time>2026-07-21T07:26:14Z</time></trkpt>
<trkpt lat="41.133243" lon="-81.560455">
<ele>253</ele>
<time>2026-07-21T07:26:20Z</time></trkpt>
<trkpt lat="41.133123" lon="-81.56039">
<ele>252</ele>
<time>2026-07-21T07:26:25Z</time></trkpt>
<trkpt lat="41.132724" lon="-81.55994">
<ele>252</ele>
<time>2026-07-21T07:26:42Z</time></trkpt>
<trkpt lat="41.132703" lon="-81.559885">
<ele>251</ele>
<time>2026-07-21T07:26:43Z</time></trkpt>
<trkpt lat="41.132715" lon="-81.559835">
<ele>251</ele>
<time>2026-07-21T07:26:45Z</time></trkpt>
<trkpt lat="41.132761" lon="-81.559786">
<ele>250</ele>
<time>2026-07-21T07:26:47Z</time></trkpt>
<trkpt lat="41.132999" lon="-81.559703">
<ele>249</ele>
<time>2026-07-21T07:26:55Z</time></trkpt>
<trkpt lat="41.133211" lon="-81.559507">
<ele>247</ele>
<time>2026-07-21T07:27:04Z</time></trkpt>
<trkpt lat="41.133211" lon="-81.559507">
<ele>247</ele>
<time>2026-07-21T07:27:04Z</time></trkpt>
<trkpt lat="41.133556" lon="-81.559109">
<ele>246</ele>
<time>2026-07-21T07:27:19Z</time></trkpt>
<trkpt lat="41.133577" lon="-81.55897">
<ele>245</ele>
<time>2026-07-21T07:27:22Z</time></trkpt>
<trkpt lat="41.133536" lon="-81.558936">
<ele>245</ele>
<time>2026-07-21T07:27:24Z</time></trkpt>
<trkpt lat="41.133302" lon="-81.558944">
<ele>246</ele>
<time>2026-07-21T07:27:32Z</time></trkpt>
<trkpt lat="41.13321" lon="-81.558982">
<ele>247</ele>
<time>2026-07-21T07:27:35Z</time></trkpt>
<trkpt lat="41.133062" lon="-81.559109">
<ele>249</ele>
<time>2026-07-21T07:27:41Z</time></trkpt>
<trkpt lat="41.133062" lon="-81.559109">
<ele>249</ele>
<time>2026-07-21T07:27:41Z</time></trkpt>
<trkpt lat="41.132997" lon="-81.559178">
<ele>249</ele>
<time>2026-07-21T07:27:44Z</time></trkpt>
<trkpt lat="41.132936" lon="-81.559276">
<ele>248</ele>
<time>2026-07-21T07:27:48Z</time></trkpt>
<trkpt lat="41.132868" lon="-81.559309">
<ele>248</ele>
<time>2026-07-21T07:27:51Z</time></trkpt>
<trkpt lat="41.132796" lon="-81.559312">
<ele>248</ele>
<time>2026-07-21T07:27:54Z</time></trkpt>
<trkpt lat="41.132727" lon="-81.559283">
<ele>249</ele>
<time>2026-07-21T07:27:57Z</time></trkpt>
<trkpt lat="41.132672" lon="-81.559222">
<ele>250</ele>
<time>2026-07-21T07:28:00Z</time></trkpt>
<trkpt lat="41.132624" lon="-81.559118">
<ele>251</ele>
<time>2026-07-21T07:28:03Z</time></trkpt>
<trkpt lat="41.132589" lon="-81.558805">
<ele>250</ele>
<time>2026-07-21T07:28:13Z</time></trkpt>
<trkpt lat="41.132544" lon="-81.55873">
<ele>249</ele>
<time>2026-07-21T07:28:16Z</time></trkpt>
<trkpt lat="41.132286" lon="-81.558604">
<ele>250</ele>
<time>2026-07-21T07:28:28Z</time></trkpt>
<trkpt lat="41.13212" lon="-81.558569">
<ele>252</ele>
<time>2026-07-21T07:28:35Z</time></trkpt>
<trkpt lat="41.131612" lon="-81.558548">
<ele>258</ele>
<time>2026-07-21T07:28:56Z</time></trkpt>
<trkpt lat="41.131433" lon="-81.558582">
<ele>259</ele>
<time>2026-07-21T07:29:03Z</time></trkpt>
<trkpt lat="41.131368" lon="-81.558551">
<ele>259</ele>
<time>2026-07-21T07:29:06Z</time></trkpt>
<trkpt lat="41.131324" lon="-81.558477">
<ele>258</ele>
<time>2026-07-21T07:29:09Z</time></trkpt>
<trkpt lat="41.131276" lon="-81.558358">
<ele>256</ele>
<time>2026-07-21T07:29:13Z</time></trkpt>
<trkpt lat="41.131253" lon="-81.558245">
<ele>253</ele>
<time>2026-07-21T07:29:17Z</time></trkpt>
<trkpt lat="41.1312" lon="-81.558388">
<ele>257</ele>
<time>2026-07-21T07:29:22Z</time></trkpt>
<trkpt lat="41.131119" lon="-81.558517">
<ele>262</ele>
<time>2026-07-21T07:29:27Z</time></trkpt>
<trkpt lat="41.130801" lon="-81.558784">
<ele>260</ele>
<time>2026-07-21T07:29:42Z</time></trkpt>
<trkpt lat="41.130749" lon="-81.558791">
<ele>260</ele>
<time>2026-07-21T07:29:44Z</time></trkpt>
<trkpt lat="41.130749" lon="-81.558791">
<ele>260</ele>
<time>2026-07-21T07:29:44Z</time></trkpt>
<trkpt lat="41.130709" lon="-81.558762">
<ele>258</ele>
<time>2026-07-21T07:29:46Z</time></trkpt>
<trkpt lat="41.130698" lon="-81.558696">
<ele>255</ele>
<time>2026-07-21T07:29:48Z</time></trkpt>
<trkpt lat="41.130738" lon="-81.558603">
<ele>253</ele>
<time>2026-07-21T07:29:50Z</time></trkpt>
<trkpt lat="41.130723" lon="-81.558557">
<ele>252</ele>
<time>2026-07-21T07:29:52Z</time></trkpt>
<trkpt lat="41.130696" lon="-81.558547">
<ele>251</ele>
<time>2026-07-21T07:29:53Z</time></trkpt>
<trkpt lat="41.130559" lon="-81.558571">
<ele>249</ele>
<time>2026-07-21T07:29:57Z</time></trkpt>
<trkpt lat="41.130505" lon="-81.558614">
<ele>250</ele>
<time>2026-07-21T07:29:59Z</time></trkpt>
<trkpt lat="41.130353" lon="-81.558854">
<ele>253</ele>
<time>2026-07-21T07:30:07Z</time></trkpt>
<trkpt lat="41.130243" lon="-81.558964">
<ele>255</ele>
<time>2026-07-21T07:30:12Z</time></trkpt>
<trkpt lat="41.130075" lon="-81.559075">
<ele>257</ele>
<time>2026-07-21T07:30:18Z</time></trkpt>
<trkpt lat="41.129958" lon="-81.55912">
<ele>258</ele>
<time>2026-07-21T07:30:22Z</time></trkpt>
<trkpt lat="41.129884" lon="-81.559107">
<ele>259</ele>
<time>2026-07-21T07:30:24Z</time></trkpt>
<trkpt lat="41.129816" lon="-81.558991">
<ele>258</ele>
<time>2026-07-21T07:30:28Z</time></trkpt>
<trkpt lat="41.129729" lon="-81.558765">
<ele>256</ele>
<time>2026-07-21T07:30:35Z</time></trkpt>
<trkpt lat="41.129689" lon="-81.558724">
<ele>256</ele>
<time>2026-07-21T07:30:36Z</time></trkpt>
<trkpt lat="41.129265" lon="-81.558583">
<ele>252</ele>
<time>2026-07-21T07:30:51Z</time></trkpt>
<trkpt lat="41.129216" lon="-81.558589">
<ele>252</ele>
<time>2026-07-21T07:30:52Z</time></trkpt>
<trkpt lat="41.129177" lon="-81.558514">
<ele>251</ele>
<time>2026-07-21T07:30:55Z</time></trkpt>
<trkpt lat="41.129065" lon="-81.558399">
<ele>252</ele>
<time>2026-07-21T07:30:59Z</time></trkpt>
<trkpt lat="41.129043" lon="-81.558356">
<ele>253</ele>
<time>2026-07-21T07:31:01Z</time></trkpt>
<trkpt lat="41.129044" lon="-81.558301">
<ele>253</ele>
<time>2026-07-21T07:31:02Z</time></trkpt>
<trkpt lat="41.129083" lon="-81.558179">
<ele>255</ele>
<time>2026-07-21T07:31:05Z</time></trkpt>
<trkpt lat="41.129187" lon="-81.557999">
<ele>257</ele>
<time>2026-07-21T07:31:11Z</time></trkpt>
<trkpt lat="41.129261" lon="-81.557938">
<ele>258</ele>
<time>2026-07-21T07:31:14Z</time></trkpt>
<trkpt lat="41.129709" lon="-81.557833">
<ele>258</ele>
<time>2026-07-21T07:31:29Z</time></trkpt>
<trkpt lat="41.129777" lon="-81.55777">
<ele>259</ele>
<time>2026-07-21T07:31:32Z</time></trkpt>
<trkpt lat="41.129806" lon="-81.557704">
<ele>260</ele>
<time>2026-07-21T07:31:34Z</time></trkpt>
<trkpt lat="41.129832" lon="-81.557531">
<ele>261</ele>
<time>2026-07-21T07:31:38Z</time></trkpt>
<trkpt lat="41.129824" lon="-81.557301">
<ele>262</ele>
<time>2026-07-21T07:31:44Z</time></trkpt>
<trkpt lat="41.129865" lon="-81.557169">
<ele>261</ele>
<time>2026-07-21T07:31:47Z</time></trkpt>
<trkpt lat="41.12997" lon="-81.556974">
<ele>257</ele>
<time>2026-07-21T07:31:53Z</time></trkpt>
<trkpt lat="41.129975" lon="-81.556804">
<ele>255</ele>
<time>2026-07-21T07:31:57Z</time></trkpt>
<trkpt lat="41.129975" lon="-81.556804">
<ele>255</ele>
<time>2026-07-21T07:31:57Z</time></trkpt>
<trkpt lat="41.129968" lon="-81.55653">
<ele>252</ele>
<time>2026-07-21T07:32:04Z</time></trkpt>
<trkpt lat="41.129921" lon="-81.556186">
<ele>251</ele>
<time>2026-07-21T07:32:13Z</time></trkpt>
<trkpt lat="41.12986" lon="-81.555981">
<ele>253</ele>
<time>2026-07-21T07:32:18Z</time></trkpt>
<trkpt lat="41.129817" lon="-81.555886">
<ele>253</ele>
<time>2026-07-21T07:32:21Z</time></trkpt>
<trkpt lat="41.129748" lon="-81.555786">
<ele>254</ele>
<time>2026-07-21T07:32:24Z</time></trkpt>
<trkpt lat="41.129493" lon="-81.555541">
<ele>255</ele>
<time>2026-07-21T07:32:34Z</time></trkpt>
<trkpt lat="41.129443" lon="-81.555471">
<ele>255</ele>
<time>2026-07-21T07:32:37Z</time></trkpt>
<trkpt lat="41.129341" lon="-81.555232">
<ele>256</ele>
<time>2026-07-21T07:32:44Z</time></trkpt>
<trkpt lat="41.129158" lon="-81.554985">
<ele>255</ele>
<time>2026-07-21T07:32:52Z</time></trkpt>
<trkpt lat="41.129043" lon="-81.554779">
<ele>257</ele>
<time>2026-07-21T07:32:58Z</time></trkpt>
<trkpt lat="41.128952" lon="-81.554541">
<ele>257</ele>
<time>2026-07-21T07:33:05Z</time></trkpt>
<trkpt lat="41.128929" lon="-81.554422">
<ele>256</ele>
<time>2026-07-21T07:33:07Z</time></trkpt>
<trkpt lat="41.128923" lon="-81.554279">
<ele>255</ele>
<time>2026-07-21T07:33:11Z</time></trkpt>
<trkpt lat="41.128833" lon="-81.553957">
<ele>254</ele>
<time>2026-07-21T07:33:19Z</time></trkpt>
<trkpt lat="41.128833" lon="-81.553957">
<ele>254</ele>
<time>2026-07-21T07:33:19Z</time></trkpt>
<trkpt lat="41.128737" lon="-81.553724">
<ele>253</ele>
<time>2026-07-21T07:33:25Z</time></trkpt>
<trkpt lat="41.128559" lon="-81.553457">
<ele>254</ele>
<time>2026-07-21T07:33:33Z</time></trkpt>
<trkpt lat="41.128374" lon="-81.552995">
<ele>254</ele>
<time>2026-07-21T07:33:45Z</time></trkpt>
<trkpt lat="41.12838" lon="-81.552928">
<ele>253</ele>
<time>2026-07-21T07:33:46Z</time></trkpt>
<trkpt lat="41.128515" lon="-81.552853">
<ele>251</ele>
<time>2026-07-21T07:33:51Z</time></trkpt>
<trkpt lat="41.128704" lon="-81.552694">
<ele>249</ele>
<time>2026-07-21T07:33:57Z</time></trkpt>
<trkpt lat="41.128948" lon="-81.552633">
<ele>249</ele>
<time>2026-07-21T07:34:05Z</time></trkpt>
<trkpt lat="41.129062" lon="-81.552539">
<ele>248</ele>
<time>2026-07-21T07:34:09Z</time></trkpt>
<trkpt lat="41.12928" lon="-81.552423">
<ele>247</ele>
<time>2026-07-21T07:34:16Z</time></trkpt>
<trkpt lat="41.129489" lon="-81.552116">
<ele>247</ele>
<time>2026-07-21T07:34:25Z</time></trkpt>
<trkpt lat="41.129679" lon="-81.551728">
<ele>246</ele>
<time>2026-07-21T07:34:38Z</time></trkpt>
<trkpt lat="41.129696" lon="-81.551665">
<ele>246</ele>
<time>2026-07-21T07:34:40Z</time></trkpt>
<trkpt lat="41.129696" lon="-81.551665">
<ele>246</ele>
<time>2026-07-21T07:34:40Z</time></trkpt>
<trkpt lat="41.129756" lon="-81.551445">
<ele>245</ele>
<time>2026-07-21T07:34:48Z</time></trkpt>
<trkpt lat="41.12981" lon="-81.551115">
<ele>244</ele>
<time>2026-07-21T07:34:58Z</time></trkpt>
<trkpt lat="41.129805" lon="-81.550841">
<ele>245</ele>
<time>2026-07-21T07:35:07Z</time></trkpt>
<trkpt lat="41.129946" lon="-81.55079">
<ele>245</ele>
<time>2026-07-21T07:35:13Z</time></trkpt>
<trkpt lat="41.129947" lon="-81.55068">
<ele>244</ele>
<time>2026-07-21T07:35:16Z</time></trkpt>
<trkpt lat="41.130032" lon="-81.550652">
<ele>244</ele>
<time>2026-07-21T07:35:20Z</time></trkpt>
<trkpt lat="41.130015" lon="-81.550536">
<ele>244</ele>
<time>2026-07-21T07:35:23Z</time></trkpt>
<trkpt lat="41.129954" lon="-81.550441">
<ele>243</ele>
<time>2026-07-21T07:35:27Z</time></trkpt>
<trkpt lat="41.129892" lon="-81.550024">
<ele>242</ele>
<time>2026-07-21T07:35:40Z</time></trkpt>
<trkpt lat="41.12986" lon="-81.549777">
<ele>242</ele>
<time>2026-07-21T07:35:48Z</time></trkpt>
<trkpt lat="41.129784" lon="-81.549795">
<ele>243</ele>
<time>2026-07-21T07:35:51Z</time></trkpt>
<trkpt lat="41.129733" lon="-81.549832">
<ele>243</ele>
<time>2026-07-21T07:35:54Z</time></trkpt>
<trkpt lat="41.129624" lon="-81.550016">
<ele>246</ele>
<time>2026-07-21T07:36:01Z</time></trkpt>
<trkpt lat="41.129588" lon="-81.550027">
<ele>247</ele>
<time>2026-07-21T07:36:03Z</time></trkpt>
<trkpt lat="41.129465" lon="-81.549926">
<ele>250</ele>
<time>2026-07-21T07:36:09Z</time></trkpt>
<trkpt lat="41.129333" lon="-81.549699">
<ele>254</ele>
<time>2026-07-21T07:36:17Z</time></trkpt>
<trkpt lat="41.129327" lon="-81.550116">
<ele>256</ele>
<time>2026-07-21T07:36:30Z</time></trkpt>
<trkpt lat="41.129283" lon="-81.550239">
<ele>257</ele>
<time>2026-07-21T07:36:36Z</time></trkpt>
<trkpt lat="41.129111" lon="-81.550517">
<ele>260</ele>
<time>2026-07-21T07:36:51Z</time></trkpt>
<trkpt lat="41.129003" lon="-81.550589">
<ele>262</ele>
<time>2026-07-21T07:36:58Z</time></trkpt>
<trkpt lat="41.129003" lon="-81.55059">
<ele>262</ele>
<time>2026-07-21T07:36:58Z</time></trkpt>
<trkpt lat="41.128899" lon="-81.55066">
<ele>264</ele>
<time>2026-07-21T07:37:05Z</time></trkpt>
<trkpt lat="41.128771" lon="-81.550791">
<ele>265</ele>
<time>2026-07-21T07:37:15Z</time></trkpt>
<trkpt lat="41.128617" lon="-81.551031">
<ele>266</ele>
<time>2026-07-21T07:37:28Z</time></trkpt>
<trkpt lat="41.128572" lon="-81.551058">
<ele>266</ele>
<time>2026-07-21T07:37:31Z</time></trkpt>
<trkpt lat="41.12853" lon="-81.551054">
<ele>267</ele>
<time>2026-07-21T07:37:34Z</time></trkpt>
<trkpt lat="41.128502" lon="-81.551021">
<ele>268</ele>
<time>2026-07-21T07:37:36Z</time></trkpt>
<trkpt lat="41.128469" lon="-81.550473">
<ele>272</ele>
<time>2026-07-21T07:38:00Z</time></trkpt>
<trkpt lat="41.128544" lon="-81.55017">
<ele>273</ele>
<time>2026-07-21T07:38:14Z</time></trkpt>
<trkpt lat="41.128533" lon="-81.549991">
<ele>275</ele>
<time>2026-07-21T07:38:22Z</time></trkpt>
<trkpt lat="41.128542" lon="-81.549856">
<ele>276</ele>
<time>2026-07-21T07:38:28Z</time></trkpt>
<trkpt lat="41.128612" lon="-81.549519">
<ele>278</ele>
<time>2026-07-21T07:38:43Z</time></trkpt>
<trkpt lat="41.128695" lon="-81.549346">
<ele>279</ele>
<time>2026-07-21T07:38:52Z</time></trkpt>
<trkpt lat="41.128707" lon="-81.549312">
<ele>279</ele>
<time>2026-07-21T07:38:53Z</time></trkpt>
<trkpt lat="41.128699" lon="-81.549285">
<ele>279</ele>
<time>2026-07-21T07:38:55Z</time></trkpt>
<trkpt lat="41.128635" lon="-81.549304">
<ele>282</ele>
<time>2026-07-21T07:38:58Z</time></trkpt>
<trkpt lat="41.128518" lon="-81.54938">
<ele>283</ele>
<time>2026-07-21T07:39:06Z</time></trkpt>
<trkpt lat="41.128349" lon="-81.549413">
<ele>286</ele>
<time>2026-07-21T07:39:16Z</time></trkpt>
<trkpt lat="41.128317" lon="-81.549441">
<ele>286</ele>
<time>2026-07-21T07:39:18Z</time></trkpt>
<trkpt lat="41.128278" lon="-81.549565">
<ele>287</ele>
<time>2026-07-21T07:39:24Z</time></trkpt>
<trkpt lat="41.128266" lon="-81.549755">
<ele>286</ele>
<time>2026-07-21T07:39:30Z</time></trkpt>
<trkpt lat="41.128244" lon="-81.549768">
<ele>286</ele>
<time>2026-07-21T07:39:31Z</time></trkpt>
<trkpt lat="41.128137" lon="-81.549666">
<ele>289</ele>
<time>2026-07-21T07:39:36Z</time></trkpt>
<trkpt lat="41.128137" lon="-81.549666">
<ele>289</ele>
<time>2026-07-21T07:39:36Z</time></trkpt>
<trkpt lat="41.128078" lon="-81.54961">
<ele>291</ele>
<time>2026-07-21T07:39:39Z</time></trkpt>
<trkpt lat="41.128044" lon="-81.549601">
<ele>291</ele>
<time>2026-07-21T07:39:41Z</time></trkpt>
<trkpt lat="41.127831" lon="-81.54965">
<ele>291</ele>
<time>2026-07-21T07:39:49Z</time></trkpt>
<trkpt lat="41.127797" lon="-81.549713">
<ele>292</ele>
<time>2026-07-21T07:39:52Z</time></trkpt>
<trkpt lat="41.127763" lon="-81.550107">
<ele>291</ele>
<time>2026-07-21T07:40:04Z</time></trkpt>
<trkpt lat="41.12767" lon="-81.550565">
<ele>290</ele>
<time>2026-07-21T07:40:18Z</time></trkpt>
<trkpt lat="41.127644" lon="-81.550838">
<ele>288</ele>
<time>2026-07-21T07:40:27Z</time></trkpt>
<trkpt lat="41.127581" lon="-81.551048">
<ele>286</ele>
<time>2026-07-21T07:40:33Z</time></trkpt>
<trkpt lat="41.127513" lon="-81.551151">
<ele>285</ele>
<time>2026-07-21T07:40:38Z</time></trkpt>
<trkpt lat="41.127364" lon="-81.551305">
<ele>287</ele>
<time>2026-07-21T07:40:45Z</time></trkpt>
<trkpt lat="41.127106" lon="-81.551437">
<ele>291</ele>
<time>2026-07-21T07:40:56Z</time></trkpt>
<trkpt lat="41.12701" lon="-81.551466">
<ele>291</ele>
<time>2026-07-21T07:41:00Z</time></trkpt>
<trkpt lat="41.126962" lon="-81.5514">
<ele>293</ele>
<time>2026-07-21T07:41:03Z</time></trkpt>
<trkpt lat="41.126934" lon="-81.551314">
<ele>293</ele>
<time>2026-07-21T07:41:06Z</time></trkpt>
<trkpt lat="41.126903" lon="-81.551093">
<ele>294</ele>
<time>2026-07-21T07:41:13Z</time></trkpt>
<trkpt lat="41.126907" lon="-81.551">
<ele>295</ele>
<time>2026-07-21T07:41:16Z</time></trkpt>
<trkpt lat="41.127026" lon="-81.550683">
<ele>296</ele>
<time>2026-07-21T07:41:26Z</time></trkpt>
<trkpt lat="41.127026" lon="-81.550683">
<ele>296</ele>
<time>2026-07-21T07:41:26Z</time></trkpt>
<trkpt lat="41.127223" lon="-81.550376">
<ele>297</ele>
<time>2026-07-21T07:41:36Z</time></trkpt>
<trkpt lat="41.12725" lon="-81.550306">
<ele>297</ele>
<time>2026-07-21T07:41:38Z</time></trkpt>
<trkpt lat="41.127279" lon="-81.550082">
<ele>296</ele>
<time>2026-07-21T07:41:44Z</time></trkpt>
<trkpt lat="41.127271" lon="-81.549995">
<ele>296</ele>
<time>2026-07-21T07:41:46Z</time></trkpt>
<trkpt lat="41.127209" lon="-81.549782">
<ele>295</ele>
<time>2026-07-21T07:41:51Z</time></trkpt>
<trkpt lat="41.127199" lon="-81.54967">
<ele>295</ele>
<time>2026-07-21T07:41:54Z</time></trkpt>
<trkpt lat="41.127158" lon="-81.549528">
<ele>295</ele>
<time>2026-07-21T07:41:58Z</time></trkpt>
<trkpt lat="41.127116" lon="-81.549262">
<ele>295</ele>
<time>2026-07-21T07:42:05Z</time></trkpt>
<trkpt lat="41.127145" lon="-81.54912">
<ele>295</ele>
<time>2026-07-21T07:42:08Z</time></trkpt>
<trkpt lat="41.127258" lon="-81.548915">
<ele>295</ele>
<time>2026-07-21T07:42:15Z</time></trkpt>
<trkpt lat="41.127276" lon="-81.548586">
<ele>295</ele>
<time>2026-07-21T07:42:23Z</time></trkpt>
<trkpt lat="41.127308" lon="-81.548521">
<ele>295</ele>
<time>2026-07-21T07:42:25Z</time></trkpt>
<trkpt lat="41.127399" lon="-81.548429">
<ele>295</ele>
<time>2026-07-21T07:42:28Z</time></trkpt>
<trkpt lat="41.127854" lon="-81.548237">
<ele>295</ele>
<time>2026-07-21T07:42:44Z</time></trkpt>
<trkpt lat="41.127887" lon="-81.548197">
<ele>295</ele>
<time>2026-07-21T07:42:45Z</time></trkpt>
<trkpt lat="41.127917" lon="-81.548074">
<ele>295</ele>
<time>2026-07-21T07:42:49Z</time></trkpt>
<trkpt lat="41.127917" lon="-81.547961">
<ele>295</ele>
<time>2026-07-21T07:42:49Z</time></trkpt>
<trkpt lat="41.127885" lon="-81.547689">
<ele>295</ele>
<time>2026-07-21T07:42:55Z</time></trkpt>
<trkpt lat="41.12786" lon="-81.547553">
<ele>295</ele>
<time>2026-07-21T07:42:59Z</time></trkpt>
<trkpt lat="41.127792" lon="-81.547361">
<ele>294</ele>
<time>2026-07-21T07:43:04Z</time></trkpt>
<trkpt lat="41.127779" lon="-81.547211">
<ele>294</ele>
<time>2026-07-21T07:43:07Z</time></trkpt>
<trkpt lat="41.127779" lon="-81.547211">
<ele>294</ele>
<time>2026-07-21T07:43:07Z</time></trkpt>
<trkpt lat="41.12778" lon="-81.546708">
<ele>294</ele>
<time>2026-07-21T07:43:18Z</time></trkpt>
<trkpt lat="41.127735" lon="-81.546567">
<ele>294</ele>
<time>2026-07-21T07:43:22Z</time></trkpt>
<trkpt lat="41.127697" lon="-81.546334">
<ele>294</ele>
<time>2026-07-21T07:43:27Z</time></trkpt>
<trkpt lat="41.127666" lon="-81.546249">
<ele>295</ele>
<time>2026-07-21T07:43:29Z</time></trkpt>
<trkpt lat="41.127683" lon="-81.546153">
<ele>295</ele>
<time>2026-07-21T07:43:31Z</time></trkpt>
<trkpt lat="41.127669" lon="-81.546086">
<ele>295</ele>
<time>2026-07-21T07:43:33Z</time></trkpt>
<trkpt lat="41.127619" lon="-81.546011">
<ele>295</ele>
<time>2026-07-21T07:43:35Z</time></trkpt>
<trkpt lat="41.127551" lon="-81.546001">
<ele>296</ele>
<time>2026-07-21T07:43:37Z</time></trkpt>
<trkpt lat="41.127503" lon="-81.546018">
<ele>296</ele>
<time>2026-07-21T07:43:38Z</time></trkpt>
<trkpt lat="41.127477" lon="-81.545926">
<ele>296</ele>
<time>2026-07-21T07:43:41Z</time></trkpt>
<trkpt lat="41.127481" lon="-81.545801">
<ele>296</ele>
<time>2026-07-21T07:43:43Z</time></trkpt>
<trkpt lat="41.127539" lon="-81.545654">
<ele>295</ele>
<time>2026-07-21T07:43:47Z</time></trkpt>
<trkpt lat="41.127573" lon="-81.545621">
<ele>294</ele>
<time>2026-07-21T07:43:48Z</time></trkpt>
<trkpt lat="41.127711" lon="-81.545608">
<ele>293</ele>
<time>2026-07-21T07:43:52Z</time></trkpt>
<trkpt lat="41.128011" lon="-81.545692">
<ele>291</ele>
<time>2026-07-21T07:44:01Z</time></trkpt>
<trkpt lat="41.128114" lon="-81.545665">
<ele>288</ele>
<time>2026-07-21T07:44:05Z</time></trkpt>
<trkpt lat="41.128152" lon="-81.545637">
<ele>286</ele>
<time>2026-07-21T07:44:06Z</time></trkpt>
<trkpt lat="41.128221" lon="-81.545521">
<ele>285</ele>
<time>2026-07-21T07:44:09Z</time></trkpt>
<trkpt lat="41.128304" lon="-81.545245">
<ele>285</ele>
<time>2026-07-21T07:44:16Z</time></trkpt>
<trkpt lat="41.128385" lon="-81.545054">
<ele>282</ele>
<time>2026-07-21T07:44:21Z</time></trkpt>
<trkpt lat="41.128577" lon="-81.544703">
<ele>280</ele>
<time>2026-07-21T07:44:30Z</time></trkpt>
<trkpt lat="41.128577" lon="-81.544703">
<ele>280</ele>
<time>2026-07-21T07:44:30Z</time></trkpt>
<trkpt lat="41.128629" lon="-81.544619">
<ele>278</ele>
<time>2026-07-21T07:44:32Z</time></trkpt>
<trkpt lat="41.128623" lon="-81.544502">
<ele>278</ele>
<time>2026-07-21T07:44:35Z</time></trkpt>
<trkpt lat="41.128563" lon="-81.544257">
<ele>278</ele>
<time>2026-07-21T07:44:40Z</time></trkpt>
<trkpt lat="41.128529" lon="-81.543972">
<ele>276</ele>
<time>2026-07-21T07:44:46Z</time></trkpt>
<trkpt lat="41.128389" lon="-81.543738">
<ele>276</ele>
<time>2026-07-21T07:44:52Z</time></trkpt>
<trkpt lat="41.128376" lon="-81.543687">
<ele>276</ele>
<time>2026-07-21T07:44:53Z</time></trkpt>
<trkpt lat="41.128379" lon="-81.543627">
<ele>276</ele>
<time>2026-07-21T07:44:55Z</time></trkpt>
<trkpt lat="41.128454" lon="-81.54346">
<ele>275</ele>
<time>2026-07-21T07:44:59Z</time></trkpt>
<trkpt lat="41.128546" lon="-81.543363">
<ele>274</ele>
<time>2026-07-21T07:45:02Z</time></trkpt>
<trkpt lat="41.128707" lon="-81.543356">
<ele>273</ele>
<time>2026-07-21T07:45:06Z</time></trkpt>
<trkpt lat="41.128913" lon="-81.54341">
<ele>272</ele>
<time>2026-07-21T07:45:12Z</time></trkpt>
<trkpt lat="41.128998" lon="-81.543414">
<ele>272</ele>
<time>2026-07-21T07:45:14Z</time></trkpt>
<trkpt lat="41.129334" lon="-81.543282">
<ele>270</ele>
<time>2026-07-21T07:45:24Z</time></trkpt>
<trkpt lat="41.129634" lon="-81.54325">
<ele>269</ele>
<time>2026-07-21T07:45:32Z</time></trkpt>
<trkpt lat="41.129754" lon="-81.543146">
<ele>267</ele>
<time>2026-07-21T07:45:36Z</time></trkpt>
<trkpt lat="41.129888" lon="-81.542968">
<ele>263</ele>
<time>2026-07-21T07:45:41Z</time></trkpt>
<trkpt lat="41.130076" lon="-81.542887">
<ele>260</ele>
<time>2026-07-21T07:45:47Z</time></trkpt>
<trkpt lat="41.130275" lon="-81.542878">
<ele>258</ele>
<time>2026-07-21T07:45:52Z</time></trkpt>
<trkpt lat="41.130337" lon="-81.542912">
<ele>258</ele>
<time>2026-07-21T07:45:54Z</time></trkpt>
<trkpt lat="41.13037" lon="-81.542988">
<ele>258</ele>
<time>2026-07-21T07:45:56Z</time></trkpt>
<trkpt lat="41.130375" lon="-81.54304">
<ele>258</ele>
<time>2026-07-21T07:45:57Z</time></trkpt>
<trkpt lat="41.130327" lon="-81.543194">
<ele>257</ele>
<time>2026-07-21T07:46:00Z</time></trkpt>
<trkpt lat="41.130328" lon="-81.543257">
<ele>256</ele>
<time>2026-07-21T07:46:02Z</time></trkpt>
<trkpt lat="41.130496" lon="-81.543292">
<ele>255</ele>
<time>2026-07-21T07:46:06Z</time></trkpt>
<trkpt lat="41.130577" lon="-81.543382">
<ele>253</ele>
<time>2026-07-21T07:46:09Z</time></trkpt>
<trkpt lat="41.130685" lon="-81.543556">
<ele>251</ele>
<time>2026-07-21T07:46:14Z</time></trkpt>
<trkpt lat="41.130725" lon="-81.54376">
<ele>249</ele>
<time>2026-07-21T07:46:18Z</time></trkpt>
<trkpt lat="41.130725" lon="-81.54376">
<ele>249</ele>
<time>2026-07-21T07:46:18Z</time></trkpt>
<trkpt lat="41.130744" lon="-81.543856">
<ele>248</ele>
<time>2026-07-21T07:46:20Z</time></trkpt>
<trkpt lat="41.130819" lon="-81.54373">
<ele>249</ele>
<time>2026-07-21T07:46:23Z</time></trkpt>
<trkpt lat="41.131" lon="-81.543142">
<ele>251</ele>
<time>2026-07-21T07:46:36Z</time></trkpt>
<trkpt lat="41.131218" lon="-81.54276">
<ele>246</ele>
<time>2026-07-21T07:46:46Z</time></trkpt>
<trkpt lat="41.131232" lon="-81.542694">
<ele>245</ele>
<time>2026-07-21T07:46:47Z</time></trkpt>
<trkpt lat="41.131224" lon="-81.542591">
<ele>245</ele>
<time>2026-07-21T07:46:49Z</time></trkpt>
<trkpt lat="41.131109" lon="-81.542364">
<ele>251</ele>
<time>2026-07-21T07:46:55Z</time></trkpt>
<trkpt lat="41.131104" lon="-81.542284">
<ele>250</ele>
<time>2026-07-21T07:46:57Z</time></trkpt>
<trkpt lat="41.131217" lon="-81.542172">
<ele>243</ele>
<time>2026-07-21T07:47:00Z</time></trkpt>
<trkpt lat="41.131233" lon="-81.542099">
<ele>242</ele>
<time>2026-07-21T07:47:02Z</time></trkpt>
<trkpt lat="41.131226" lon="-81.542024">
<ele>242</ele>
<time>2026-07-21T07:47:03Z</time></trkpt>
<trkpt lat="41.13126" lon="-81.541934">
<ele>240</ele>
<time>2026-07-21T07:47:05Z</time></trkpt>
<trkpt lat="41.131273" lon="-81.541775">
<ele>237</ele>
<time>2026-07-21T07:47:09Z</time></trkpt>
<trkpt lat="41.131317" lon="-81.541694">
<ele>236</ele>
<time>2026-07-21T07:47:11Z</time></trkpt>
<trkpt lat="41.131323" lon="-81.541617">
<ele>235</ele>
<time>2026-07-21T07:47:13Z</time></trkpt>
<trkpt lat="41.131264" lon="-81.541528">
<ele>236</ele>
<time>2026-07-21T07:47:16Z</time></trkpt>
<trkpt lat="41.131242" lon="-81.541435">
<ele>236</ele>
<time>2026-07-21T07:47:18Z</time></trkpt>
<trkpt lat="41.131242" lon="-81.541435">
<ele>236</ele>
<time>2026-07-21T07:47:18Z</time></trkpt>
<trkpt lat="41.131179" lon="-81.541163">
<ele>236</ele>
<time>2026-07-21T07:47:25Z</time></trkpt>
<trkpt lat="41.131151" lon="-81.540836">
<ele>235</ele>
<time>2026-07-21T07:47:32Z</time></trkpt>
<trkpt lat="41.131152" lon="-81.540676">
<ele>235</ele>
<time>2026-07-21T07:47:36Z</time></trkpt>
<trkpt lat="41.131153" lon="-81.540508">
<ele>234</ele>
<time>2026-07-21T07:47:40Z</time></trkpt>
<trkpt lat="41.131164" lon="-81.54039">
<ele>234</ele>
<time>2026-07-21T07:47:43Z</time></trkpt>
<trkpt lat="41.131355" lon="-81.539921">
<ele>234</ele>
<time>2026-07-21T07:47:56Z</time></trkpt>
<trkpt lat="41.131494" lon="-81.539967">
<ele>234</ele>
<time>2026-07-21T07:48:00Z</time></trkpt>
<trkpt lat="41.131629" lon="-81.540003">
<ele>234</ele>
<time>2026-07-21T07:48:05Z</time></trkpt>
<trkpt lat="41.131771" lon="-81.540002">
<ele>233</ele>
<time>2026-07-21T07:48:09Z</time></trkpt>
<trkpt lat="41.13192" lon="-81.539951">
<ele>232</ele>
<time>2026-07-21T07:48:14Z</time></trkpt>
<trkpt lat="41.132035" lon="-81.539878">
<ele>232</ele>
<time>2026-07-21T07:48:18Z</time></trkpt>
<trkpt lat="41.132126" lon="-81.539809">
<ele>232</ele>
<time>2026-07-21T07:48:21Z</time></trkpt>
<trkpt lat="41.132295" lon="-81.539759">
<ele>232</ele>
<time>2026-07-21T07:48:27Z</time></trkpt>
<trkpt lat="41.132396" lon="-81.539769">
<ele>232</ele>
<time>2026-07-21T07:48:30Z</time></trkpt>
<trkpt lat="41.132603" lon="-81.539917">
<ele>231</ele>
<time>2026-07-21T07:48:38Z</time></trkpt>
<trkpt lat="41.132746" lon="-81.53954">
<ele>229</ele>
<time>2026-07-21T07:48:49Z</time></trkpt>
<trkpt lat="41.132799" lon="-81.539359">
<ele>229</ele>
<time>2026-07-21T07:48:56Z</time></trkpt>
<trkpt lat="41.132819" lon="-81.539221">
<ele>229</ele>
<time>2026-07-21T07:49:00Z</time></trkpt>
<trkpt lat="41.132821" lon="-81.538722">
<ele>230</ele>
<time>2026-07-21T07:49:17Z</time></trkpt>
<trkpt lat="41.132819" lon="-81.538559">
<ele>231</ele>
<time>2026-07-21T07:49:23Z</time></trkpt>
<trkpt lat="41.132819" lon="-81.538559">
<ele>231</ele>
<time>2026-07-21T07:49:23Z</time></trkpt>
<trkpt lat="41.132802" lon="-81.538364">
<ele>233</ele>
<time>2026-07-21T07:49:29Z</time></trkpt>
<trkpt lat="41.132769" lon="-81.53828">
<ele>233</ele>
<time>2026-07-21T07:49:32Z</time></trkpt>
<trkpt lat="41.13268" lon="-81.538159">
<ele>234</ele>
<time>2026-07-21T07:49:38Z</time></trkpt>
<trkpt lat="41.132544" lon="-81.538115">
<ele>235</ele>
<time>2026-07-21T07:49:44Z</time></trkpt>
<trkpt lat="41.132422" lon="-81.538026">
<ele>235</ele>
<time>2026-07-21T07:49:50Z</time></trkpt>
<trkpt lat="41.132392" lon="-81.537954">
<ele>235</ele>
<time>2026-07-21T07:49:53Z</time></trkpt>
<trkpt lat="41.132394" lon="-81.537785">
<ele>236</ele>
<time>2026-07-21T07:49:59Z</time></trkpt>
<trkpt lat="41.132426" lon="-81.5377">
<ele>236</ele>
<time>2026-07-21T07:50:02Z</time></trkpt>
<trkpt lat="41.132464" lon="-81.537657">
<ele>236</ele>
<time>2026-07-21T07:50:04Z</time></trkpt>
<trkpt lat="41.132634" lon="-81.537547">
<ele>237</ele>
<time>2026-07-21T07:50:13Z</time></trkpt>
<trkpt lat="41.13267" lon="-81.5375">
<ele>237</ele>
<time>2026-07-21T07:50:15Z</time></trkpt>
<trkpt lat="41.132695" lon="-81.53743">
<ele>237</ele>
<time>2026-07-21T07:50:17Z</time></trkpt>
<trkpt lat="41.132702" lon="-81.536925">
<ele>242</ele>
<time>2026-07-21T07:50:34Z</time></trkpt>
<trkpt lat="41.132785" lon="-81.536673">
<ele>241</ele>
<time>2026-07-21T07:50:44Z</time></trkpt>
<trkpt lat="41.132794" lon="-81.536392">
<ele>243</ele>
<time>2026-07-21T07:50:53Z</time></trkpt>
<trkpt lat="41.132854" lon="-81.536117">
<ele>247</ele>
<time>2026-07-21T07:51:04Z</time></trkpt>
<trkpt lat="41.132941" lon="-81.535841">
<ele>252</ele>
<time>2026-07-21T07:51:15Z</time></trkpt>
<trkpt lat="41.132939" lon="-81.535641">
<ele>254</ele>
<time>2026-07-21T07:51:23Z</time></trkpt>
<trkpt lat="41.133" lon="-81.535421">
<ele>257</ele>
<time>2026-07-21T07:51:32Z</time></trkpt>
<trkpt lat="41.133056" lon="-81.535301">
<ele>258</ele>
<time>2026-07-21T07:51:38Z</time></trkpt>
<trkpt lat="41.133111" lon="-81.535226">
<ele>260</ele>
<time>2026-07-21T07:51:42Z</time></trkpt>
<trkpt lat="41.133528" lon="-81.534777">
<ele>265</ele>
<time>2026-07-21T07:52:10Z</time></trkpt>
<trkpt lat="41.133389" lon="-81.534786">
<ele>265</ele>
<time>2026-07-21T07:52:17Z</time></trkpt>
<trkpt lat="41.133389" lon="-81.534786">
<ele>265</ele>
<time>2026-07-21T07:52:17Z</time></trkpt>
<trkpt lat="41.133168" lon="-81.534834">
<ele>264</ele>
<time>2026-07-21T07:52:28Z</time></trkpt>
<trkpt lat="41.133102" lon="-81.534812">
<ele>264</ele>
<time>2026-07-21T07:52:32Z</time></trkpt>
<trkpt lat="41.13308" lon="-81.53477">
<ele>264</ele>
<time>2026-07-21T07:52:34Z</time></trkpt>
<trkpt lat="41.13307" lon="-81.534681">
<ele>264</ele>
<time>2026-07-21T07:52:37Z</time></trkpt>
<trkpt lat="41.133168" lon="-81.534062">
<ele>264</ele>
<time>2026-07-21T07:53:02Z</time></trkpt>
<trkpt lat="41.133158" lon="-81.533793">
<ele>264</ele>
<time>2026-07-21T07:53:12Z</time></trkpt>
<trkpt lat="41.133245" lon="-81.533511">
<ele>265</ele>
<time>2026-07-21T07:53:24Z</time></trkpt>
<trkpt lat="41.133308" lon="-81.533399">
<ele>267</ele>
<time>2026-07-21T07:53:30Z</time></trkpt>
<trkpt lat="41.13334" lon="-81.533378">
<ele>268</ele>
<time>2026-07-21T07:53:32Z</time></trkpt>
<trkpt lat="41.133478" lon="-81.533395">
<ele>269</ele>
<time>2026-07-21T07:53:40Z</time></trkpt>
<trkpt lat="41.133633" lon="-81.53338">
<ele>269</ele>
<time>2026-07-21T07:53:49Z</time></trkpt>
<trkpt lat="41.133688" lon="-81.533353">
<ele>270</ele>
<time>2026-07-21T07:53:52Z</time></trkpt>
<trkpt lat="41.133801" lon="-81.533208">
<ele>269</ele>
<time>2026-07-21T07:54:01Z</time></trkpt>
<trkpt lat="41.133868" lon="-81.533166">
<ele>269</ele>
<time>2026-07-21T07:54:05Z</time></trkpt>
<trkpt lat="41.133929" lon="-81.533155">
<ele>270</ele>
<time>2026-07-21T07:54:09Z</time></trkpt>
<trkpt lat="41.133984" lon="-81.533177">
<ele>270</ele>
<time>2026-07-21T07:54:12Z</time></trkpt>
<trkpt lat="41.134018" lon="-81.533204">
<ele>271</ele>
<time>2026-07-21T07:54:14Z</time></trkpt>
<trkpt lat="41.134045" lon="-81.533262">
<ele>272</ele>
<time>2026-07-21T07:54:17Z</time></trkpt>
<trkpt lat="41.133993" lon="-81.533499">
<ele>275</ele>
<time>2026-07-21T07:54:28Z</time></trkpt>
<trkpt lat="41.134006" lon="-81.533585">
<ele>276</ele>
<time>2026-07-21T07:54:32Z</time></trkpt>
<trkpt lat="41.134065" lon="-81.533785">
<ele>279</ele>
<time>2026-07-21T07:54:41Z</time></trkpt>
<trkpt lat="41.134089" lon="-81.533972">
<ele>280</ele>
<time>2026-07-21T07:54:49Z</time></trkpt>
<trkpt lat="41.134106" lon="-81.534014">
<ele>280</ele>
<time>2026-07-21T07:54:51Z</time></trkpt>
<trkpt lat="41.134136" lon="-81.534035">
<ele>280</ele>
<time>2026-07-21T07:54:53Z</time></trkpt>
<trkpt lat="41.134174" lon="-81.534026">
<ele>281</ele>
<time>2026-07-21T07:54:55Z</time></trkpt>
<trkpt lat="41.134204" lon="-81.533993">
<ele>282</ele>
<time>2026-07-21T07:54:57Z</time></trkpt>
<trkpt lat="41.134241" lon="-81.533848">
<ele>283</ele>
<time>2026-07-21T07:55:04Z</time></trkpt>
<trkpt lat="41.134452" lon="-81.533653">
<ele>286</ele>
<time>2026-07-21T07:55:19Z</time></trkpt>
<trkpt lat="41.134722" lon="-81.533633">
<ele>292</ele>
<time>2026-07-21T07:55:34Z</time></trkpt>
<trkpt lat="41.134746" lon="-81.533645">
<ele>292</ele>
<time>2026-07-21T07:55:36Z</time></trkpt>
<trkpt lat="41.134797" lon="-81.533735">
<ele>293</ele>
<time>2026-07-21T07:55:41Z</time></trkpt>
<trkpt lat="41.134797" lon="-81.533735">
<ele>293</ele>
<time>2026-07-21T07:55:41Z</time></trkpt>
<trkpt lat="41.134838" lon="-81.533768">
<ele>294</ele>
<time>2026-07-21T07:55:43Z</time></trkpt>
<trkpt lat="41.135283" lon="-81.533647">
<ele>297</ele>
<time>2026-07-21T07:56:09Z</time></trkpt>
<trkpt lat="41.135462" lon="-81.533546">
<ele>297</ele>
<time>2026-07-21T07:56:20Z</time></trkpt>
<trkpt lat="41.135631" lon="-81.533416">
<ele>298</ele>
<time>2026-07-21T07:56:28Z</time></trkpt>
<trkpt lat="41.135674" lon="-81.533414">
<ele>298</ele>
<time>2026-07-21T07:56:29Z</time></trkpt>
<trkpt lat="41.135854" lon="-81.533486">
<ele>299</ele>
<time>2026-07-21T07:56:37Z</time></trkpt>
<trkpt lat="41.135918" lon="-81.533487">
<ele>299</ele>
<time>2026-07-21T07:56:39Z</time></trkpt>
<trkpt lat="41.135976" lon="-81.533429">
<ele>299</ele>
<time>2026-07-21T07:56:42Z</time></trkpt>
<trkpt lat="41.135997" lon="-81.533371">
<ele>299</ele>
<time>2026-07-21T07:56:44Z</time></trkpt>
<trkpt lat="41.135999" lon="-81.533282">
<ele>299</ele>
<time>2026-07-21T07:56:47Z</time></trkpt>
<trkpt lat="41.135983" lon="-81.532975">
<ele>299</ele>
<time>2026-07-21T07:56:56Z</time></trkpt>
<trkpt lat="41.135946" lon="-81.532861">
<ele>299</ele>
<time>2026-07-21T07:57:00Z</time></trkpt>
<trkpt lat="41.13588" lon="-81.532755">
<ele>299</ele>
<time>2026-07-21T07:57:04Z</time></trkpt>
<trkpt lat="41.135859" lon="-81.532695">
<ele>298</ele>
<time>2026-07-21T07:57:06Z</time></trkpt>
<trkpt lat="41.135852" lon="-81.532598">
<ele>298</ele>
<time>2026-07-21T07:57:09Z</time></trkpt>
<trkpt lat="41.135891" lon="-81.531956">
<ele>297</ele>
<time>2026-07-21T07:57:28Z</time></trkpt>
<trkpt lat="41.135923" lon="-81.531851">
<ele>297</ele>
<time>2026-07-21T07:57:31Z</time></trkpt>
<trkpt lat="41.136165" lon="-81.531676">
<ele>301</ele>
<time>2026-07-21T07:57:42Z</time></trkpt>
<trkpt lat="41.136232" lon="-81.531604">
<ele>302</ele>
<time>2026-07-21T07:57:46Z</time></trkpt>
<trkpt lat="41.136248" lon="-81.531558">
<ele>302</ele>
<time>2026-07-21T07:57:47Z</time></trkpt>
<trkpt lat="41.136255" lon="-81.531485">
<ele>302</ele>
<time>2026-07-21T07:57:49Z</time></trkpt>
<trkpt lat="41.136229" lon="-81.531254">
<ele>303</ele>
<time>2026-07-21T07:57:56Z</time></trkpt>
<trkpt lat="41.136234" lon="-81.531103">
<ele>304</ele>
<time>2026-07-21T07:58:01Z</time></trkpt>
<trkpt lat="41.136189" lon="-81.530905">
<ele>305</ele>
<time>2026-07-21T07:58:07Z</time></trkpt>
<trkpt lat="41.136177" lon="-81.530781">
<ele>305</ele>
<time>2026-07-21T07:58:11Z</time></trkpt>
<trkpt lat="41.136177" lon="-81.530781">
<ele>305</ele>
<time>2026-07-21T07:58:11Z</time></trkpt>
<trkpt lat="41.136168" lon="-81.530692">
<ele>305</ele>
<time>2026-07-21T07:58:13Z</time></trkpt>
<trkpt lat="41.136269" lon="-81.530513">
<ele>305</ele>
<time>2026-07-21T07:58:20Z</time></trkpt>
<trkpt lat="41.136309" lon="-81.530404">
<ele>305</ele>
<time>2026-07-21T07:58:23Z</time></trkpt>
<trkpt lat="41.136423" lon="-81.529948">
<ele>305</ele>
<time>2026-07-21T07:58:37Z</time></trkpt>
<trkpt lat="41.13648" lon="-81.52986">
<ele>305</ele>
<time>2026-07-21T07:58:40Z</time></trkpt>
<trkpt lat="41.136498" lon="-81.529804">
<ele>305</ele>
<time>2026-07-21T07:58:42Z</time></trkpt>
<trkpt lat="41.136497" lon="-81.529495">
<ele>303</ele>
<time>2026-07-21T07:58:50Z</time></trkpt>
<trkpt lat="41.136521" lon="-81.529299">
<ele>304</ele>
<time>2026-07-21T07:58:56Z</time></trkpt>
<trkpt lat="41.136516" lon="-81.52895">
<ele>305</ele>
<time>2026-07-21T07:59:06Z</time></trkpt>
<trkpt lat="41.136425" lon="-81.528763">
<ele>307</ele>
<time>2026-07-21T07:59:12Z</time></trkpt>
<trkpt lat="41.136416" lon="-81.528635">
<ele>308</ele>
<time>2026-07-21T07:59:16Z</time></trkpt>
<trkpt lat="41.136371" lon="-81.52853">
<ele>308</ele>
<time>2026-07-21T07:59:19Z</time></trkpt>
<trkpt lat="41.136282" lon="-81.528423">
<ele>308</ele>
<time>2026-07-21T07:59:23Z</time></trkpt>
<trkpt lat="41.136163" lon="-81.52833">
<ele>309</ele>
<time>2026-07-21T07:59:29Z</time></trkpt>
<trkpt lat="41.136244" lon="-81.528106">
<ele>309</ele>
<time>2026-07-21T07:59:35Z</time></trkpt>
<trkpt lat="41.136322" lon="-81.527993">
<ele>309</ele>
<time>2026-07-21T07:59:40Z</time></trkpt>
<trkpt lat="41.136396" lon="-81.527809">
<ele>310</ele>
<time>2026-07-21T07:59:46Z</time></trkpt>
<trkpt lat="41.136396" lon="-81.527809">
<ele>310</ele>
<time>2026-07-21T07:59:46Z</time></trkpt>
<trkpt lat="41.136411" lon="-81.527622">
<ele>310</ele>
<time>2026-07-21T07:59:51Z</time></trkpt>
<trkpt lat="41.137193" lon="-81.527614">
<ele>310</ele>
<time>2026-07-21T08:00:19Z</time></trkpt>
<trkpt lat="41.137186" lon="-81.526017">
<ele>311</ele>
<time>2026-07-21T08:01:01Z</time></trkpt>
<trkpt lat="41.137186" lon="-81.526017">
<ele>311</ele>
<time>2026-07-21T08:01:01Z</time></trkpt>
<trkpt lat="41.137171" lon="-81.522729">
<ele>307</ele>
<time>2026-07-21T08:02:23Z</time></trkpt>
<trkpt lat="41.136948" lon="-81.522634">
<ele>309</ele>
<time>2026-07-21T08:02:30Z</time></trkpt>
<trkpt lat="41.136843" lon="-81.522555">
<ele>309</ele>
<time>2026-07-21T08:02:34Z</time></trkpt>
<trkpt lat="41.136713" lon="-81.522395">
<ele>308</ele>
<time>2026-07-21T08:02:39Z</time></trkpt>
<trkpt lat="41.136566" lon="-81.522126">
<ele>306</ele>
<time>2026-07-21T08:02:47Z</time></trkpt>
<trkpt lat="41.136505" lon="-81.522043">
<ele>306</ele>
<time>2026-07-21T08:02:50Z</time></trkpt>
<trkpt lat="41.13644" lon="-81.521967">
<ele>306</ele>
<time>2026-07-21T08:02:53Z</time></trkpt>
<trkpt lat="41.136259" lon="-81.521834">
<ele>305</ele>
<time>2026-07-21T08:02:59Z</time></trkpt>
<trkpt lat="41.136163" lon="-81.5218">
<ele>305</ele>
<time>2026-07-21T08:03:02Z</time></trkpt>
<trkpt lat="41.136062" lon="-81.521796">
<ele>304</ele>
<time>2026-07-21T08:03:05Z</time></trkpt>
<trkpt lat="41.135835" lon="-81.521832">
<ele>304</ele>
<time>2026-07-21T08:03:12Z</time></trkpt>
<trkpt lat="41.135835" lon="-81.521832">
<ele>304</ele>
<time>2026-07-21T08:03:12Z</time></trkpt>
<trkpt lat="41.133897" lon="-81.522243">
<ele>304</ele>
<time>2026-07-21T08:04:15Z</time></trkpt>
<trkpt lat="41.133251" lon="-81.522478">
<ele>301</ele>
<time>2026-07-21T08:04:36Z</time></trkpt>
<trkpt lat="41.13296" lon="-81.522554">
<ele>300</ele>
<time>2026-07-21T08:04:46Z</time></trkpt>
<trkpt lat="41.131644" lon="-81.522435">
<ele>304</ele>
<time>2026-07-21T08:05:29Z</time></trkpt>
<trkpt lat="41.131644" lon="-81.522435">
<ele>304</ele>
<time>2026-07-21T08:05:29Z</time></trkpt>
<trkpt lat="41.129209" lon="-81.522204">
<ele>291</ele>
<time>2026-07-21T08:06:47Z</time></trkpt>
<trkpt lat="41.129209" lon="-81.522204">
<ele>291</ele>
<time>2026-07-21T08:06:47Z</time></trkpt>
<trkpt lat="41.128534" lon="-81.522131">
<ele>285</ele>
<time>2026-07-21T08:07:06Z</time></trkpt>
<trkpt lat="41.128372" lon="-81.521914">
<ele>283</ele>
<time>2026-07-21T08:07:12Z</time></trkpt>
<trkpt lat="41.128372" lon="-81.521914">
<ele>283</ele>
<time>2026-07-21T08:07:12Z</time></trkpt>
<trkpt lat="41.12833" lon="-81.521823">
<ele>283</ele>
<time>2026-07-21T08:07:15Z</time></trkpt>
<trkpt lat="41.128338" lon="-81.521664">
<ele>282</ele>
<time>2026-07-21T08:07:18Z</time></trkpt>
<trkpt lat="41.128035" lon="-81.521631">
<ele>281</ele>
<time>2026-07-21T08:07:27Z</time></trkpt>
<trkpt lat="41.127636" lon="-81.521536">
<ele>281</ele>
<time>2026-07-21T08:07:38Z</time></trkpt>
<trkpt lat="41.12705" lon="-81.521495">
<ele>279</ele>
<time>2026-07-21T08:07:55Z</time></trkpt>
<trkpt lat="41.126963" lon="-81.521458">
<ele>279</ele>
<time>2026-07-21T08:07:57Z</time></trkpt>
<trkpt lat="41.126821" lon="-81.521358">
<ele>279</ele>
<time>2026-07-21T08:08:03Z</time></trkpt>
<trkpt lat="41.126518" lon="-81.521281">
<ele>277</ele>
<time>2026-07-21T08:08:13Z</time></trkpt>
<trkpt lat="41.126362" lon="-81.521283">
<ele>277</ele>
<time>2026-07-21T08:08:18Z</time></trkpt>
<trkpt lat="41.126104" lon="-81.521329">
<ele>277</ele>
<time>2026-07-21T08:08:26Z</time></trkpt>
<trkpt lat="41.126071" lon="-81.521303">
<ele>277</ele>
<time>2026-07-21T08:08:27Z</time></trkpt>
<trkpt lat="41.126071" lon="-81.521303">
<ele>277</ele>
<time>2026-07-21T08:08:27Z</time></trkpt>
<trkpt lat="41.12598" lon="-81.52123">
<ele>277</ele>
<time>2026-07-21T08:08:31Z</time></trkpt>
<trkpt lat="41.125634" lon="-81.521216">
<ele>276</ele>
<time>2026-07-21T08:08:42Z</time></trkpt>
<trkpt lat="41.125505" lon="-81.521314">
<ele>276</ele>
<time>2026-07-21T08:08:47Z</time></trkpt>
<trkpt lat="41.125391" lon="-81.521317">
<ele>275</ele>
<time>2026-07-21T08:08:50Z</time></trkpt>
<trkpt lat="41.125318" lon="-81.521246">
<ele>275</ele>
<time>2026-07-21T08:08:53Z</time></trkpt>
<trkpt lat="41.125139" lon="-81.52082">
<ele>275</ele>
<time>2026-07-21T08:09:05Z</time></trkpt>
<trkpt lat="41.124971" lon="-81.520616">
<ele>275</ele>
<time>2026-07-21T08:09:12Z</time></trkpt>
<trkpt lat="41.124973" lon="-81.520565">
<ele>275</ele>
<time>2026-07-21T08:09:13Z</time></trkpt>
<trkpt lat="41.124973" lon="-81.520565">
<ele>275</ele>
<time>2026-07-21T08:09:13Z</time></trkpt>
<trkpt lat="41.124977" lon="-81.520513">
<ele>275</ele>
<time>2026-07-21T08:09:15Z</time></trkpt>
<trkpt lat="41.125009" lon="-81.520431">
<ele>275</ele>
<time>2026-07-21T08:09:17Z</time></trkpt>
<trkpt lat="41.125403" lon="-81.520164">
<ele>275</ele>
<time>2026-07-21T08:09:31Z</time></trkpt>
<trkpt lat="41.125403" lon="-81.520164">
<ele>275</ele>
<time>2026-07-21T08:09:31Z</time></trkpt>
<trkpt lat="41.125569" lon="-81.520051">
<ele>277</ele>
<time>2026-07-21T08:09:39Z</time></trkpt>
<trkpt lat="41.125643" lon="-81.520051">
<ele>277</ele>
<time>2026-07-21T08:09:42Z</time></trkpt>
<trkpt lat="41.125833" lon="-81.520166">
<ele>278</ele>
<time>2026-07-21T08:09:51Z</time></trkpt>
<trkpt lat="41.126102" lon="-81.520277">
<ele>278</ele>
<time>2026-07-21T08:10:03Z</time></trkpt>
<trkpt lat="41.126186" lon="-81.520292">
<ele>278</ele>
<time>2026-07-21T08:10:07Z</time></trkpt>
<trkpt lat="41.126528" lon="-81.520277">
<ele>279</ele>
<time>2026-07-21T08:10:21Z</time></trkpt>
<trkpt lat="41.1265282" lon="-81.5202713">
<ele>279</ele>
<time>2026-07-21T08:10:21Z</time></trkpt>
<trkpt lat="41.1265282" lon="-81.5202391">
<ele>279</ele>
<time>2026-07-21T08:10:21Z</time></trkpt>
<trkpt lat="41.1264434" lon="-81.5199709">
<ele>279</ele>
<time>2026-07-21T08:10:31Z</time></trkpt>
<trkpt lat="41.126409" lon="-81.5198234">
<ele>279</ele>
<time>2026-07-21T08:10:36Z</time></trkpt>
<trkpt lat="41.1263848" lon="-81.5196946">
<ele>279</ele>
<time>2026-07-21T08:10:40Z</time></trkpt>
<trkpt lat="41.126392" lon="-81.51959">
<ele>279</ele>
<time>2026-07-21T08:10:43Z</time></trkpt>
<trkpt lat="41.126422" lon="-81.519361">
<ele>280</ele>
<time>2026-07-21T08:10:51Z</time></trkpt>
<trkpt lat="41.126448" lon="-81.519289">
<ele>280</ele>
<time>2026-07-21T08:10:54Z</time></trkpt>
<trkpt lat="41.126523" lon="-81.519185">
<ele>280</ele>
<time>2026-07-21T08:10:58Z</time></trkpt>
<trkpt lat="41.126609" lon="-81.519116">
<ele>281</ele>
<time>2026-07-21T08:11:02Z</time></trkpt>
<trkpt lat="41.126676" lon="-81.519091">
<ele>281</ele>
<time>2026-07-21T08:11:05Z</time></trkpt>
<trkpt lat="41.127719" lon="-81.519081">
<ele>289</ele>
<time>2026-07-21T08:11:50Z</time></trkpt>
<trkpt lat="41.128745" lon="-81.518884">
<ele>295</ele>
<time>2026-07-21T08:12:35Z</time></trkpt>
<trkpt lat="41.128745" lon="-81.518884">
<ele>295</ele>
<time>2026-07-21T08:12:35Z</time></trkpt>
<trkpt lat="41.12888" lon="-81.518871">
<ele>295</ele>
<time>2026-07-21T08:12:40Z</time></trkpt>
<trkpt lat="41.129166" lon="-81.518926">
<ele>295</ele>
<time>2026-07-21T08:12:53Z</time></trkpt>
<trkpt lat="41.129413" lon="-81.519071">
<ele>294</ele>
<time>2026-07-21T08:13:04Z</time></trkpt>
<trkpt lat="41.129635" lon="-81.519239">
<ele>294</ele>
<time>2026-07-21T08:13:15Z</time></trkpt>
<trkpt lat="41.129632" lon="-81.519244">
<ele>294</ele>
<time>2026-07-21T08:13:16Z</time></trkpt>
<trkpt lat="41.129632" lon="-81.519244">
<ele>294</ele>
<time>2026-07-21T08:13:16Z</time></trkpt>
<trkpt lat="41.129635" lon="-81.519239">
<ele>294</ele>
<time>2026-07-21T08:13:16Z</time></trkpt>
<trkpt lat="41.129652" lon="-81.519154">
<ele>294</ele>
<time>2026-07-21T08:13:19Z</time></trkpt>
<trkpt lat="41.129674" lon="-81.519133">
<ele>294</ele>
<time>2026-07-21T08:13:20Z</time></trkpt>
<trkpt lat="41.129794" lon="-81.518913">
<ele>296</ele>
<time>2026-07-21T08:13:28Z</time></trkpt>
<trkpt lat="41.129849" lon="-81.518809">
<ele>297</ele>
<time>2026-07-21T08:13:33Z</time></trkpt>
<trkpt lat="41.129984" lon="-81.518518">
<ele>298</ele>
<time>2026-07-21T08:13:44Z</time></trkpt>
<trkpt lat="41.130194" lon="-81.518062">
<ele>301</ele>
<time>2026-07-21T08:13:57Z</time></trkpt>
<trkpt lat="41.130358" lon="-81.517587">
<ele>300</ele>
<time>2026-07-21T08:14:08Z</time></trkpt>
<trkpt lat="41.130399" lon="-81.517583">
<ele>300</ele>
<time>2026-07-21T08:14:09Z</time></trkpt>
<trkpt lat="41.130784" lon="-81.516323">
<ele>292</ele>
<time>2026-07-21T08:14:40Z</time></trkpt>
<trkpt lat="41.130784" lon="-81.516323">
<ele>292</ele>
<time>2026-07-21T08:14:40Z</time></trkpt>
<trkpt lat="41.130877" lon="-81.516047">
<ele>292</ele>
<time>2026-07-21T08:14:47Z</time></trkpt>
<trkpt lat="41.13102" lon="-81.515728">
<ele>291</ele>
<time>2026-07-21T08:14:55Z</time></trkpt>
<trkpt lat="41.130975" lon="-81.515718">
<ele>290</ele>
<time>2026-07-21T08:14:56Z</time></trkpt>
<trkpt lat="41.130944" lon="-81.515713">
<ele>290</ele>
<time>2026-07-21T08:14:57Z</time></trkpt>
<trkpt lat="41.13085" lon="-81.515812">
<ele>291</ele>
<time>2026-07-21T08:15:01Z</time></trkpt>
<trkpt lat="41.130527" lon="-81.516439">
<ele>286</ele>
<time>2026-07-21T08:15:18Z</time></trkpt>
<trkpt lat="41.130469" lon="-81.516508">
<ele>285</ele>
<time>2026-07-21T08:15:20Z</time></trkpt>
<trkpt lat="41.130389" lon="-81.516556">
<ele>284</ele>
<time>2026-07-21T08:15:22Z</time></trkpt>
<trkpt lat="41.130229" lon="-81.516619">
<ele>281</ele>
<time>2026-07-21T08:15:27Z</time></trkpt>
<trkpt lat="41.130229" lon="-81.516619">
<ele>281</ele>
<time>2026-07-21T08:15:27Z</time></trkpt>
<trkpt lat="41.130153" lon="-81.516649">
<ele>280</ele>
<time>2026-07-21T08:15:29Z</time></trkpt>
<trkpt lat="41.130078" lon="-81.516722">
<ele>279</ele>
<time>2026-07-21T08:15:32Z</time></trkpt>
<trkpt lat="41.129992" lon="-81.516865">
<ele>278</ele>
<time>2026-07-21T08:15:36Z</time></trkpt>
<trkpt lat="41.129925" lon="-81.516943">
<ele>277</ele>
<time>2026-07-21T08:15:38Z</time></trkpt>
<trkpt lat="41.129825" lon="-81.517022">
<ele>277</ele>
<time>2026-07-21T08:15:41Z</time></trkpt>
<trkpt lat="41.129734" lon="-81.517035">
<ele>275</ele>
<time>2026-07-21T08:15:44Z</time></trkpt>
<trkpt lat="41.129639" lon="-81.517009">
<ele>273</ele>
<time>2026-07-21T08:15:47Z</time></trkpt>
<trkpt lat="41.129454" lon="-81.516817">
<ele>272</ele>
<time>2026-07-21T08:15:53Z</time></trkpt>
<trkpt lat="41.129401" lon="-81.51679">
<ele>273</ele>
<time>2026-07-21T08:15:55Z</time></trkpt>
<trkpt lat="41.129358" lon="-81.516795">
<ele>274</ele>
<time>2026-07-21T08:15:56Z</time></trkpt>
<trkpt lat="41.128865" lon="-81.516921">
<ele>276</ele>
<time>2026-07-21T08:16:10Z</time></trkpt>
<trkpt lat="41.128809" lon="-81.516926">
<ele>276</ele>
<time>2026-07-21T08:16:12Z</time></trkpt>
<trkpt lat="41.128809" lon="-81.516926">
<ele>276</ele>
<time>2026-07-21T08:16:12Z</time></trkpt>
<trkpt lat="41.128697" lon="-81.516936">
<ele>275</ele>
<time>2026-07-21T08:16:15Z</time></trkpt>
<trkpt lat="41.128502" lon="-81.517051">
<ele>273</ele>
<time>2026-07-21T08:16:21Z</time></trkpt>
<trkpt lat="41.128409" lon="-81.517133">
<ele>272</ele>
<time>2026-07-21T08:16:24Z</time></trkpt>
<trkpt lat="41.12818" lon="-81.517429">
<ele>268</ele>
<time>2026-07-21T08:16:33Z</time></trkpt>
<trkpt lat="41.128116" lon="-81.517473">
<ele>267</ele>
<time>2026-07-21T08:16:35Z</time></trkpt>
<trkpt lat="41.127923" lon="-81.517451">
<ele>267</ele>
<time>2026-07-21T08:16:41Z</time></trkpt>
<trkpt lat="41.127877" lon="-81.517444">
<ele>266</ele>
<time>2026-07-21T08:16:43Z</time></trkpt>
<trkpt lat="41.127659" lon="-81.517378">
<ele>267</ele>
<time>2026-07-21T08:16:52Z</time></trkpt>
<trkpt lat="41.127659" lon="-81.517378">
<ele>267</ele>
<time>2026-07-21T08:16:52Z</time></trkpt>
<trkpt lat="41.127529" lon="-81.517339">
<ele>268</ele>
<time>2026-07-21T08:16:57Z</time></trkpt>
<trkpt lat="41.127443" lon="-81.517341">
<ele>268</ele>
<time>2026-07-21T08:17:00Z</time></trkpt>
<trkpt lat="41.12712" lon="-81.517598">
<ele>264</ele>
<time>2026-07-21T08:17:15Z</time></trkpt>
<trkpt lat="41.127043" lon="-81.51761">
<ele>263</ele>
<time>2026-07-21T08:17:18Z</time></trkpt>
<trkpt lat="41.126847" lon="-81.517567">
<ele>262</ele>
<time>2026-07-21T08:17:26Z</time></trkpt>
<trkpt lat="41.126577" lon="-81.51743">
<ele>262</ele>
<time>2026-07-21T08:17:37Z</time></trkpt>
<trkpt lat="41.126558" lon="-81.51742">
<ele>262</ele>
<time>2026-07-21T08:17:38Z</time></trkpt>
<trkpt lat="41.1265606" lon="-81.5174121">
<ele>263</ele>
<time>2026-07-21T08:17:38Z</time></trkpt>
<trkpt lat="41.1264474" lon="-81.5173531">
<ele>263</ele>
<time>2026-07-21T08:17:43Z</time></trkpt>
<trkpt lat="41.1262959" lon="-81.5171733">
<ele>264</ele>
<time>2026-07-21T08:17:51Z</time></trkpt>
<trkpt lat="41.1262353" lon="-81.5169856">
<ele>266</ele>
<time>2026-07-21T08:17:57Z</time></trkpt>
<trkpt lat="41.1261524" lon="-81.5164679">
<ele>272</ele>
<time>2026-07-21T08:18:12Z</time></trkpt>
<trkpt lat="41.126117" lon="-81.516194">
<ele>273</ele>
<time>2026-07-21T08:18:20Z</time></trkpt>
<trkpt lat="41.12612" lon="-81.516177">
<ele>273</ele>
<time>2026-07-21T08:18:21Z</time></trkpt>
<trkpt lat="41.126144" lon="-81.515747">
<ele>274</ele>
<time>2026-07-21T08:18:34Z</time></trkpt>
<trkpt lat="41.126108" lon="-81.515603">
<ele>274</ele>
<time>2026-07-21T08:18:39Z</time></trkpt>
<trkpt lat="41.125346" lon="-81.513417">
<ele>290</ele>
<time>2026-07-21T08:20:10Z</time></trkpt>
<trkpt lat="41.125346" lon="-81.513417">
<ele>290</ele>
<time>2026-07-21T08:20:10Z</time></trkpt>
<trkpt lat="41.125252" lon="-81.513151">
<ele>291</ele>
<time>2026-07-21T08:20:21Z</time></trkpt>
<trkpt lat="41.125194" lon="-81.512923">
<ele>293</ele>
<time>2026-07-21T08:20:30Z</time></trkpt>
<trkpt lat="41.125191" lon="-81.512799">
<ele>294</ele>
<time>2026-07-21T08:20:35Z</time></trkpt>
<trkpt lat="41.125216" lon="-81.512642">
<ele>294</ele>
<time>2026-07-21T08:20:41Z</time></trkpt>
<trkpt lat="41.125283" lon="-81.512475">
<ele>294</ele>
<time>2026-07-21T08:20:48Z</time></trkpt>
<trkpt lat="41.125381" lon="-81.512315">
<ele>295</ele>
<time>2026-07-21T08:20:56Z</time></trkpt>
<trkpt lat="41.125523" lon="-81.512186">
<ele>295</ele>
<time>2026-07-21T08:21:04Z</time></trkpt>
<trkpt lat="41.125762" lon="-81.51205">
<ele>298</ele>
<time>2026-07-21T08:21:14Z</time></trkpt>
<trkpt lat="41.126202" lon="-81.511841">
<ele>302</ele>
<time>2026-07-21T08:21:33Z</time></trkpt>
<trkpt lat="41.126178" lon="-81.51155">
<ele>302</ele>
<time>2026-07-21T08:21:41Z</time></trkpt>
<trkpt lat="41.126284" lon="-81.510438">
<ele>304</ele>
<time>2026-07-21T08:22:15Z</time></trkpt>
<trkpt lat="41.126332" lon="-81.51019">
<ele>304</ele>
<time>2026-07-21T08:22:23Z</time></trkpt>
<trkpt lat="41.1264" lon="-81.510016">
<ele>304</ele>
<time>2026-07-21T08:22:28Z</time></trkpt>
<trkpt lat="41.126532" lon="-81.509759">
<ele>304</ele>
<time>2026-07-21T08:22:38Z</time></trkpt>
<trkpt lat="41.126543" lon="-81.509681">
<ele>304</ele>
<time>2026-07-21T08:22:40Z</time></trkpt>
<trkpt lat="41.126556" lon="-81.508797">
<ele>304</ele>
<time>2026-07-21T08:23:06Z</time></trkpt>
<trkpt lat="41.126556" lon="-81.508797">
<ele>304</ele>
<time>2026-07-21T08:23:06Z</time></trkpt>
<trkpt lat="41.126567" lon="-81.508382">
<ele>305</ele>
<time>2026-07-21T08:23:17Z</time></trkpt>
<trkpt lat="41.126644" lon="-81.50698">
<ele>307</ele>
<time>2026-07-21T08:23:56Z</time></trkpt>
<trkpt lat="41.126609" lon="-81.50698">
<ele>307</ele>
<time>2026-07-21T08:23:57Z</time></trkpt>
<trkpt lat="41.126609" lon="-81.50698">
<ele>307</ele>
<time>2026-07-21T08:23:57Z</time></trkpt>
<trkpt lat="41.125902" lon="-81.506974">
<ele>308</ele>
<time>2026-07-21T08:24:23Z</time></trkpt>
<trkpt lat="41.125902" lon="-81.506974">
<ele>308</ele>
<time>2026-07-21T08:24:23Z</time></trkpt>
<trkpt lat="41.125113" lon="-81.506968">
<ele>306</ele>
<time>2026-07-21T08:24:51Z</time></trkpt>
<trkpt lat="41.124999" lon="-81.50699">
<ele>306</ele>
<time>2026-07-21T08:24:55Z</time></trkpt>
<trkpt lat="41.124839" lon="-81.506666">
<ele>307</ele>
<time>2026-07-21T08:25:05Z</time></trkpt>
<trkpt lat="41.124783" lon="-81.506482">
<ele>306</ele>
<time>2026-07-21T08:25:10Z</time></trkpt>
<trkpt lat="41.124752" lon="-81.506235">
<ele>307</ele>
<time>2026-07-21T08:25:17Z</time></trkpt>
<trkpt lat="41.124751" lon="-81.505111">
<ele>307</ele>
<time>2026-07-21T08:25:46Z</time></trkpt>
<trkpt lat="41.124751" lon="-81.505111">
<ele>307</ele>
<time>2026-07-21T08:25:46Z</time></trkpt>
<trkpt lat="41.12475" lon="-81.504318">
<ele>307</ele>
<time>2026-07-21T08:26:06Z</time></trkpt>
<trkpt lat="41.124765" lon="-81.504014">
<ele>307</ele>
<time>2026-07-21T08:26:14Z</time></trkpt>
<trkpt lat="41.124815" lon="-81.503827">
<ele>307</ele>
<time>2026-07-21T08:26:19Z</time></trkpt>
<trkpt lat="41.12533" lon="-81.502709">
<ele>306</ele>
<time>2026-07-21T08:26:53Z</time></trkpt>
<trkpt lat="41.125461" lon="-81.502337">
<ele>306</ele>
<time>2026-07-21T08:27:04Z</time></trkpt>
<trkpt lat="41.125505" lon="-81.502151">
<ele>306</ele>
<time>2026-07-21T08:27:09Z</time></trkpt>
<trkpt lat="41.125539" lon="-81.501904">
<ele>306</ele>
<time>2026-07-21T08:27:16Z</time></trkpt>
<trkpt lat="41.125556" lon="-81.501533">
<ele>306</ele>
<time>2026-07-21T08:27:25Z</time></trkpt>
<trkpt lat="41.125522" lon="-81.501164">
<ele>307</ele>
<time>2026-07-21T08:27:35Z</time></trkpt>
<trkpt lat="41.12544" lon="-81.500794">
<ele>308</ele>
<time>2026-07-21T08:27:45Z</time></trkpt>
<trkpt lat="41.125028" lon="-81.49969">
<ele>309</ele>
<time>2026-07-21T08:28:17Z</time></trkpt>
<trkpt lat="41.125028" lon="-81.499581">
<ele>310</ele>
<time>2026-07-21T08:28:17Z</time></trkpt>
<trkpt lat="41.125028" lon="-81.499581">
<ele>310</ele>
<time>2026-07-21T08:28:17Z</time></trkpt>
<trkpt lat="41.125004" lon="-81.496927">
<ele>309</ele>
<time>2026-07-21T08:29:24Z</time></trkpt>
<trkpt lat="41.124552" lon="-81.496929">
<ele>309</ele>
<time>2026-07-21T08:29:39Z</time></trkpt>
<trkpt lat="41.12448" lon="-81.496883">
<ele>309</ele>
<time>2026-07-21T08:29:42Z</time></trkpt>
<trkpt lat="41.124441" lon="-81.496798">
<ele>309</ele>
<time>2026-07-21T08:29:44Z</time></trkpt>
<trkpt lat="41.124455" lon="-81.496337">
<ele>311</ele>
<time>2026-07-21T08:29:57Z</time></trkpt>
<trkpt lat="41.124465" lon="-81.495922">
<ele>314</ele>
<time>2026-07-21T08:30:09Z</time></trkpt>
<trkpt lat="41.124465" lon="-81.495922">
<ele>314</ele>
<time>2026-07-21T08:30:09Z</time></trkpt>
<trkpt lat="41.1244878" lon="-81.4951279">
<ele>316</ele>
<time>2026-07-21T08:30:34Z</time></trkpt>
<trkpt lat="41.124514" lon="-81.49422">
<ele>318</ele>
<time>2026-07-21T08:31:01Z</time></trkpt>
<trkpt lat="41.1244527" lon="-81.4942209">
<ele>318</ele>
<time>2026-07-21T08:31:04Z</time></trkpt>
<trkpt lat="41.124514" lon="-81.49422">
<ele>318</ele>
<time>2026-07-21T08:31:06Z</time></trkpt>
<trkpt lat="41.124565" lon="-81.49245">
<ele>319</ele>
<time>2026-07-21T08:31:58Z</time></trkpt>
<trkpt lat="41.124628" lon="-81.490751">
<ele>317</ele>
<time>2026-07-21T08:32:39Z</time></trkpt>
<trkpt lat="41.124641" lon="-81.489816">
<ele>315</ele>
<time>2026-07-21T08:33:02Z</time></trkpt>
<trkpt lat="41.1246494" lon="-81.4898143">
<ele>315</ele>
<time>2026-07-21T08:33:02Z</time></trkpt>
<trkpt lat="41.1247179" lon="-81.4898157">
<ele>315</ele>
<time>2026-07-21T08:33:05Z</time></trkpt>
<trkpt lat="41.126084" lon="-81.48981">
<ele>315</ele>
<time>2026-07-21T08:33:52Z</time></trkpt>
<trkpt lat="41.126084" lon="-81.48981">
<ele>315</ele>
<time>2026-07-21T08:33:52Z</time></trkpt>
<trkpt lat="41.1268757" lon="-81.4898043">
<ele>318</ele>
<time>2026-07-21T08:34:22Z</time></trkpt>
<trkpt lat="41.127603" lon="-81.489799">
<ele>320</ele>
<time>2026-07-21T08:34:49Z</time></trkpt>
<trkpt lat="41.127752" lon="-81.489721">
<ele>320</ele>
<time>2026-07-21T08:34:55Z</time></trkpt>
<trkpt lat="41.129109" lon="-81.48971">
<ele>320</ele>
<time>2026-07-21T08:35:40Z</time></trkpt>
<trkpt lat="41.129111" lon="-81.489394">
<ele>320</ele>
<time>2026-07-21T08:35:48Z</time></trkpt>
<trkpt lat="41.129114" lon="-81.48889">
<ele>319</ele>
<time>2026-07-21T08:36:00Z</time></trkpt>
<trkpt lat="41.1291" lon="-81.488741">
<ele>318</ele>
<time>2026-07-21T08:36:03Z</time></trkpt>
<trkpt lat="41.129043" lon="-81.488529">
<ele>317</ele>
<time>2026-07-21T08:36:08Z</time></trkpt>
<trkpt lat="41.128653" lon="-81.487567">
<ele>314</ele>
<time>2026-07-21T08:36:34Z</time></trkpt>
<trkpt lat="41.128348" lon="-81.486702">
<ele>309</ele>
<time>2026-07-21T08:36:57Z</time></trkpt>
<trkpt lat="41.128348" lon="-81.486702">
<ele>309</ele>
<time>2026-07-21T08:36:57Z</time></trkpt>
<trkpt lat="41.128315" lon="-81.486612">
<ele>309</ele>
<time>2026-07-21T08:36:59Z</time></trkpt>
<trkpt lat="41.128352" lon="-81.48659">
<ele>309</ele>
<time>2026-07-21T08:37:00Z</time></trkpt>
<trkpt lat="41.128352" lon="-81.48659">
<ele>309</ele>
<time>2026-07-21T08:37:00Z</time></trkpt>
<trkpt lat="41.128357" lon="-81.486586">
<ele>309</ele>
<time>2026-07-21T08:37:00Z</time></trkpt>
<trkpt lat="41.128389" lon="-81.486566">
<ele>309</ele>
<time>2026-07-21T08:37:02Z</time></trkpt>
<trkpt lat="41.128827" lon="-81.486293">
<ele>309</ele>
<time>2026-07-21T08:37:17Z</time></trkpt>
<trkpt lat="41.128827" lon="-81.486293">
<ele>309</ele>
<time>2026-07-21T08:37:17Z</time></trkpt>
<trkpt lat="41.129266" lon="-81.48602">
<ele>309</ele>
<time>2026-07-21T08:37:33Z</time></trkpt>
<trkpt lat="41.129378" lon="-81.485949">
<ele>308</ele>
<time>2026-07-21T08:37:36Z</time></trkpt>
<trkpt lat="41.129534" lon="-81.485846">
<ele>308</ele>
<time>2026-07-21T08:37:42Z</time></trkpt>
<trkpt lat="41.129659" lon="-81.485772">
<ele>308</ele>
<time>2026-07-21T08:37:46Z</time></trkpt>
<trkpt lat="41.129953" lon="-81.48559">
<ele>308</ele>
<time>2026-07-21T08:37:57Z</time></trkpt>
<trkpt lat="41.129966" lon="-81.485582">
<ele>308</ele>
<time>2026-07-21T08:37:57Z</time></trkpt>
<trkpt lat="41.130002" lon="-81.48556">
<ele>308</ele>
<time>2026-07-21T08:37:58Z</time></trkpt>
<trkpt lat="41.130031" lon="-81.485543">
<ele>308</ele>
<time>2026-07-21T08:37:59Z</time></trkpt>
<trkpt lat="41.130036" lon="-81.48554">
<ele>308</ele>
<time>2026-07-21T08:38:00Z</time></trkpt>
<trkpt lat="41.13021" lon="-81.485427">
<ele>308</ele>
<time>2026-07-21T08:38:06Z</time></trkpt>
<trkpt lat="41.13021" lon="-81.485426">
<ele>308</ele>
<time>2026-07-21T08:38:06Z</time></trkpt>
<trkpt lat="41.130273" lon="-81.485385">
<ele>308</ele>
<time>2026-07-21T08:38:08Z</time></trkpt>
<trkpt lat="41.130314" lon="-81.48536">
<ele>308</ele>
<time>2026-07-21T08:38:09Z</time></trkpt>
<trkpt lat="41.130499" lon="-81.485246">
<ele>307</ele>
<time>2026-07-21T08:38:16Z</time></trkpt>
<trkpt lat="41.130653" lon="-81.485165">
<ele>307</ele>
<time>2026-07-21T08:38:21Z</time></trkpt>
<trkpt lat="41.13068" lon="-81.48516">
<ele>307</ele>
<time>2026-07-21T08:38:22Z</time></trkpt>
<trkpt lat="41.130597" lon="-81.484441">
<ele>306</ele>
<time>2026-07-21T08:38:40Z</time></trkpt>
<trkpt lat="41.130597" lon="-81.484441">
<ele>306</ele>
<time>2026-07-21T08:38:40Z</time></trkpt>
<trkpt lat="41.13054" lon="-81.483957">
<ele>305</ele>
<time>2026-07-21T08:38:53Z</time></trkpt>
<trkpt lat="41.130533" lon="-81.483958">
<ele>305</ele>
<time>2026-07-21T08:38:53Z</time></trkpt>
<trkpt lat="41.130517" lon="-81.483849">
<ele>305</ele>
<time>2026-07-21T08:38:56Z</time></trkpt>
<trkpt lat="41.1305" lon="-81.483735">
<ele>305</ele>
<time>2026-07-21T08:38:59Z</time></trkpt>
<trkpt lat="41.130504" lon="-81.483734">
<ele>305</ele>
<time>2026-07-21T08:38:59Z</time></trkpt>
<trkpt lat="41.130504" lon="-81.483734">
<ele>305</ele>
<time>2026-07-21T08:38:59Z</time></trkpt>
<trkpt lat="41.130639" lon="-81.483709">
<ele>305</ele>
<time>2026-07-21T08:39:03Z</time></trkpt>
<trkpt lat="41.130902" lon="-81.483656">
<ele>305</ele>
<time>2026-07-21T08:39:12Z</time></trkpt>
<trkpt lat="41.1309909" lon="-81.4834291">
<ele>305</ele>
<time>2026-07-21T08:39:19Z</time></trkpt>
</trkseg>
</trk>
</gpx>